rating,date,content,content_len,content_preprocess,content_word_count,year,month,sentiment,bow_가다,bow_가볍다,bow_감동,bow_기분,bow_꾸다,bow_내용,bow_동화,bow_따뜻하다,bow_마음,bow_마지막,bow_많다,bow_백화점,bow_사람,bow_상상,bow_상상력,bow_생각,bow_소재,bow_술술,bow_시간,bow_신선하다,bow_어른,bow_이렇다,bow_읽히다,bow_작가,bow_잔잔하다,bow_재미있다,bow_재밌다,bow_좋다,bow_추천,bow_한국
5,2025-12-09,간결하고 군더더기 없는 문체에 독특한 세계관이 개인의 특색과 세심한 이야기를 묘사하고 있다. 마치 지브리의 어른용 만화영화를 한편 보는듯한 묘사들이 즐겁다. 깊이잇지만 가볍고 때론 유머러스한 오랜만에 유쾌하게 잘 만든 작품을 만난거 같다.,133,간결하다 군더더기 문체 독특하다 세계관 개인 특색 세심 묘사 마치 지브리 어르다 만화영화 한편 묘사 즐겁다 깊이 잇다 가볍다 때론 유머러스하다 유쾌하다 만들다 작품 만나다,31,2025,12,positive,0,1,0,0,0,0,0,0,0,0,0,0,0,0,0,0,0,0,0,0,0,0,0,0,0,0,0,0,0,0
3,2025-11-10,동화 같은 이야기. 잔잔한데 좀 심심하기도.,24,동화 잔잔하다 심심하다,6,2025,11,neutral,0,0,0,0,0,0,1,0,0,0,0,0,0,0,0,0,0,0,0,0,0,0,0,0,1,0,0,0,0,0
4,2025-10-17,나도 들어가고 싶음...ㅎㅎ 동화임 정말로,23,나다 들어가다 동화 임,5,2025,10,positive,0,0,0,0,0,0,1,0,0,0,0,0,0,0,0,0,0,0,0,0,0,0,0,0,0,0,0,0,0,0
5,2025-02-20,"스트레스 받는 일상을 잠시 내려놓고, 잔잔하게 흘러가는 상상 속 동화 같은 이야기.",46,스트레스 받다 일상 잠시 내려놓다 잔잔하다 흘러가다 상상 속 동화,12,2025,2,positive,0,0,0,0,0,0,1,0,0,0,0,0,0,1,0,0,0,0,0,0,0,0,0,0,1,0,0,0,0,0
3,2025-01-28,술술 읽히는 책입니다. 많은 울림을 준다거나 배울 점이 있다거나 한 책은 아니지만 분명 생각해볼 지점들이 있었고 잔잔하게 동화 읽는 느낌으로 읽어나가기 좋습니다. 1권 이기는 속편 없다는 말처럼 이 책도 2부보다는 1부가 더 좋았습니다. 세계관을 좀 더 풀려는 시도는 좋았으나 각각의 스토리마다 너무 직접적으로 교훈을 주려는 느낌이라 정작 전체적인 흐름은 자연스럽지 않게 끊어진 채로 진행되는 느낌이었어요.,227,술술 읽히다 많다 울림 주다 배우다 분명 생각 해보다 지점 잔잔하다 동화 나가다 좋다 1 권 이기다 속편 말 2 부 1 부가 좋다 세계관 풀다 시도 좋다 각각 스토리 직접 교훈 주다 정작 전체 흐름 자연 끊어지다 채 진행,55,2025,1,neutral,0,0,0,0,0,0,1,0,0,0,1,0,0,0,0,1,0,1,0,0,0,0,1,0,1,0,0,3,0,0
5,2025-01-25,실제로 존재할 것같은 이야기! 감사합니다 💝,24,실제 존재 감사하다,6,2025,1,positive,0,0,0,0,0,0,0,0,0,0,0,0,0,0,0,0,0,0,0,0,0,0,0,0,0,0,0,0,0,0
1,2025-01-22,범죄도시3 4가 관객을 동원하는 이유. 이책의 별점이 4점이 넘어가는 이유. 다 같은 이유인 것이다. 시대는 회귀한다.,66,범죄 도시 3 4 가다 관객 동원 이유 4 넘어가다 이유 이유 시대 회귀,16,2025,1,negative,1,0,0,0,0,0,0,0,0,0,0,0,0,0,0,0,0,0,0,0,0,0,0,0,0,0,0,0,0,0
5,2025-01-05,꿈꾸는 듯한 느낌. 꿈을 꾸고 싶은 날 생각날 것 같다ㅎㅎ아이들에게 들려주고싶은 이야기,48,꿈꾸다 듯 꿈 꾸다 날 생각나다 아이 들려주다,12,2025,1,positive,0,0,0,0,1,0,0,0,0,0,0,0,0,0,0,0,0,0,0,0,0,0,0,0,0,0,0,0,0,0
5,2024-11-29,달러구트 꿈 백화점은 이전부터 유명해서 읽어보려고 했었습니다. 꿈에 대한 다양한 이야기들이 나와서 재미있었습니다. 그리고 주인공 페니의 이야기가 흥미로워서 페이지가 잘 넘어갔습니다.,101,달러 구트 꿈 백화점 이전 유명하다 꿈 대한 다양하다 재미있다 주인공 페니 흥미롭다 페이지 넘어가다,21,2024,11,positive,0,0,0,0,0,0,0,0,0,0,0,1,0,0,0,0,0,0,0,0,0,0,0,0,0,1,0,0,0,0
5,2024-11-23,추천받고 읽고 있는데 초반은 재미없다가도 본격 에피 들어가니 빠져드네요 유치하다 느낄 수도 있겠지만 제 입장에선 책읽는 동안이나마 아이의 순수한 상상력 속으로 들어간 것 같고 좋았습니다 어렵지 않은 이야기들이라 가볍게 읽기 좋은것같아요,131,추천 받다 초반 재미없다 본격 에피 들어가다 빠지다 드 유치하다 수도 제 입장 동안 아이 순수하다 상상력 속 들어가다 좋다 어렵다 가볍다 좋다,31,2024,11,positive,0,1,0,0,0,0,0,0,0,0,0,0,0,0,1,0,0,0,0,0,0,0,0,0,0,0,0,2,1,0
5,2024-11-11,인기있는책에는 이유가 있다. 꿈에대한 재미있는 상상. 그리고 완벽한 에필로그,42,인기 이유 꿈 대한 재미있다 상상 완벽하다 에필로그,9,2024,11,positive,0,0,0,0,0,0,0,0,0,0,0,0,0,1,0,0,0,0,0,0,0,0,0,0,0,1,0,0,0,0
5,2024-08-29,"익숙하면서도 때론 진부한 소재인 꿈을 가지고 훌륭하게 내 상상력을 자극한 책. 문학적으론 어떨지 몰라도 솜씨 좋게 개개인의 동심을 이끌어내는데 성공했다고 본다. 30대가 되어서야 독서에 취미를 붙인 사람으로서, 이런 책을 내가 청소년이었을 때 읽어봤다면 책을 담쌓지 않았을 텐데.  왜 그땐 그리 책을 멀리했을까.",175,익숙하다 때론 진부하다 소재 꿈 가지 훌륭하다 내 상상력 자극 문학 어떻다 모르다 솜씨 좋다 개개인 동심 이끌다 성공하다 30 대가 되어다 독서 취미 붙이다 사람 이렇다 내 청소년 때 담 쌓다 왜 그땐 그리다 멀리,42,2024,8,positive,0,0,0,0,0,0,0,0,0,0,0,0,1,0,1,0,1,0,0,0,0,1,0,0,0,0,0,1,0,0
5,2024-08-13,몰입감이 좋았고 마지막엔 감동과 슬픔도 느꼈던 재미있는 소설,33,몰입 감 좋다 마지막 감동 슬픔 재미있다,8,2024,8,positive,0,0,1,0,0,0,0,0,0,1,0,0,0,0,0,0,0,0,0,0,0,0,0,0,0,1,0,1,0,0
5,2024-06-05,디즈니 애니메이션 한편을 본 듯하고 어쩌면 그 이상입니다. 꼭 애니메이션이나 영화로 제작되었으면 좋겠습니다!  달러구트의 꿈 백화점이 오늘 밤 내 꿈에 나왔으면 좋겠어요 ㅎㅎ,97,디즈니 애니메이션 한편 듯 어쩌면 이상 꼭 애니메이션 영화로 제작 되어다 좋다 달러 구트 꿈 백화점 오늘 밤 내 꿈 좋다,23,2024,6,positive,0,0,0,0,0,0,0,0,0,0,0,1,0,0,0,0,0,0,0,0,0,0,0,0,0,0,0,2,0,0
4,2024-03-06,요즘 너무 꾸고싶은꿈을 꿈백화점에서 사고싶네여,25,요즘 꾸다 꿈 꿈 백화점 사고,5,2024,3,positive,0,0,0,0,1,0,0,0,0,0,0,1,0,0,0,0,0,0,0,0,0,0,0,0,0,0,0,0,0,0
5,2024-03-04,환상동화. 간만에 흐뭇한 소설이었습니다. 2편 보러 가야지!,33,환상 동화 간만 흐뭇하다 2 편 가야,7,2024,3,positive,0,0,0,0,0,0,1,0,0,0,0,0,0,0,0,0,0,0,0,0,0,0,0,0,0,0,0,0,0,0
5,2024-02-01,달러구트의 꿈백화점을 읽으면서 저도 어렸을때 부모님과함께한 추억이 떠올랐습니다. 꿈속에서 다시한번 따뜻한 느낌을 받은것 같습니다. 잘 읽었습니다.,81,달러 구트 꿈 백화점 어리다 때 부모님 추억 떠오르다 꿈속 다시 한번 따뜻하다 받다,16,2024,2,positive,0,0,0,0,0,0,0,1,0,0,0,1,0,0,0,0,0,0,0,0,0,0,0,0,0,0,0,0,0,0
5,2024-01-06,"가볍게 읽기 좋은, 꿈처럼 쉼표같은 책",21,가볍다 좋다 꿈 쉼표,6,2024,1,positive,0,1,0,0,0,0,0,0,0,0,0,0,0,0,0,0,0,0,0,0,0,0,0,0,0,0,0,1,0,0
5,2023-12-04,너무 재미있게 잘 봤어요.,14,재미있다,4,2023,12,positive,0,0,0,0,0,0,0,0,0,0,0,0,0,0,0,0,0,0,0,0,0,0,0,0,0,1,0,0,0,0
5,2023-08-26,소소하고 여유있게 잘 읽힌것 같습니다,20,소소하다 여유 읽히다,5,2023,8,positive,0,0,0,0,0,0,0,0,0,0,0,0,0,0,0,0,0,0,0,0,0,0,1,0,0,0,0,0,0,0
5,2023-07-22,가볍게 보기에 충분했어요,13,가볍다 보기 충분하다,3,2023,7,positive,0,1,0,0,0,0,0,0,0,0,0,0,0,0,0,0,0,0,0,0,0,0,0,0,0,0,0,0,0,0
5,2023-06-08,재미있게 봤습니다. 킬링타임용으로 그만입니다. 머리가 무겁고 가볍게 읽을거리를 찾는 분들에게 적당한 책입니다. 꿈이라는 공간에 관심이 많은 저로서는 이야기흐름보다는 설정과 공간이 마음에 들었습니다. 마치 아이들 디즈니만화 소피아공주의 마을과 그안에서 크리스마스인 바사일리아를 연상케하는 에피는 예전의 시끌시끌하던 크리스마스 연말연시를 떠올리게 하여 너무 좋았습니다.,204,재미있다 킬링타임 용 머리 무겁다 가볍다 거리 찾다 분 적당하다 꿈 공간 관심 많다 로서 흐름 설정 공간 마음 마치 아이 디즈니 만화 소피아 주의 마을 안 크리스마스 바사 리아 연상 케 에피 예전 시끌시끌하다 크리스마스 연말 시 떠올리다 좋다,40,2023,6,positive,0,1,0,0,0,0,0,0,1,0,1,0,0,0,0,0,0,0,0,0,0,0,0,0,0,1,0,1,0,0
1,2023-06-04,이 책이 어떻게 이런 평점을 가질 수 있는지 의문이드네요. 스토리 라인이라는 것도 없고 그냥 꿈 이라는 소재에 살만 붙여서 아무런 재미가 없습니다. 그냥 말 그대로 무 재미 입니다. 재미라는게 존재하지 않아요.,117,어떻다 이렇다 평점 가지다 의문 이드 스토리 라인 그냥 꿈 소재 살 붙이다 아무렇다 재미 그냥 말 그대로 무 재미 재미 게 존재,31,2023,6,negative,0,0,0,0,0,0,0,0,0,0,0,0,0,0,0,0,1,0,0,0,0,1,0,0,0,0,0,0,0,0
5,2023-04-18,"이 책을 사기 전 리뷰를 봤는데, 어린이용 판타지 소설 같다는 리뷰를 보고 잠깐 고민했습니다. 하지만 책을 많이 읽지 못한 회사원이 판타지를 꿈꾸기에는 너무나도 완벽한 책이었어요. 공감가는 구절도 많고, 감동을 받거나, 깨달음을 얻기도 했습니다. 근래 읽은 책 중 가장 최고의 책이었어요. 잘 읽었습니다 :)",172,사기 전 리뷰 어린이 용 판타지 리뷰 보고 잠깐 고민 못 회사원 판타지 꿈꾸다 완벽하다 공감 가다 구절 많다 감동 받다 깨달음 얻다 근래 중 가장 최고,43,2023,4,positive,1,0,1,0,0,0,0,0,0,0,1,0,0,0,0,0,0,0,0,0,0,0,0,0,0,0,0,0,0,0
4,2023-04-17,소재는 신선한데 전개가 조금 아쉬운듯,20,소재 신선하다 전개 조금 아쉽다,5,2023,4,positive,0,0,0,0,0,0,0,0,0,0,0,0,0,0,0,0,1,0,0,1,0,0,0,0,0,0,0,0,0,0
4,2023-01-19,신선한 소재이긴하지만 솔직하게 이것저것섞인 느낌이라 아쉬웠어요,34,신선하다 소재 이기다 솔직하다 섞이다 아쉽다,6,2023,1,positive,0,0,0,0,0,0,0,0,0,0,0,0,0,0,0,0,1,0,0,1,0,0,0,0,0,0,0,0,0,0
5,2023-01-14,글을 읽으면서 상상의 나래를 펼치게 되는 그런 책이었다. 오랜만에 읽은 너무 재미있는 책이어서 2편이 기대가 된다.,64,글 상상 나래 펼치다 그렇다 재미있다 2 편이 기대,16,2023,1,positive,0,0,0,0,0,0,0,0,0,0,0,0,0,1,0,0,0,0,0,0,0,0,0,0,0,1,0,0,0,0
3,2023-01-05,호텔 델루나 같은 느낌. 꿈이라는 소재가 신박했음. 에피소들에 양념을 더하면 드라마나 영화로 제작될 수 있을 것 같다.,66,호텔 델루 꿈 소재 신 박하다 에피 소 양념 더하다 드라마 영화로 제작,17,2023,1,neutral,0,0,0,0,0,0,0,0,0,0,0,0,0,0,0,0,1,0,0,0,0,0,0,0,0,0,0,0,0,0
4,2022-11-17,꿈이라는 소재로 재미있게 이야기를 들려줍니다. 신선하고 재미있었습니다,38,꿈 소재 재미있다 들려주다 신선하다 재미있다,7,2022,11,positive,0,0,0,0,0,0,0,0,0,0,0,0,0,0,0,0,1,0,0,1,0,0,0,0,0,2,0,0,0,0
5,2022-11-16,잼있어여!! :) 작가님의 다른 책들이 기대되여,26,재다 작가 다른 기대다 여,6,2022,11,positive,0,0,0,0,0,0,0,0,0,0,0,0,0,0,0,0,0,0,0,0,0,0,0,1,0,0,0,0,0,0
5,2022-10-28,재밌어용!! 순식간에 다 읽었네여,18,재밌다 순식간 여,4,2022,10,positive,0,0,0,0,0,0,0,0,0,0,0,0,0,0,0,0,0,0,0,0,0,0,0,0,0,0,1,0,0,0
5,2022-10-23,재미있게 읽었음 2권 기대됨,15,재미있다 2 권 기대,4,2022,10,positive,0,0,0,0,0,0,0,0,0,0,0,0,0,0,0,0,0,0,0,0,0,0,0,0,0,1,0,0,0,0
5,2022-09-28,재밌고 상상속의 귀여운 이야기들 술술 읽혀요,24,재밌다 상상 속 귀엽다 술술 읽히다,6,2022,9,positive,0,0,0,0,0,0,0,0,0,0,0,0,0,1,0,0,0,1,0,0,0,0,1,0,0,0,1,0,0,0
5,2022-09-16,진짜 오랜만에 여운남고 편안한 소설을 읽었네요,25,진짜 운남고 편안하다,6,2022,9,positive,0,0,0,0,0,0,0,0,0,0,0,0,0,0,0,0,0,0,0,0,0,0,0,0,0,0,0,0,0,0
5,2022-08-31,오랜만에 술술 읽히는 책이었어요.,18,술술 읽히다,4,2022,8,positive,0,0,0,0,0,0,0,0,0,0,0,0,0,0,0,0,0,1,0,0,0,0,1,0,0,0,0,0,0,0
5,2022-08-26,이 책을 봄과 동시에 내 마음속에 작은 봄이 왔다.,28,봄 동시 내 마음속 작다 봄 오다,9,2022,8,positive,0,0,0,0,0,0,0,0,0,0,0,0,0,0,0,0,0,0,0,0,0,0,0,0,0,0,0,0,0,0
5,2022-08-12,해리포터 이후 가장 상상력을 자극한 이야기,23,해리포터 이후 가장 상상력 자극,6,2022,8,positive,0,0,0,0,0,0,0,0,0,0,0,0,0,0,1,0,0,0,0,0,0,0,0,0,0,0,0,0,0,0
4,2022-08-05,여운이 남는 스토리,10,여운 남다 스토리,3,2022,8,positive,0,0,0,0,0,0,0,0,0,0,0,0,0,0,0,0,0,0,0,0,0,0,0,0,0,0,0,0,0,0
5,2022-07-27,정말 울고 웃고 여운이 남을 수 밖에없다. 기분 좋은 꿈을 꾼듯한 -,38,울 웃다 여운 남 밖 기분 좋다 꿈 꾸다,12,2022,7,positive,0,0,0,1,1,0,0,0,0,0,0,0,0,0,0,0,0,0,0,0,0,0,0,0,0,0,0,1,0,0
5,2022-07-14,여운이 남는 짤막한 이야기들이 많네요,20,여운 남다 짤막하다 많다,5,2022,7,positive,0,0,0,0,0,0,0,0,0,0,1,0,0,0,0,0,0,0,0,0,0,0,0,0,0,0,0,0,0,0
5,2022-07-06,최고에요 꿈을 자주 꾸는 편이고 깨고나서도 남아있는 여운에 슬플때가 많은데 이 소설 덕분에 울고 웃고 다했어요 뭔가 위로가 되네요,72,최고 꿈 자주 꾸다 편이 깨다 남다 여운 슬프다 때 많다 덕분 울 웃다 뭔가 위로,19,2022,7,positive,0,0,0,0,1,0,0,0,0,0,1,0,0,0,0,0,0,0,0,0,0,0,0,0,0,0,0,0,0,0
5,2022-07-04,어느새 어른이 된 내가 이 책을 읽는 동안 동화책 한권을 선물받은 어린아이가 된 기분이 든다.,52,어느새다 어른 내 동안 동화책 권 선물 받다 어리다 기분,15,2022,7,positive,0,0,0,1,0,0,0,0,0,0,0,0,0,0,0,0,0,0,0,0,1,0,0,0,0,0,0,0,0,0
5,2022-06-30,진짜 재밋다... 도서관 예약 기다리다가 꽉차서 결국 구매해서 본건데 후회없음,43,진짜 재밋다 도서관 예약 기다리다 꽉차다 구매 후회,10,2022,6,positive,0,0,0,0,0,0,0,0,0,0,0,0,0,0,0,0,0,0,0,0,0,0,0,0,0,0,0,0,0,0
5,2022-06-30,할머니랑 추억이 없는데도 울었네..,19,할머니 추억 울다,4,2022,6,positive,0,0,0,0,0,0,0,0,0,0,0,0,0,0,0,0,0,0,0,0,0,0,0,0,0,0,0,0,0,0
5,2022-06-15,친구 추천으로 읽게 됐는데 넘 재밌네요 동화같기도 하고 흔히 특별하게 느끼는 꿈들을 소재로 이야기를 보니까 진짜 이런 거였음 좋겠다는 생각도 들어요,82,친구 추천 돼다 넘다 재밌다 동화 흔하다 특별하다 꿈 소재 보 진짜 이렇다 거 좋다 생각,21,2022,6,positive,0,0,0,0,0,0,1,0,0,0,0,0,0,0,0,1,1,0,0,0,0,1,0,0,0,0,1,1,1,0
5,2022-06-12,뽐내지 않고 읽는 사람을 편하게 해주는 문체로 꿈같은 이야기를 현실적으로 풀어낸다. 과하지 않게 내 삶을 찬찬히 들여다 볼 수 있게 해준 좋은 책,81,뽐내다 사람 편하다 해주다 문체 꿈 현실 풀다 내다 과 내 삶 찬찬하다 들이다 볼 해주다 좋다,23,2022,6,positive,0,0,0,0,0,0,0,0,0,0,0,0,1,0,0,0,0,0,0,0,0,0,0,0,0,0,0,1,0,0
5,2022-06-09,너무너무 재밌는 책이였어요!!,16,재밌다,3,2022,6,positive,0,0,0,0,0,0,0,0,0,0,0,0,0,0,0,0,0,0,0,0,0,0,0,0,0,0,1,0,0,0
4,2022-05-30,그냥 꿈이 아닌 바쁜 현대인들의 삶을 돌아볼 수 있는 여유를 주는거 같아요 잘 읽었습니다,49,그냥 꿈 바쁘다 현대인 삶 돌아보다 여유 주다,14,2022,5,positive,0,0,0,0,0,0,0,0,0,0,0,0,0,0,0,0,0,0,0,0,0,0,0,0,0,0,0,0,0,0
5,2022-05-25,누구나 읽기 쉬운책이에요.,14,누구 쉽다,3,2022,5,positive,0,0,0,0,0,0,0,0,0,0,0,0,0,0,0,0,0,0,0,0,0,0,0,0,0,0,0,0,0,0
4,2022-05-04,꿈을 판다는 아이디어가 참 좋네요. 한 수 배우고 갑니다.,32,꿈 판다 아이디어 차다 좋다 배우다 가다,9,2022,5,positive,1,0,0,0,0,0,0,0,0,0,0,0,0,0,0,0,0,0,0,0,0,0,0,0,0,0,0,1,0,0
4,2022-05-03,책읽기가 어려운 저에게도 쉽게읽히고 잘 집중이되는 책이었습니다 큰 여운이 있는 책은 아니지만 읽고나서 좀 더 순수해지는 느낌이 들어서 기분 좋은 책 인것 같습니다,90,어렵다 쉬다 읽히다 집중 크다 여운 순수하다 들어서다 기분 좋다,23,2022,5,positive,0,0,0,1,0,0,0,0,0,0,0,0,0,0,0,0,0,0,0,0,0,0,1,0,0,0,0,1,0,0
5,2022-05-01,"1권이 막 이북으로 출간됐을 때 제목만 보고 홀린듯이 구입해서 읽었습니다. 원체 이런 소재와 분위기, 문체를 좋아해서 즐겁게 읽은 거랑 별개로 1권을 딱 봤을 때는 이야기에 중심이 되는 커다란 주제가 없고, 그래서 마무리도 좀 흐물거리는? 느낌을 받았었는데요. 2권을 보고 나니, 1권의 이야기들은 2권을 위한 긴 프롤로그 같은 느낌을 받았습니다. 2권이 너무너무 좋아서 1권을 다시 봤는데, 1권을 읽을 당시에 그냥 작품의 분위기 조성을 위한 설명처럼 읽고 지나쳤던 인물들의 관계성, 짤막한 관계성과 에피소드 설명 같은 부분들이 다시 눈에 들어오더라고요. 1권에서 애매했던 부분이 2권에서 많이 풀려서, 1권만 읽었을 때와 2권을 읽은 후 1권을 다시 읽었을 때 감상이 굉장히 많이 달라집니다. 저는 그랬어요. 혹시 1권만 읽었을 때 재미는 있고 흐름도 취향에 맞긴 한데 이게 그래서 대체 뭘 위한 내용이지...? 싶은 느낌을 받으셨던 분들은 2권도 읽어주셨으면 좋겠어요! 1권의 무수한 떡밥이 2권에서 매듭지어져서...  인생작 중 하나에 들어갔습니다ㅠ 3권도 떡밥이 나온 것 같은데, 나왔으면 좋겠습니다!",565,1 권 막 이북 추다 간 돼다 때 제목 보고 홀린 듯이 구입 이렇다 소재 분위기 문체 좋아하다 즐겁다 거 별개 1 권 때 중심 커다랗다 주제가 마무리 흐물거리 받다 2 권 보고 나니 1 권 2 권 위 기다 프롤로그 받다 2 권 좋다 1 권 다시 1 권 당시 그냥 작품 분위기 조성 위 설명 지나치다 인물 관계성 짤막하다 관계성 에피소드 설명 다시 눈 들어오다 1 권 애매하다 2 권 풀다 1 권 때 2 권 후 1 권 다시 때 감상 굉장하다 달라지다 그렇다 혹시 1 권 때 재미 흐름 취향 맞다 대체 뭘 위 내용 받다 분 2 권 좋다 1 권 무수 떡밥 2 권 매듭 지다 인생 작 중 하나 들어가다 3 권 떡밥 좋다,137,2022,5,positive,0,0,0,0,0,1,0,0,0,0,0,0,0,0,0,0,1,0,0,0,0,1,0,0,0,0,0,3,0,0
2,2022-04-29,기대가 너무 컸던 모양이지요. 꿈을 판다는 백화점은 참신한 아이디어임에 틀림없으나 내용의 전개가 그저 그런 판타지 소설같아서 끝까지 다 읽기가 힘이 부쳤습니다. 중간 중간 내용이 늘어져 지루한 부분도 많았고요. 가볍게 읽기에는 좋았던 책이었던 것 같아요. 추천하지는 않습니다.,154,기대 크다 이지 꿈 판다 백화점 참신하다 아이디어 임 틀림없다 내용 전개 그렇다 판타지 끝 힘 부치다 중간 중간 내용 늘어지다 지루하다 많다 가볍다 좋다 추천,36,2022,4,negative,0,1,0,0,0,2,0,0,0,0,1,1,0,0,0,0,0,0,0,0,0,0,0,0,0,0,0,1,1,0
1,2022-04-27,중반까지 봤는데 기대보다는 별로입니다. 옴니버스식 단편 읽는 느낌인데 일본만화나 서양 드라마에서 종종 보이는 신기하면서 감동과 할링이 있는 드라마 같은 걸 쓰고자 하신 건 알겠으나 별로 신선한 내용은 아니었어요. 캐릭터도 별로 안 와닿고 전개도 평이해서 높은 점수를 주긴 힘듭니다.,157,중반 기대 별로 옴니버스 단편 일본만화 서양 드라마 종종 보이다 신기하다 감동 링 드라마 걸 쓰다 건 알다 별로 신선하다 내용 캐릭터 별로 안 오다 닿다 전개도 평이하다 높다 점수 주다 힘드다,38,2022,4,negative,0,0,1,0,0,1,0,0,0,0,0,0,0,0,0,0,0,0,0,1,0,0,0,0,0,0,0,0,0,0
5,2022-04-26,술술 읽혀요 신선하고 재밌는 소설이네요,21,술술 읽히다 신선하다 재밌다 요,5,2022,4,positive,0,0,0,0,0,0,0,0,0,0,0,0,0,0,0,0,0,1,0,1,0,0,1,0,0,0,1,0,0,0
5,2022-04-25,삭막한 일상 속에 잠깐이나마 달콤한 꿈을 꾼 기분,27,삭막하다 일상 속 잠깐 달콤하다 꿈 꾼 기분,8,2022,4,positive,0,0,0,1,0,0,0,0,0,0,0,0,0,0,0,0,0,0,0,0,0,0,0,0,0,0,0,0,0,0
5,2022-04-25,가볍게 읽기에 좋은 책입니다.,16,가볍다 좋다,4,2022,4,positive,0,1,0,0,0,0,0,0,0,0,0,0,0,0,0,0,0,0,0,0,0,0,0,0,0,0,0,1,0,0
5,2022-04-23,꿈꾸는 사람들의 이야기를 통해 힐링되는 시간이었습니다,29,꿈꾸다 사람 통해 힐링 시간,6,2022,4,positive,0,0,0,0,0,0,0,0,0,0,0,0,1,0,0,0,0,0,1,0,0,0,0,0,0,0,0,0,0,0
4,2022-04-10,잠을자면 꾸는꿈을 여러가지 장르와 잠을자면서 느끼는 감정같은것들을 글로 잘 표현해내면서 잠에 의미를 부여하게 만들어주는 소설이였네요. 조금 지루한면이 없지않아 있지만 우리가 잠이라는 무의식속으로 들어가면서 형상화하게되는 욕구나 욕망들을 느낄수있어 잘 읽었습니다.,146,꾸다 꿈 여러가지 장르 잠 감정 글 표현 해내다 잠 의미 부여 만들다 조금 지루하다 우리 잠 무의식 속 들어가다 형상 화하다 욕구 욕망,29,2022,4,positive,0,0,0,0,1,0,0,0,0,0,0,0,0,0,0,0,0,0,0,0,0,0,0,0,0,0,0,0,0,0
5,2022-04-06,"잘읽었습니다. 개인적으로는 현실세계의사람들얘기보단 꿈파는 세계의이야기가 더 많았다면 환타지에푹빠져서 좋았을것같아요, 환타지에서 현실을 왔다갔다하는건 사실좀 피곤합니다.그치만2권도 이미 구매했어요 ㅎ",110,개인 실세 사람 얘기 꿈 팔다 세계 많다 환타지 푹 빠지다 좋다 환타지 현실 오다 가다 사실 피곤하다 그치다 2 권 구매,17,2022,4,positive,1,0,0,0,0,0,0,0,0,0,1,0,1,0,0,0,0,0,0,0,0,0,0,0,0,0,0,1,0,0
3,2022-04-03,참신하고 좋은 소재를 가지고 풀어낼 수 있는 이야기로는 별로가 아닌가 싶네요 문장도 번역투가 강하고... 설렁설렁 읽기는 다 읽었지만 흥미롭거나 빨려들어가는 느낌은 아니었어요 어디 추천하고 싶은 책은 아닙니다,116,참신하다 좋다 소재 가지 풀다 낼 별로 문장 번역 투 강하다 흥미롭다 빨다 들어가다 어디 추천,27,2022,4,neutral,0,0,0,0,0,0,0,0,0,0,0,0,0,0,0,0,1,0,0,0,0,0,0,0,0,0,0,1,1,0
5,2022-04-01,가볍게 읽기 좋은 책. 소재도 신선하고 재미있음.,27,가볍다 좋다 소재 신선하다 재미있다,7,2022,4,positive,0,1,0,0,0,0,0,0,0,0,0,0,0,0,0,0,1,0,0,1,0,0,0,0,0,1,0,1,0,0
5,2022-04-01,재밌게 쉽게 술술 잘 읽히는 책이예요. 시간가는줄 모르고 읽었어요. 한편의 무해한 꿈을 꾼 것같아요.,56,재밌다 쉬다 술술 읽히다 시간 가다 모르다 한편 무 꿈 꾼,14,2022,4,positive,1,0,0,0,0,0,0,0,0,0,0,0,0,0,0,0,0,1,1,0,0,0,1,0,0,0,1,0,0,0
3,2022-03-29,소재는 너무 신선하고 좋았으나 중심이 없이 이야기가 흘러가는 느낌이에요,39,소재 신선하다 좋다 중심 흘러가다,9,2022,3,neutral,0,0,0,0,0,0,0,0,0,0,0,0,0,0,0,0,1,0,0,1,0,0,0,0,0,0,0,1,0,0
5,2022-03-29,쉽게쉽게 읽힙니다. 등장인물들의 말과 행동을 상상해보면 마치 만화나 디즈니 애니의 캐릭터같은 모습이 떠오르기도 합니다.  흔한 클리셰라고도 할만한 이야기 구조이지만 꿈이 문화이고 감정이 재화인 매력적인 세계관을 구축한 작가의 상상력이 놀랍습니다. 내가 그런 세상에서 사는 주민이면 얼마나 좋을까요. 아름다운 이야기였습니다.  마지막 에피소드에서는 눈물도 흘렸네요 .ㅠㅠ 나 40살 아저씨라고...,221,쉬다 쉬다 읽히다 등장인물 말 행동 상상 해보다 마치 만화 디즈니 애니 캐릭터 모습 떠오르다 기도 흔하다 클리셰 고도 구조 꿈 문화 감정 재화 매력 세계관 구축 작가 상상력 놀라다 내 그렇다 세상 살다 주민 이면 얼마나 좋다 아름답다 마지막 에피소드 눈물 흘리다 나 40 살 아저씨,46,2022,3,positive,0,0,0,0,0,0,0,0,0,1,0,0,0,1,1,0,0,0,0,0,0,0,1,1,0,0,0,1,0,0
5,2022-03-27,가볍게 보기 좋은 재밌는 소설,16,가볍다 보기 좋다 재밌다,5,2022,3,positive,0,1,0,0,0,0,0,0,0,0,0,0,0,0,0,0,0,0,0,0,0,0,0,0,0,0,1,1,0,0
5,2022-03-23,"재밌게 봤습니다. 처음엔 달러구트 꿈백화점을 리디북스로 접했는데 지금 현재는 달러구트 꿈백화점 1,2권 모두 책으로 구매했습니다.정말 좋아하는 작품중 하나입니다.",90,재밌다 처음 달러 구트 꿈 백화점 리디북스 접 지금 현재 달러 구트 꿈 백화점 12 권 모두 구매 좋아하다 작품 하나,18,2022,3,positive,0,0,0,0,0,0,0,0,0,0,0,2,0,0,0,0,0,0,0,0,0,0,0,0,0,0,1,0,0,0
5,2022-03-13,중 후반까지 장말 재밌게 보다가 마지막에 코끝이 찡하게 되네요 보는 내내 지루하지 않았고 책으로 간직하고 싶어서 합본까지 구매하게 되었네요 1도 다 읽었으니 2도 읽어야 겠어요^^,100,중 후반 장말 재밌다 마지막 코끝 찡하다 내내 지루하다 간직 합본 구매 되어다 1 도 2 도 겠다,25,2022,3,positive,0,0,0,0,0,0,0,0,0,1,0,0,0,0,0,0,0,0,0,0,0,0,0,0,0,0,1,0,0,0
5,2022-03-11,몰입도가 뛰어난 소설,11,몰입도 뛰어나다,3,2022,3,positive,0,0,0,0,0,0,0,0,0,0,0,0,0,0,0,0,0,0,0,0,0,0,0,0,0,0,0,0,0,0
5,2022-03-09,한 여름 밤의 꿈처럼 다른 세계에 들어갔다가 나온 느낌을 받을 수 있는 책,41,여름 밤 꿈 다른 세계 들어가다 받다,13,2022,3,positive,0,0,0,0,0,0,0,0,0,0,0,0,0,0,0,0,0,0,0,0,0,0,0,0,0,0,0,0,0,0
5,2022-03-06,책 읽는 동안 행복했다,12,동안 행복하다,4,2022,3,positive,0,0,0,0,0,0,0,0,0,0,0,0,0,0,0,0,0,0,0,0,0,0,0,0,0,0,0,0,0,0
5,2022-03-05,상상력이 뛰어나요. 각 캐릭터들의 성격도 재미있고.. 스피도는 왠지 ESTJ일듯..,46,상상력 뛰어나다 각 캐릭터 성격 재미있다 스피도,9,2022,3,positive,0,0,0,0,0,0,0,0,0,0,0,0,0,0,1,0,0,0,0,0,0,0,0,0,0,1,0,0,0,0
5,2022-03-05,재밌고 읽으면서 행복했어요.,15,재밌다 행복하다,3,2022,3,positive,0,0,0,0,0,0,0,0,0,0,0,0,0,0,0,0,0,0,0,0,0,0,0,0,0,0,1,0,0,0
3,2022-03-03,꿈을 만드는내용의 소재라 참신하네요. 다른관점으로 볼수있어서 좋았어요.,39,꿈 만들다 내용 소재 참신하다 관점 좋다,7,2022,3,neutral,0,0,0,0,0,1,0,0,0,0,0,0,0,0,0,0,1,0,0,0,0,0,0,0,0,0,0,1,0,0
3,2022-03-01,개인적으로 처음엔 재밌게 잘 읽히다가 어느순간부터 이야기의 전개가 멈추고 제자리걸음하는 느낌이었어요  그 점이 지루하게 느껴져서 중도 하차했습니다 꿈에 대한 이야기 자체는 흥미로워요,101,개인 처음 재밌다 읽히다 순간 전개 멈추다 제자리걸음 지루하다 느껴지다 중도 하차 꿈 대한 자체 흥미롭다,22,2022,3,neutral,0,0,0,0,0,0,0,0,0,0,0,0,0,0,0,0,0,0,0,0,0,0,1,0,0,0,1,0,0,0
5,2022-02-28,꿈에대한 새로운 생각을 가질수있는 흥미로운 이야기 입니다,31,꿈 대한 새롭다 생각 가지다 흥미롭다,7,2022,2,positive,0,0,0,0,0,0,0,0,0,0,0,0,0,0,0,1,0,0,0,0,0,0,0,0,0,0,0,0,0,0
5,2022-02-28,오랜만에 가벼운 마음므로 재미있는 이야기 잘 경험하고 갑니다:),35,가볍다 마음므 재미있다 경험 가다,8,2022,2,positive,1,1,0,0,0,0,0,0,0,0,0,0,0,0,0,0,0,0,0,0,0,0,0,0,0,1,0,0,0,0
5,2022-02-25,가볍게 읽기 좋은 소설입니다!추천드립니다.,23,가볍다 좋다 추천 드리다,4,2022,2,positive,0,1,0,0,0,0,0,0,0,0,0,0,0,0,0,0,0,0,0,0,0,0,0,0,0,0,0,1,1,0
4,2022-02-24,가볍게 잘 봤습니다,10,가볍다,3,2022,2,positive,0,1,0,0,0,0,0,0,0,0,0,0,0,0,0,0,0,0,0,0,0,0,0,0,0,0,0,0,0,0
5,2022-02-24,재미있는 소설이네요~,11,재미있다 요,2,2022,2,positive,0,0,0,0,0,0,0,0,0,0,0,0,0,0,0,0,0,0,0,0,0,0,0,0,0,1,0,0,0,0
4,2022-02-24,재미있네요... ㅋ 가볍고 유쾌했습니다.,22,재미있다 가볍다 유쾌하다,4,2022,2,positive,0,1,0,0,0,0,0,0,0,0,0,0,0,0,0,0,0,0,0,0,0,0,0,0,0,1,0,0,0,0
5,2022-02-23,너무재미있게봤어요~ 바로 2권으로~~!!,22,재미있다 바로 2 권,3,2022,2,positive,0,0,0,0,0,0,0,0,0,0,0,0,0,0,0,0,0,0,0,0,0,0,0,0,0,1,0,0,0,0
5,2022-02-23,유쾌하고 기발하며 아련하기까지.,17,유쾌하다 기발하다 아련하다,3,2022,2,positive,0,0,0,0,0,0,0,0,0,0,0,0,0,0,0,0,0,0,0,0,0,0,0,0,0,0,0,0,0,0
5,2022-02-23,달러구트 추천받아서 읽었는데 너무 재밌네요,23,달러 구트 추천 받다 재밌다,5,2022,2,positive,0,0,0,0,0,0,0,0,0,0,0,0,0,0,0,0,0,0,0,0,0,0,0,0,0,0,1,0,1,0
5,2022-02-21,쉽게 읽을 수 있어요 재밌습니다,17,쉬다 재밌다,5,2022,2,positive,0,0,0,0,0,0,0,0,0,0,0,0,0,0,0,0,0,0,0,0,0,0,0,0,0,0,1,0,0,0
5,2022-02-19,"어른들을 위한 동화, 판타지  쉽게 읽히고 미소를 지으며 책을 덮을 수 있는 책",44,어른 위 동화 판타지 쉬다 읽히다 미소 지다 덮다,13,2022,2,positive,0,0,0,0,0,0,1,0,0,0,0,0,0,0,0,0,0,0,0,0,1,0,1,0,0,0,0,0,0,0
5,2022-02-17,넘 재밌어요. 떡밥 회수까지. 깔끔한 기분.,24,넘다 재밌다 떡밥 회수 깔끔하다 기분,6,2022,2,positive,0,0,0,1,0,0,0,0,0,0,0,0,0,0,0,0,0,0,0,0,0,0,0,0,0,0,1,0,0,0
5,2022-02-17,이성적인 나에게 '감성'병 하나를 선물해준 것 같다 마지막엔 눈물을 흘리며 보게 되었도 나의 삶이 복잡해질 때 이 책으로 마음의 평화를 찾을 수 있을 것 같다 좋은 책. 읽은 시간들이 허비되지 않았다. 작가님 감사합니다.,123,성적 나 감성 병 하나 선물 해주다 마지막 눈물 흘리다 되어다 나 삶 복잡하다 때 마음 평화 찾다 좋다 시간 허비 작가 감사하다,33,2022,2,positive,0,0,0,0,0,0,0,0,1,1,0,0,0,0,0,0,0,0,1,0,0,0,0,1,0,0,0,1,0,0
2,2022-02-16,기대 많이했는데 생각보다 지루하고 허술해서 겨우 읽었다. 마지막 할머니와 손주가 나오는 꿈이 인상깊어서 별점 2점,63,기대 생각 지루하다 허다 술 겨우 마지막 할머니 손 주가 꿈 인상 깊다 2,15,2022,2,negative,0,0,0,0,0,0,0,0,0,1,0,0,0,0,0,1,0,0,0,0,0,0,0,0,0,0,0,0,0,0
5,2022-02-15,참 재밌게 읽었어요 !,12,차다 재밌다,4,2022,2,positive,0,0,0,0,0,0,0,0,0,0,0,0,0,0,0,0,0,0,0,0,0,0,0,0,0,0,1,0,0,0
5,2022-02-12,가볍게 읽기 좋아요 재미있어요,16,가볍다 좋다 재미있다,4,2022,2,positive,0,1,0,0,0,0,0,0,0,0,0,0,0,0,0,0,0,0,0,0,0,0,0,0,0,1,0,1,0,0
5,2022-02-09,상큼하고 가볍고 즐겁습니다,14,상큼 가볍다 즐겁다,3,2022,2,positive,0,1,0,0,0,0,0,0,0,0,0,0,0,0,0,0,0,0,0,0,0,0,0,0,0,0,0,0,0,0
5,2022-02-08,좋아요 편하게 슥 읽기좋은챡이에요,18,좋다 편하다 좋다 챡,4,2022,2,positive,0,0,0,0,0,0,0,0,0,0,0,0,0,0,0,0,0,0,0,0,0,0,0,0,0,0,0,2,0,0
5,2022-02-03,꿈이라는 소재로 책을 내려놓을 수 없게끔 아주 흥미롭게 이야기를 풀어나가고 쉽게 휘리릭 볼 수 있는 책이에요!,61,꿈 소재 내려놓다 아주 흥미롭다 풀다 나가다 쉬다 휘 리릭 볼,16,2022,2,positive,0,0,0,0,0,0,0,0,0,0,0,0,0,0,0,0,1,0,0,0,0,0,0,0,0,0,0,0,0,0
5,2022-02-01,가볍게 읽기 좋은 책인거 같아요!,18,가볍다 좋다,5,2022,2,positive,0,1,0,0,0,0,0,0,0,0,0,0,0,0,0,0,0,0,0,0,0,0,0,0,0,0,0,1,0,0
5,2022-01-27,생각보다 넘 재미있어요,12,생각 넘다 재미있다,3,2022,1,positive,0,0,0,0,0,0,0,0,0,0,0,0,0,0,0,1,0,0,0,0,0,0,0,0,0,1,0,0,0,0
2,2022-01-25,참신한 소재로 흥미롭게 읽기 시작했는데 등장 인물 이름들의 특색이나 특히 이름이 머리에 크게 남지 않아 아쉽네요. 또한 꿈을 꾸는 사람들은 특정 국가에 속하는데 꿈을 파는 사람들은 지구를 상대로 하고 있는 구도도 좀 아쉬웠습니다.,128,참신하다 소재 흥미롭다 시작 등장 인물 이름 특색 이름 머리 크게 남지 아쉽다 또한 꿈 꾸다 사람 특정 국가 속 꿈 팔다 사람 지구 상대로 구도 아쉽다,33,2022,1,negative,0,0,0,0,1,0,0,0,0,0,0,0,2,0,0,0,1,0,0,0,0,0,0,0,0,0,0,0,0,0
5,2022-01-22,정말 최고의 소설!보면서 울고 웃고 늘 설레면서 처음으로 북리뷰를 남겨봅니다.,43,최고 울 웃다 늘 설레다 처음 북 리뷰 남기다,10,2022,1,positive,0,0,0,0,0,0,0,0,0,0,0,0,0,0,0,0,0,0,0,0,0,0,0,0,0,0,0,0,0,0
5,2022-01-22,2편 나왔다고해서 1편 다시 읽고 2편으로 갑니다~~,29,2 편 1 편 다시 2 편 가다,7,2022,1,positive,1,0,0,0,0,0,0,0,0,0,0,0,0,0,0,0,0,0,0,0,0,0,0,0,0,0,0,0,0,0
4,2022-01-22,자기삶을사랑하는법두가지~,13,자기 삶 사랑 법 가지,1,2022,1,positive,0,0,0,0,0,0,0,0,0,0,0,0,0,0,0,0,0,0,0,0,0,0,0,0,0,0,0,0,0,0
5,2022-01-21,"사랑스러운 소설, 꿈꾸고나면 행복해져요. 악몽이었던 꿈도. 신기...",38,사랑스럽다 꿈꾸다 행복하다 악몽 꿈 신기,7,2022,1,positive,0,0,0,0,0,0,0,0,0,0,0,0,0,0,0,0,0,0,0,0,0,0,0,0,0,0,0,0,0,0
5,2022-01-15,독특하고 사랑스러워요. 오래 기억에 남을 듯한 소설,28,독특하다 사랑스럽다 기억 남 듯,7,2022,1,positive,0,0,0,0,0,0,0,0,0,0,0,0,0,0,0,0,0,0,0,0,0,0,0,0,0,0,0,0,0,0
5,2022-01-15,귀여운 상상 스토리에 읽는 내내 풉! 하며 소리내며 행복하게 읽음,36,귀엽다 상상 스토리 내내 푸다 소리내다 행복하다,10,2022,1,positive,0,0,0,0,0,0,0,0,0,0,0,0,0,1,0,0,0,0,0,0,0,0,0,0,0,0,0,0,0,0
5,2022-01-14,"가끔 꿈을 꾸면 기억에 진하게 남을때도있고, 현실과 분간이 안되어 정신이 멍한적도있습니다 물론 단..몇초지만요.. 그만큼 꿈이 생생해서 꿈해몽을 자주 검색해보곤 합니다. 그런 저에게 이 책은 너무나 신기하고 빠져드는 이야기들이였습니다. 신기하게도 이 책을 중간쯤 읽었을때 제 꿈에 돌아가신 할아버지가 나타나셨습니다 별말은 없으시고 지긋이 처다보는 장면이 눈에 선합니다.. 이 작가님은 어떻게 이런 생각으로 소설을 쓰셨는지 정말 대단하고, 감사하네요.. 마지막 에피소드에서는 대성통곡했답니다.. 그리고 에필로그까지 완벽했어요",292,가끔 꿈 꾸다 기억 진하다 남 때 현실 분간 안되다 정신 멍하다 적다 단 초지 꿈 생생하다 꿈 해몽 자주 검색 해보다 그렇다 신기하다 빠져들다 들이다 신기하다 중간 때 제 꿈 돌아가다 할아버지 나타나다 말 지다 긋다 처 장면 눈 선하다 작가 어떻다 이렇다 생각 쓸다 대단하다 감사하다 마지막 에피소드 대성통곡 에필로그 완벽하다,61,2022,1,positive,0,0,0,0,1,0,0,0,0,1,0,0,0,0,0,1,0,0,0,0,0,1,0,1,0,0,0,0,0,0
5,2022-01-13,소재랑 설정이 너무 흥미로웠고 마지막 에피소드에서는 진짜 눈물이 엄청 쏟아졌네요. 재미있어요!,52,소재 설정 흥미롭다 마지막 에피소드 진짜 눈물 쏟아지다 재미있다,11,2022,1,positive,0,0,0,0,0,0,0,0,0,1,0,0,0,0,0,0,1,0,0,0,0,0,0,0,0,1,0,0,0,0
5,2022-01-08,그자리에서 단숨에 다 읽었네요 흡입력좋고 인물들도 살아있어요 곱씹고 싶은 에피소드도 많고 평소에 관심많았던 꿈에 대한 이야기여서 흥미로웠어요,78,자리 단숨 흡입 좋다 인물 살다 곱씹다 에피소드 많다 평소 관심 많다 꿈 대한 흥미롭다,17,2022,1,positive,0,0,0,0,0,0,0,0,0,0,2,0,0,0,0,0,0,0,0,0,0,0,0,0,0,0,0,1,0,0
5,2022-01-07,너무 재미있는 스토리의 책입니다!  강추,22,재미있다 스토리 강추,5,2022,1,positive,0,0,0,0,0,0,0,0,0,0,0,0,0,0,0,0,0,0,0,0,0,0,0,0,0,1,0,0,0,0
2,2022-01-06,소재도 흥미롭고 글도 잘 읽혀 가볍게 읽기 좋음. 다만 내가 판단하기에 설정이 허술하거나 설정오류 같은 부분이 있고 소재가 참신한 만큼 더 치밀하게 계획했으면 하는 아쉬움이 있음. 캐릭터도 전반적으로 평면적인 편. 꿈 세계 이야기는 재미있지만 현실 세계 이야기는 텐션이 떨어지는 편(꿈과 현실의 상호작용이 크지 않아서 그런듯),182,소재 흥미 글 읽히다 가볍다 좋다 다만 내 판단 설정 허다 술 거나 설정 오류 소재 참신하다 만큼 치밀하다 계획 아쉬움 캐릭터 전반 평면 편 꿈 세계 재미있다 현실 세계 텐션 떨어지다 편꿈 현실 상호작용 크다 그렇다,45,2022,1,negative,0,1,0,0,0,0,0,0,0,0,0,0,0,0,0,0,2,0,0,0,0,0,1,0,0,1,0,1,0,0
5,2022-01-06,처음 읽었을 때 소재는 흥미로웠지만 솔직히 아주 재밌다는 아니였어요 그러다 2권을 읽고 다시 1권을 읽었는데 훨씬 재밌었고 특히 먼저 떠나는 가족이 남은 가족들에게 남기는 꿈에 대한 에피소드에서는 실제 이런 세상이 있으면 얼마나 좋을까 싶었고요.. 삶에 지친 사람들에게 위로와 안식을 주는 이야기라고 생각됩니다,173,처음 때 소재 흥미롭다 솔직하다 아주 재밌다 그렇다 2 권 다시 1 권 재밌다 먼저 떠나다 가족 남다 가족 남기다 꿈 대한 에피소드 실제 이렇다 세상 얼마나 좋다 삶 지치다 사람 위로 안식 주다 생각,42,2022,1,positive,0,0,0,0,0,0,0,0,0,0,0,0,1,0,0,1,1,0,0,0,0,1,0,0,0,0,2,1,0,0
4,2022-01-04,"기대한 만큼 재미있진 않았어요. 작은 에피소드들이 모여 나중에 뭔가 커다란 그림을 이룰거라는 기대를 했는데, 그냥 소소한 에피소드로 끝나버리네요. 비유나 은유가 인물의 감정을 표현하거나 미래에 대한 암시 같은 게 아니라서 그런 것도 살짝 아쉬웠습니다. 스토리 전체가 뭔가 딱 맞아 떨어진다는 느낌은 들지 않았습니다. 그러나 그냥 간단히 읽기에는 나쁘지 않은 책입니다. 베스트셀러로 잠깐 떴다가 잊혀지는 딱 그런 책입니다.",235,기대하다 만큼 재미있다 작다 에피소드 모이다 나중 뭔가 커다랗다 그림 이루다 기대 그냥 소소하다 에피소드 끝나다 버리다 비유 은유 인물 감정 표현 거나 미래 대한 암시 게 그렇다 살짝 아쉽다 스토리 전체 뭔가 맞다 떨어지다 그냥 간단하다 나쁘다 베스트셀러 잠깐 뜨다 잊혀지다 그렇다,56,2022,1,positive,0,0,0,0,0,0,0,0,0,0,0,0,0,0,0,0,0,0,0,0,0,0,0,0,0,1,0,0,0,0
4,2022-01-02,영화로 나오면 어떨까 생각해 봤어요,19,영화로 어떻다 생각,5,2022,1,positive,0,0,0,0,0,0,0,0,0,0,0,0,0,0,0,1,0,0,0,0,0,0,0,0,0,0,0,0,0,0
2,2022-01-02,초반에만 흥미진진하고 중간에 가면 너무 지루해서 안읽혀요...,34,초반 흥미진진 중간 가면 지루하다 읽히다,7,2022,1,negative,0,0,0,0,0,0,0,0,0,0,0,0,0,0,0,0,0,0,0,0,0,0,1,0,0,0,0,0,0,0
4,2022-01-02,중반이후 조금 지루했지만 재밌게 잘 읽었습니다.,26,중반 이후 조금 지루하다 재밌다,6,2022,1,positive,0,0,0,0,0,0,0,0,0,0,0,0,0,0,0,0,0,0,0,0,0,0,0,0,0,0,1,0,0,0
1,2022-01-01,재미드럽게 없네 누구좀 따라해보려고 한거같은데 재미드럽게 없음 내시간은 소중해,43,재미 드럽다 누구 따르다 해보다 거 재미 드럽다 시간 소중하다,9,2022,1,negative,0,0,0,0,0,0,0,0,0,0,0,0,0,0,0,0,0,0,1,0,0,0,0,0,0,0,0,0,0,0
5,2021-12-30,"판타지 속의 현실이 느껴지는 작품 ,2권도 읽고 싶어요",30,판타지 속 현실 느껴지다 작품 2 권,8,2021,12,positive,0,0,0,0,0,0,0,0,0,0,0,0,0,0,0,0,0,0,0,0,0,0,0,0,0,0,0,0,0,0
4,2021-12-28,2권 먼저 보고 1권도 찾아 읽었어요. 간만에 재밌게 본 책입니다. 2권은 더 재밌어요.,49,2 권 먼저 보고 1 권 찾다 간만 재밌다 2 권 재밌다,13,2021,12,positive,0,0,0,0,0,0,0,0,0,0,0,0,0,0,0,0,0,0,0,0,0,0,0,0,0,0,2,0,0,0
5,2021-12-26,"너무 재밌게읽었어요! 의도치않게 힐링도 되고, 눈물이 글썽이기도 했어요. 다만 루시드드림을 꾸는 그 여인을 다시 만나기위해 10년이든 20년이든 기다릴거라는 스토리가 더 궁금해요! 그 이야기로 2권 만들어주시면 안되나요. 꿈속의 여자, 꿈속의 남자 정말ㅜㅜ 아련하고 궁금해요",153,재밌다 의도 치 힐링 눈물 글썽 다만 루시드드림 꾸다 여인 다시 만나다 위해 10년 20년 기다리다 스토리 궁금하다 2 권 만들다 안되다 꿈속 여자 꿈속 남자 아련하다 궁금하다,33,2021,12,positive,0,0,0,0,1,0,0,0,0,0,0,0,0,0,0,0,0,0,0,0,0,0,0,0,0,0,1,0,0,0
5,2021-12-26,2권도보고싶어요ㅠㅠㅠㅠ,12,2 권,1,2021,12,positive,0,0,0,0,0,0,0,0,0,0,0,0,0,0,0,0,0,0,0,0,0,0,0,0,0,0,0,0,0,0
1,2021-12-18,베스트셀러라는 기대감에 실망감이 컸던 소설,23,베스트셀러 대감 실망 감 크다,5,2021,12,negative,0,0,0,0,0,0,0,0,0,0,0,0,0,0,0,0,0,0,0,0,0,0,0,0,0,0,0,0,0,0
5,2021-12-16,순식간에 다 읽었어요 거리감있는 먼 세계인줄 알았더니 가까운 옆나라 이야기 같은 느낌이네요,50,순식간 거리 가다 멀다 세계 줄 알다 가깝다 옆,12,2021,12,positive,1,0,0,0,0,0,0,0,0,0,0,0,0,0,0,0,0,0,0,0,0,0,0,0,0,0,0,0,0,0
5,2021-12-11,신선한 소재에 무겁지 않은 이야기라 술술 읽어나갔어요,29,신선하다 소재 무겁다 술술 나가다,7,2021,12,positive,0,0,0,0,0,0,0,0,0,0,0,0,0,0,0,0,1,1,0,1,0,0,0,0,0,0,0,0,0,0
4,2021-12-08,잼써요 창의적이네요 근데 약간은 지루한구석이 좀일어요,29,잼 써다 창의 요 약간 지루하다 구석 일어,6,2021,12,positive,0,0,0,0,0,0,0,0,0,0,0,0,0,0,0,0,0,0,0,0,0,0,0,0,0,0,0,0,0,0
5,2021-12-08,창의적으로 풀어낸 꿈에 관한 이야기. 편하게 읽다 위로도 받는 가볍지만 와닿는 어른들의 동화.,52,창의 풀다 내다 꿈 관 편하다 위로 받다 가볍다 오다 닿다 어른 동화,13,2021,12,positive,0,1,0,0,0,0,1,0,0,0,0,0,0,0,0,0,0,0,0,0,1,0,0,0,0,0,0,0,0,0
5,2021-12-06,"와오 이렇게 한 번에 쭉 읽을 수 있는 책은 드문데, 진짜 몰입감으로 인하여 한 번에 쭉 읽었네요 진짜 재미있습니다",64,오다 번 쭉 드물다 진짜 몰입 감 인하다 번 쭉 진짜 재미있다,19,2021,12,positive,0,0,0,0,0,0,0,0,0,0,0,0,0,0,0,0,0,0,0,0,0,0,0,0,0,1,0,0,0,0
5,2021-12-05,매일 꿈을 꾸는데 달러구트네 백화점의 단골이었을지도 모르겠네요 전,36,매일 꿈 꾸다 달러 구트 백화점 단골 모르다 전,8,2021,12,positive,0,0,0,0,1,0,0,0,0,0,0,1,0,0,0,0,0,0,0,0,0,0,0,0,0,0,0,0,0,0
5,2021-12-04,소설가님들 보면 어떻게 이런 생각을 하지? 궁금해요. 너무 재미있게 잘봤습니다,43,소설가 어떻다 이렇다 생각 궁금하다 재미있다,10,2021,12,positive,0,0,0,0,0,0,0,0,0,0,0,0,0,0,0,1,0,0,0,0,0,1,0,0,0,1,0,0,0,0
5,2021-12-03,신선한 소재로 동화를 읽는 듯 따뜻함이 가득한 소설이다 문장도 깔끔해서 쉽고 편안하게 읽을 수 있다  가벼운 마음으로 순식간에 읽을 만한 책을 찾는다면 추천!,88,신선하다 소재 동화 듯 따뜻하다 가득하다 문장 깔끔하다 쉬다 편안하다 가볍다 마음 순식간 찾다 추천,23,2021,12,positive,0,1,0,0,0,0,1,1,1,0,0,0,0,0,0,0,1,0,0,1,0,0,0,0,0,0,0,0,1,0
3,2021-12-01,소재는 신선하고 읽기도 수훨해서 금방읽었습니다.  다만 특별히 감동이 있거나 맘에 와닿는 부분은 없었네요. 기분전환용으로 간단히 읽기에 좋았습니다.,82,소재 신선하다 수훨해 금방 다만 특별하다 감동 맘 오다 닿다 기분 전환 용 간단하다 좋다,17,2021,12,neutral,0,0,1,1,0,0,0,0,0,0,0,0,0,0,0,0,1,0,0,1,0,0,0,0,0,0,0,1,0,0
5,2021-12-01,슥슥 읽기좋고 재밌었어요 약간의 번역투도 흥미로움을 더해줌,32,좋다 재밌다 약간 번역 투도 흥미 로움 해주다,7,2021,12,positive,0,0,0,0,0,0,0,0,0,0,0,0,0,0,0,0,0,0,0,0,0,0,0,0,0,0,1,1,0,0
3,2021-11-29,그저그랬음 평범~~ 소재는 신선한데 에피소드가 뭔가 식상?하달까...마지막 에피소드 후에 갑자기 이게 끝? 이런 생각도 들고...ㅎ  읽은게 후회되고 그럴정도는 아니고 리셀로 읽은건 괜찮다 정도였습니다,112,그렇다 평범 소재 신선하다 에피소드 뭔가 식 하달 끄다 마지막 에피소드 후 갑자기 끝 이렇다 생각 후회되다 그렇다 정도 리셀 괜찮다 정도,23,2021,11,neutral,0,0,0,0,0,0,0,0,0,1,0,0,0,0,0,1,1,0,0,1,0,1,0,0,0,0,0,0,0,0
5,2021-11-28,소재가 신선해서 좋았어요 왠지 오늘 꿈 백화점에 들릴지도 모르겠네요(과몰입,41,소재 신선하다 좋다 오늘 꿈 백화점 들리다 모르다 과 몰입,9,2021,11,positive,0,0,0,0,0,0,0,0,0,0,0,1,0,0,0,0,1,0,0,1,0,0,0,0,0,0,0,1,0,0
5,2021-11-24,어른들을 위한 동화 침대 머리맡에 두고 잠들기 전 가볍게 읽기 좋은 책,39,어른 위 동화 침대 머리 맡다 두다 잠들다 전 가볍다 좋다,12,2021,11,positive,0,1,0,0,0,0,1,0,0,0,0,0,0,0,0,0,0,0,0,0,1,0,0,0,0,0,0,1,0,0
5,2021-11-22,공공장소에서 보지 마세요 지하철에서 읽다가 특정 에피소드에서 울뻔함,37,공공장소 보지 말다 지하철 특정 에피소드 울 뻔하다,8,2021,11,positive,0,0,0,0,0,0,0,0,0,0,0,0,0,0,0,0,0,0,0,0,0,0,0,0,0,0,0,0,0,0
5,2021-11-22,"어른의 동화란 느낌이 들었습니다. 어린시절을 생각하고, 지금의 내 감정들을 꿈을 통해서 다시 들여다 보는 계기가 되었습니다.",69,어른 화란 어린시절 생각 지금 내 감정 꿈 통해 다시 들이다 계기 되어다,16,2021,11,positive,0,0,0,0,0,0,0,0,0,0,0,0,0,0,0,1,0,0,0,0,1,0,0,0,0,0,0,0,0,0
5,2021-11-20,소설을 잘 안읽는 편인데 너무 잘 읽히고 재밌었습니다. 외국에서 흔히 쓰일 법한 이름의 등장인물들이 나와서 외국 작가분이 쓰신 줄 알았는데 한국 작가분이셨네요!!! 앞으로도 흥하시길 바랍니다~,107,편 읽히다 재밌다 외국 흔하다 쓰이다 법 이름 등장인물 외국 작가 쓸다 줄 알다 한국 작가 셨 앞 흥 바라다,25,2021,11,positive,0,0,0,0,0,0,0,0,0,0,0,0,0,0,0,0,0,0,0,0,0,0,1,2,0,0,1,0,0,1
5,2021-11-10,드라마로 나오면 좋을 듯 합니다~^^,20,드라마 좋다 듯,5,2021,11,positive,0,0,0,0,0,0,0,0,0,0,0,0,0,0,0,0,0,0,0,0,0,0,0,0,0,0,0,1,0,0
5,2021-11-08,재미있게 봤어요  생각해보니 꿈을 꾼게 언제인지 싶네요,30,재미있다 생각 해보다 꿈 꾼 언제,7,2021,11,positive,0,0,0,0,0,0,0,0,0,0,0,0,0,0,0,1,0,0,0,0,0,0,0,0,0,1,0,0,0,0
5,2021-11-01,유치한듯 하면서도 좋네요. 읽는 내내 행복 했어요,27,유치하다 좋다 내내 행복,7,2021,11,positive,0,0,0,0,0,0,0,0,0,0,0,0,0,0,0,0,0,0,0,0,0,0,0,0,0,0,0,1,0,0
4,2021-10-30,초반에는 살짝 러프하다고 생각했으나 읽으면 읽을수록 매료되는 스토리군요. 좋은 책이었습니다!,51,초반 살짝 러프 생각 매료 스토리 좋다,10,2021,10,positive,0,0,0,0,0,0,0,0,0,0,0,0,0,0,0,1,0,0,0,0,0,0,0,0,0,0,0,1,0,0
4,2021-10-30,참신한 소설 잘 읽었습니다 철학적인 부분도 읽고 추천합니다,32,참신하다 철학 추천,8,2021,10,positive,0,0,0,0,0,0,0,0,0,0,0,0,0,0,0,0,0,0,0,0,0,0,0,0,0,0,0,0,1,0
5,2021-10-24,동화같고 읽는 내내 꿈 속에 있는 기분… 너무 좋아요ㅠㅠㅠ,32,동화 내내 꿈 속 기분 좋다,9,2021,10,positive,0,0,0,1,0,0,1,0,0,0,0,0,0,0,0,0,0,0,0,0,0,0,0,0,0,0,0,1,0,0
4,2021-10-21,어른들을 위한 동화,10,어른 위 동화,3,2021,10,positive,0,0,0,0,0,0,1,0,0,0,0,0,0,0,0,0,0,0,0,0,1,0,0,0,0,0,0,0,0,0
5,2021-10-20,잔잔하고 따스한 이야기,12,잔잔하다 따스하다,3,2021,10,positive,0,0,0,0,0,0,0,0,0,0,0,0,0,0,0,0,0,0,0,0,0,0,0,0,1,0,0,0,0,0
4,2021-10-19,잔잔하게 재밋네영 한국소설 아닌거같은데 한국적임,26,잔잔하다 재밋네영 한국 한국 적임,5,2021,10,positive,0,0,0,0,0,0,0,0,0,0,0,0,0,0,0,0,0,0,0,0,0,0,0,0,1,0,0,0,0,2
5,2021-10-19,꿈에 대한 새로운 시선과 우리가 꿈에 대해 생각이 잘어우러져 잘읽히고 낯익으면서도 신선했습니다,52,꿈 대한 새롭다 시선 우리 꿈 대해 생각 어우러지다 읽히다 낯 익다 신선하다,12,2021,10,positive,0,0,0,0,0,0,0,0,0,0,0,0,0,0,0,1,0,0,0,1,0,0,1,0,0,0,0,0,0,0
4,2021-10-18,꿈 속에서 벌어지는 일들로 우리 삶을 이야기하는 마음 따듯해지는 이야기. 재밌게 읽었네요,49,꿈 속 벌어지다 일 우리 삶 마음 따다 해지 재밌다,12,2021,10,positive,0,0,0,0,0,0,0,0,1,0,0,0,0,0,0,0,0,0,0,0,0,0,0,0,0,0,1,0,0,0
5,2021-10-11,동화같은 이야기 상상력이 많이 필요합니다 그러나 읽다보면 현실의 나를 만나게되는 이야기 입니다,52,동화 상상력 필요하다 현실 나르다 만나다,12,2021,10,positive,0,0,0,0,0,0,1,0,0,0,0,0,0,0,1,0,0,0,0,0,0,0,0,0,0,0,0,0,0,0
5,2021-10-08,정말 재미있게 술술 읽었네요,15,재미있다 술술,4,2021,10,positive,0,0,0,0,0,0,0,0,0,0,0,0,0,0,0,0,0,1,0,0,0,0,0,0,0,1,0,0,0,0
5,2021-10-03,책을 읽고 꿈을 꿉니다. 달라구트 백화점에 꿈을 사러…,30,꿈 꾸다 달라 구트 백화점 꿈 사르다,8,2021,10,positive,0,0,0,0,1,0,0,0,0,0,0,1,0,0,0,0,0,0,0,0,0,0,0,0,0,0,0,0,0,0
5,2021-09-29,"추운 겨울 밤 체크 무늬 파자마에 털 슬리퍼를 신고 따뜻한 벽난로 곁에서 마시는 핫초콜렛 한 잔 같은 책이었어요. 해리 포터를 연상시키는 세팅과 묘사,인물 등이 많게 느껴졌는데, 그게 저는 싫지 않았습니다.",115,추다 겨울 밤 체크 무늬 파자마 털 슬리퍼 신고 따뜻하다 벽난로 곁 마시다 핫 초콜렛 잔 해리 포터 연상 시키다 세팅 묘사 인물 많다 느껴지다 그게 싫다,30,2021,9,positive,0,0,0,0,0,0,0,1,0,0,1,0,0,0,0,0,0,0,0,0,0,0,0,0,0,0,0,0,0,0
5,2021-09-28,꿈을 꾸면서 느낄수 있는 설렘과 즐거움을 소설로 잘써놔서 흥미롭게 읽었어요 영화나 드라마로 나오면 재미있고 좋겠네요,64,꿈 꾸다 설레다 즐거움 잘쓰다 놓다 흥미롭다 영화 드라마 재미있다 좋다,15,2021,9,positive,0,0,0,0,1,0,0,0,0,0,0,0,0,0,0,0,0,0,0,0,0,0,0,0,0,1,0,1,0,0
4,2021-09-27,복집한 생각이 많을때 읽기 좋은 책 이에요 산뜻하고 가벼운 느낌을 주는 글이에요!,45,복집 생각 많다 때 좋다 산뜻하다 가볍다 주다 글,12,2021,9,positive,0,1,0,0,0,0,0,0,0,0,1,0,0,0,0,1,0,0,0,0,0,0,0,0,0,0,0,1,0,0
5,2021-09-24,4.5점을 주고싶네요 잔잔한 동화,18,4.5 주다 잔잔하다 동화,4,2021,9,positive,0,0,0,0,0,0,1,0,0,0,0,0,0,0,0,0,0,0,0,0,0,0,0,0,1,0,0,0,0,0
5,2021-09-20,너무재밌게 잘 봤어요!! 동심으로 돌아간듯 빠져서 봤네요 어른을위한 동화!,41,재밌다 동심 돌아가다 빠지다 어른 위 동화,9,2021,9,positive,0,0,0,0,0,0,1,0,0,0,0,0,0,0,0,0,0,0,0,0,1,0,0,0,0,0,1,0,0,0
2,2021-09-18,기대보다 별로…..,10,기대 별로,2,2021,9,negative,0,0,0,0,0,0,0,0,0,0,0,0,0,0,0,0,0,0,0,0,0,0,0,0,0,0,0,0,0,0
3,2021-09-04,동화입니다. 그 이상을 기대하시면 많은 곤란함을 느끼실 거라 확신합니다. 갈등도 모험도 서사도 없습니다.  유치원에 다닐 때 즈음 자기 전 부모님께서 읽어주시던 동화책 같은 느낌입니다. 자기 전 동화라 생각하시고 읽으면 그냥 저냥 볼만합니다.,135,동화 이상 기대하다 많다 곤란하다 거 확신 갈등 모험도 서사 유치원 다니다 때 즈음 자기 전 부모님 동화책 자기 전 동화 생각 그냥 볼,32,2021,9,neutral,0,0,0,0,0,0,2,0,0,0,1,0,0,0,0,1,0,0,0,0,0,0,0,0,0,0,0,0,0,0
5,2021-08-30,꿈속에 담겨있는 인생의 희노애락을 모두 느낄수 있었습니다.,32,꿈속 담기다 인생 희노애락 모두,7,2021,8,positive,0,0,0,0,0,0,0,0,0,0,0,0,0,0,0,0,0,0,0,0,0,0,0,0,0,0,0,0,0,0
5,2021-08-30,보편적 꿈에 발칙한 상상을 얹어 구축해낸 매력적인 세계관,31,보편 꿈 발칙하다 상상 얹다 구축 해내다 매력 세계관,8,2021,8,positive,0,0,0,0,0,0,0,0,0,0,0,0,0,1,0,0,0,0,0,0,0,0,0,0,0,0,0,0,0,0
5,2021-08-25,판타지인데 우리의 삶이 너무 잘 묻어있네요 카페에서 읽으면서 울음 참느라 혼났어요????,49,판타지 우리 삶 묻다 카페 울음 참다 혼나다,11,2021,8,positive,0,0,0,0,0,0,0,0,0,0,0,0,0,0,0,0,0,0,0,0,0,0,0,0,0,0,0,0,0,0
5,2021-08-17,좋네요.. 한동안 악몽에 시달리다 책을 읽던 중엔 악몽에서 벗어나고 꿀잠을 자고있네요.. 이것또한 놀랍고 좋아요ㅎ,63,좋다 악몽 시달리다 중 악몽 벗어나다 꿀잠 또한 놀라다 좋다,14,2021,8,positive,0,0,0,0,0,0,0,0,0,0,0,0,0,0,0,0,0,0,0,0,0,0,0,0,0,0,0,2,0,0
4,2021-08-10,쉽게 읽혀서 타임킬링 도서로 추천합니다. 흥미로운 소재여서 재미있게 읽었어요. 어린 친구들이 좋아할 것 같네요!,62,쉬다 읽히다 타임 킬링 도서 추천 흥미롭다 소재 재미있다 어리다 친구 좋아하다,14,2021,8,positive,0,0,0,0,0,0,0,0,0,0,0,0,0,0,0,0,1,0,0,0,0,0,1,0,0,1,0,0,1,0
1,2021-08-07,초등학생들에게 추천합니다.,14,초등학생 추천,2,2021,8,negative,0,0,0,0,0,0,0,0,0,0,0,0,0,0,0,0,0,0,0,0,0,0,0,0,0,0,0,0,1,0
5,2021-08-07,쉽게 읽히고 상상력을 자극하되 몽글몽글 아릿한 그리움도 건드리고마는 즐거운 책이었어요 2권도 읽어보고싶어요,59,쉬다 읽히다 상상력 자극 아릿하다 그리움 건드리다 고마 즐겁다 2 권,12,2021,8,positive,0,0,0,0,0,0,0,0,0,0,0,0,0,0,1,0,0,0,0,0,0,0,1,0,0,0,0,0,0,0
3,2021-08-05,꿈에 대한 기분좋은 상상력은 있으나 통찰력은 느껴지지 않았다. 아기자기한 이야기들은 그 이상의 사고를 유발하지 못해 아쉬웠다. 특별한 이야기 같았지만 조금 더 특별할 필요가 있었다.,101,꿈 대한 기분 좋다 상상력 통찰 느껴지다 아기자기하다 이상 사고 유발 아쉽다 특별하다 조금 특별하다 필요,24,2021,8,neutral,0,0,0,1,0,0,0,0,0,0,0,0,0,0,1,0,0,0,0,0,0,0,0,0,0,0,0,1,0,0
5,2021-07-30,"사랑스러운 이야기, 사랑스러운 등장인물, 마음이 정화되는 소설을 선물 받은 것 같다. 집에서 조용히 맥주 마시면서 이야기를 음미하기 좋은 책",78,사랑스럽다 사랑스럽다 등장인물 마음 정화 선물 받다 집 조용하다 맥주 말다 음미 좋다,19,2021,7,positive,0,0,0,0,0,0,0,0,1,0,0,0,0,0,0,0,0,0,0,0,0,0,0,0,0,0,0,1,0,0
1,2021-07-27,작가가 원래 하고 싶었던 이야기는 몇 쪽 안 되는 맨 마지막 장인 듯. 마지막 장의 두 장면만 빼고 억지로 분량 채우려 쓴 것처럼 지루하기 짝이 없는 이야기. 읽는 게 고역입니다.,100,작가 원래 몇 쪽 안 맨 마지막 장인 듯 마지막 장의 두 장면 빼다 억지로 분량 채우다 쓸다 지루하다 짝 게 고역,30,2021,7,negative,0,0,0,0,0,0,0,0,0,2,0,0,0,0,0,0,0,0,0,0,0,0,0,1,0,0,0,0,0,0
5,2021-07-26,마음이 따뜻해지네요,10,마음 따뜻하다,2,2021,7,positive,0,0,0,0,0,0,0,1,1,0,0,0,0,0,0,0,0,0,0,0,0,0,0,0,0,0,0,0,0,0
5,2021-07-24,재미있어요. 꿈에 대해 다시 한 번 생각해보는 계기도 됐네요. 꿈은 내 무의식의 세계가 나타나는 거라는데 내 무의식에 담길 나를 위해 오늘도 즐겁게 지내야 겠어요.^^,93,재미있다 꿈 대해 다시 번 생각 해보다 계기 돼다 꿈 내 무의식 세계 나타나다 거 데 내 무의식 담기다 나르다 위해 오늘 즐겁다 지내다 겠다,24,2021,7,positive,0,0,0,0,0,0,0,0,0,0,0,0,0,0,0,1,0,0,0,0,0,0,0,0,0,1,0,0,0,0
4,2021-07-19,꿈을 파는 가게라는 설정이 독특하다. 창의적이면서도 일상적이고 따뜻한 글,40,꿈 팔다 가게 설정 독특하다 창의 면서 일상 따뜻하다 글,9,2021,7,positive,0,0,0,0,0,0,0,1,0,0,0,0,0,0,0,0,0,0,0,0,0,0,0,0,0,0,0,0,0,0
5,2021-07-11,너무 재미있고 사랑스러운 이야기,17,재미있다 사랑스럽다,4,2021,7,positive,0,0,0,0,0,0,0,0,0,0,0,0,0,0,0,0,0,0,0,0,0,0,0,0,0,1,0,0,0,0
5,2021-07-08,"잠자기 전, 상상력을 돋우는 책.  내용 자체는 잔잔한 흐름을 띄고 있어서 책을 읽다가 자거나, 시간을 때우는 용도로 편하게 읽을 수 있었습니다.",81,잠자다 전 상상력 돋다 내용 자체 잔잔하다 흐름 띄다 시간 때우다 용도 편하다,21,2021,7,positive,0,0,0,0,0,1,0,0,0,0,0,0,0,0,1,0,0,0,1,0,0,0,0,0,1,0,0,0,0,0
5,2021-06-27,잠들기 전 책을 읽으며 잠드는편인데 술술 읽히고재밌었어요!,32,잠들다 전 잠들다 편 술술 읽히다 재밌다,7,2021,6,positive,0,0,0,0,0,0,0,0,0,0,0,0,0,0,0,0,0,1,0,0,0,0,1,0,0,0,1,0,0,0
3,2021-06-25,재미있고 금방 읽히기는 한데 저한테는 단지 그뿐이였어요. 전달하고자 하는 메세지가 뭐지? 하는 생각이 드네요.,61,재미있다 금방 읽히다 기다 테 단지 뿐 전달 메세지 뭐 생각 드네,14,2021,6,neutral,0,0,0,0,0,0,0,0,0,0,0,0,0,0,0,1,0,0,0,0,0,0,1,0,0,1,0,0,0,0
3,2021-06-12,책장이 술술 넘어갈 정도로 소재가 흥미로우나 주인공 성격과 꿈 아닌 현실 내용들이 와닿지 않아서 조금 아쉬웠습니다,63,책장 술술 넘어가다 정도 소재 흥미롭다 주인공 성격 꿈 현실 내용 오다 닿다 조금 아쉽다,16,2021,6,neutral,0,0,0,0,0,1,0,0,0,0,0,0,0,0,0,0,1,1,0,0,0,0,0,0,0,0,0,0,0,0
5,2021-06-11,책 한권을 이렇게 빨리 읽은적이 있었나 하는 생각을 들게했던 책이었어요. '나도 손님이 되어 매일 밤 꾸고싶은 꿈을 고를 수 있다면 참 좋겠다'는 행복한 생각을 해봅니다.,95,권 적 생각 나다 손님 되어다 매일 밤 꾸다 꿈 고르다 차다 좋다 행복하다 생각 해보다,25,2021,6,positive,0,0,0,0,1,0,0,0,0,0,0,0,0,0,0,2,0,0,0,0,0,0,0,0,0,0,0,1,0,0
5,2021-06-11,"꿈에피소드들 마다 인물 들의 희노애락이 묻어나요. 자신의 삶에 만족하는 것, 할머니의 마끼아또 꿈을 생각하면 아직도 눈물이 도네요.",73,꿈 에피소드 마다 인물 희노애락 묻다 자신 삶 만족하다 할머니 마끼아또 꿈 생각 눈물 도,17,2021,6,positive,0,0,0,0,0,0,0,0,0,0,0,0,0,0,0,1,0,0,0,0,0,0,0,0,0,0,0,0,0,0
4,2021-06-09,잠자기 전에 잔잔한 음악과 함께 노란빛 모드등 켜놓고 침대에서 읽다가 자기 좋은 책이에요.....딱 나른한 느낌??,64,잠자다 전 잔잔하다 음악 노랗다 빛 모드 켜다 침대 자기 좋다 나른하다,15,2021,6,positive,0,0,0,0,0,0,0,0,0,0,0,0,0,0,0,0,0,0,0,0,0,0,0,0,1,0,0,1,0,0
3,2021-06-05,신선한 소재의 무난한 동화,14,신선하다 소재 무난 동화,4,2021,6,neutral,0,0,0,0,0,0,1,0,0,0,0,0,0,0,0,0,1,0,0,1,0,0,0,0,0,0,0,0,0,0
5,2021-05-31,재미있게 읽었습니다. 마음이 따뜻해지는 판타지 소설이네요.,32,재미있다 마음 따뜻하다 판타지 요,6,2021,5,positive,0,0,0,0,0,0,0,1,1,0,0,0,0,0,0,0,0,0,0,0,0,0,0,0,0,1,0,0,0,0
4,2021-05-29,가볍게 읽을 수 있으면서 재미도 있었던 소설이네요!,28,가볍다 재미 요,7,2021,5,positive,0,1,0,0,0,0,0,0,0,0,0,0,0,0,0,0,0,0,0,0,0,0,0,0,0,0,0,0,0,0
2,2021-05-28,동화같네요 유치해요,10,동화 유치하다,2,2021,5,negative,0,0,0,0,0,0,1,0,0,0,0,0,0,0,0,0,0,0,0,0,0,0,0,0,0,0,0,0,0,0
2,2021-05-27,"처음에는 너무 취향이 아니고 오글거리는 부분이 많아서 중간정도 읽다가 포기했는데, 독서모임 선정책이라 ... 다시 포기하지 않고 다시 읽어보니 .. 나름 재밌는 구석들도 있네요 군데군데 설정에 모순되는 부분도 있어서 갸웃하기도 하고, 인물들도 작위적인 부분이 있으나, 꿈이라는 공간을 채우는 작가의 상상력이 귀여웠습니다~ 하지만, 역시나 성인대상으로 보기엔 유치한 구석이 많아서.. 성인이 아니라 초중생들을 위한 책 수준으로  에피소드들의 수위를 낮추고, 모순되는 부분들을 좀 더 세심하게 수정해서  초중생 대상의 이야기로 다시 발매되면 좋겠어요.",306,처음 취향 오글거리다 많다 중간 정도 포기 독서 모임 선 정책 다시 포기 다시 나름 재밌다 구석 군데군데 설정 모순 갸웃하다 인물 작위 꿈 공간 채우다 작가 상상력 귀엽다 역시 인대 보기 유치하다 구석 많다 성인 초중생 위 수준 에피소드 수위 낮추다 모순 세심 수정 초중생 대상 다시 발매 좋다,68,2021,5,negative,0,0,0,0,0,0,0,0,0,0,2,0,0,0,1,0,0,0,0,0,0,0,0,1,0,0,1,1,0,0
5,2021-05-26,"꿀잼. 쉴사이없이 다 읽었고, 다읽은 사실이 아쉬워요.",30,꿀잼 쉬다 사이 사실 아쉽다,7,2021,5,positive,0,0,0,0,0,0,0,0,0,0,0,0,0,0,0,0,0,0,0,0,0,0,0,0,0,0,0,0,0,0
3,2021-05-24,잔잔하고 따듯한 소설입니다.,15,잔잔하다 따다,3,2021,5,neutral,0,0,0,0,0,0,0,0,0,0,0,0,0,0,0,0,0,0,0,0,0,0,0,0,1,0,0,0,0,0
4,2021-05-23,따뜻한 이불 안에서 누워서 보면 나도 꿈백화점에 있는 상상이 든다.,37,따뜻하다 이불 안 눕다 나다 꿈 백화점 상상,10,2021,5,positive,0,0,0,0,0,0,0,1,0,0,0,1,0,1,0,0,0,0,0,0,0,0,0,0,0,0,0,0,0,0
4,2021-05-20,오감을 떠올리며 볼수있는 맛있는 책,19,오감 떠올리다 맛있다,5,2021,5,positive,0,0,0,0,0,0,0,0,0,0,0,0,0,0,0,0,0,0,0,0,0,0,0,0,0,0,0,0,0,0
5,2021-05-17,술술 재미있게 읽었습니다~ 그 와중에 욱컥 감정이 실리는 에피소드도 있었고~ 읽기 좋네요,49,술술 재미있다 와중 욱컥 감정 실리다 에피소드 좋다,12,2021,5,positive,0,0,0,0,0,0,0,0,0,0,0,0,0,0,0,0,0,1,0,0,0,0,0,0,0,1,0,1,0,0
5,2021-05-17,항상 잠을 잘때 꾸는 꿈들에 대해 궁금했었는데 이 책을 읽으면서 정말 나도 꿈을 백화점에서 사 오는 걸까? 라는 생각도 들고 여러모로 재미있는 책인것 같아요.,88,항상 잠 때 꾸다 꿈 대해 궁금하다 나다 꿈 백화점 사 오다 걸다 생각 모로 재미있다,24,2021,5,positive,0,0,0,0,1,0,0,0,0,0,0,1,0,0,0,1,0,0,0,0,0,0,0,0,0,1,0,0,0,0
5,2021-05-16,"다양한 꿈에 관한 소재도 너무 좋고, 에피소드들도 울림을 주는 좋은 내용들이였습니다~ 재밌게 잘읽었어요",57,다양하다 꿈 관 소재 좋다 에피소드 울림 주다 좋다 내용 들이다 재밌다,13,2021,5,positive,0,0,0,0,0,1,0,0,0,0,0,0,0,0,0,0,1,0,0,0,0,0,0,0,0,0,1,2,0,0
5,2021-05-16,한국에 이런 소설이 있었나 감탄하며 읽었습니다.,26,한국 이렇다 감탄,6,2021,5,positive,0,0,0,0,0,0,0,0,0,0,0,0,0,0,0,0,0,0,0,0,0,1,0,0,0,0,0,0,0,1
4,2021-05-15,요새처럼 혼탁한 때에 마음편히 읽기 좋은 책.,25,요새 혼탁 때 마음 편하다 좋다,7,2021,5,positive,0,0,0,0,0,0,0,0,1,0,0,0,0,0,0,0,0,0,0,0,0,0,0,0,0,0,0,1,0,0
5,2021-05-13,눈물이 찔끔... 생각이 많아지게 하는 책이네요,26,눈물 생각 많아지다 요,6,2021,5,positive,0,0,0,0,0,0,0,0,0,0,0,0,0,0,0,1,0,0,0,0,0,0,0,0,0,0,0,0,0,0
5,2021-05-12,오랜만에 아주 재밌고 통통튀는 기발한 책을 읽었습니다. 마음이 따뜻해지고 괜시리 꿈이 꾸고 싶어지는 책이네요. 요 몇일 잠을 못자서 더 그런 것 같아요. 작가님의 차기작도 기대됩니다.,102,아주 재밌다 통통 튀다 기발하다 마음 따뜻하다 괜시리 꿈 꾸다 요 요 일 잠 못자다 그렇다 작가 차기작 기대,25,2021,5,positive,0,0,0,0,1,0,0,1,1,0,0,0,0,0,0,0,0,0,0,0,0,0,0,1,0,0,1,0,0,0
5,2021-05-07,아기자기하고 귀엽습니다. 재미있게 읽었어요. 영화로 나오면 좋겠네요,37,아기자기하다 귀엽다 재미있다 영화로 좋다,7,2021,5,positive,0,0,0,0,0,0,0,0,0,0,0,0,0,0,0,0,0,0,0,0,0,0,0,0,0,1,0,1,0,0
3,2021-05-07,....유치합니다....ㅜㅜ,15,유치하다,1,2021,5,neutral,0,0,0,0,0,0,0,0,0,0,0,0,0,0,0,0,0,0,0,0,0,0,0,0,0,0,0,0,0,0
5,2021-05-05,"간결하게 읽히는 가독성 좋은 문체에 페니 중심으로 알게 되는 달러구트 꿈 백화점의 이야기가 신선하면서도 친근하게 느껴졌습니다. 달러구트가 말하는 문장들이 가슴 깊숙이 와닿을 때도 있었어요. 만약 제가 꿈 백화점에 가면, 어느 층에 갈 지 상상하는 것도 꽤 재미있었고.. 시간이 지나서 다시 꺼내어 읽어보고 싶은 동화같은 이야기 였습니다. 잘 읽었어요:)",197,간결하다 읽히다 가독성 좋다 문체 페니 중심 알 달러 구트 꿈 백화점 신선하다 친근하다 느껴지다 달러 구트 말 문장 가슴 오다 닿다 때 만약 제 꿈 백화점 가면 층 갈다 지다 상상 꽤 재미있다 시간 지나다 다시 꺼내다 보고 동화,48,2021,5,positive,0,0,0,0,0,0,1,0,0,0,0,2,0,1,0,0,0,0,1,1,0,0,1,0,0,1,0,1,0,0
5,2021-05-03,중간까진 ‘내가 너무 기대했나?’ 라는 생각이 들정도로 지루했습니다 이후론 뒷이야기가 궁금해 빨리 읽혀졌고 정말 나도 꿈백화점을 다닐까 라는 재밌는 상상도 하게됐습니다 잘읽었습니다 작가님,104,중간 내 기대하다 생각 정도 지루하다 이후 론 뒷이야기 궁금하다 읽히다 나다 꿈 백화점 다니다 재밌다 상상 돼다 작가,23,2021,5,positive,0,0,0,0,0,0,0,0,0,0,0,1,0,1,0,1,0,0,0,0,0,0,1,1,0,0,1,0,0,0
3,2021-05-02,잔잔하면서 술술 읽히는 책이었습니다. 하지만 끝맺음이 딱히 없어서 조금 아쉽습니다.,46,잔잔하다 술술 읽히다 끝 맺다 딱하다 조금 아쉽다,10,2021,5,neutral,0,0,0,0,0,0,0,0,0,0,0,0,0,0,0,0,0,1,0,0,0,0,1,0,1,0,0,0,0,0
5,2021-04-21,"이 책을 읽고 나서 침대에 누워 잠들기 전,  잠든 내가 달러구트의 백화점으로 찾아갈 것 같은 상상을 합니다ㅎㅎ",62,나서다 침대 눕다 잠들다 전 잠들다 내 달러 구트 백화점 찾아가다 상상,17,2021,4,positive,0,0,0,0,0,0,0,0,0,0,0,1,0,1,0,0,0,0,0,0,0,0,0,0,0,0,0,0,0,0
5,2021-04-19,소재도 신선하고 읽으면서 굉장히 기분이 좋아지는 책이에요 추천합니다!!,39,소재 신선하다 굉장하다 기분 좋아지다 추천,8,2021,4,positive,0,0,0,1,0,0,0,0,0,0,0,0,0,0,0,0,1,0,0,1,0,0,0,0,0,0,0,0,1,0
5,2021-04-18,소재가 너무 귀엽고 힐링이 되는 책이에요 한번쯤 궁금하게 느껴졌던 꿈의 세계가 정말 있을것만 같고 요즘 계속 꿈을 꾸었는데 저도 왠지 단골손님중에 하나가 아닐까하는 생각이 들었습니다,101,소재 귀엽다 힐링 한번 궁금하다 느껴지다 꿈 세계 요즘 계속 꿈 꾸다 단골 손님 하나 생각,25,2021,4,positive,0,0,0,0,1,0,0,0,0,0,0,0,0,0,0,1,1,0,0,0,0,0,0,0,0,0,0,0,0,0
5,2021-04-17,책이 너무 귀여워요. 책을 통해 이런 세상을 만나볼 수 있어서 너무 행복했습니다.,45,귀엽다 통해 이렇다 세상 나볼 행복하다,12,2021,4,positive,0,0,0,0,0,0,0,0,0,0,0,0,0,0,0,0,0,0,0,0,0,1,0,0,0,0,0,0,0,0
4,2021-04-14,포근한 환상동화같은 느낌이에요ㅎㅎ 진행도 내용도 잔잔해요,31,포근하다 환상 동화 진행 내용 잔잔하다,6,2021,4,positive,0,0,0,0,0,1,1,0,0,0,0,0,0,0,0,0,0,0,0,0,0,0,0,0,1,0,0,0,0,0
4,2021-04-12,용두사미. 뱀의 꼬리이긴 한데 그 뱀이 참 예뻤습니다.,30,용두사미 뱀 꼬리 이기다 뱀 차다 예쁘다,8,2021,4,positive,0,0,0,0,0,0,0,0,0,0,0,0,0,0,0,0,0,0,0,0,0,0,0,0,0,0,0,0,0,0
5,2021-04-12,매일 꿈을꾸는사람으로써 굉장히 흥미롭게 봤습니다.굿,28,매일 꿈 꾸다 사람 굉장하다 흥미롭다 굿,5,2021,4,positive,0,0,0,0,1,0,0,0,0,0,0,0,1,0,0,0,0,0,0,0,0,0,0,0,0,0,0,0,0,0
5,2021-04-11,"달러구트의 꿈의 백화점을 읽고 꿈에 대한 생각이 조금 바뀌었다. 어쩌면 그냥 무의식중에 꾸는 꿈이 나도모르는 사이 꿈의 백화점에 가서 내가 고른 꿈은 아닐까? 꿈의 제작자 이야기, 달라구트 이야기, 세제자 이야기 모두 새롭게 재미있었다.  밤에 잠을 청할때 오늘은 어떤 꿈이 기다릴지 기대가 되게 만들어 준 고마운 책이다.  외국소설일 것 만 같았는데~~ 우리나라 작가가 이렇게 멋진 소설을 쓰다니 ~~ 멋지다~^^*",233,달러 구트 꿈 백화점 꿈 대한 생각 조금 바뀌다 어쩌면 그냥 무의식 꾸다 꿈 나다 모르다 사이 꿈 백화점 가다 내 고르다 꿈 꿈 제작자 달라 구트 제자 모두 새롭다 재미있다 밤 잠 청 때 오늘 어떻다 꿈 기다리다 기대 만들다 준 고맙다 외국 일 우리나라 작가 멋지다 쓰다 멋지다,58,2021,4,positive,1,0,0,0,1,0,0,0,0,0,0,2,0,0,0,1,0,0,0,0,0,0,0,1,0,1,0,0,0,0
5,2021-04-11,매끄럽게 읽히는 좋은 문장과 책속의 세계에 푹 빠질 수 있는 즐거운 시간이었습니다,45,매끄럽다 읽히다 좋다 문장 책속 세계 푹 빠지다 즐겁다 시간,12,2021,4,positive,0,0,0,0,0,0,0,0,0,0,0,0,0,0,0,0,0,0,1,0,0,0,1,0,0,0,0,1,0,0
5,2021-04-09,책 속 세계에 들어가고싶을반큼 몰입해서 재밌게 읽었어요!,31,속 세계 들어가다 반 크다 몰입 재밌다,7,2021,4,positive,0,0,0,0,0,0,0,0,0,0,0,0,0,0,0,0,0,0,0,0,0,0,0,0,0,0,1,0,0,0
5,2021-04-02,재밌는데 마무리가 없는 느낌,15,재밌다 마무리,4,2021,4,positive,0,0,0,0,0,0,0,0,0,0,0,0,0,0,0,0,0,0,0,0,0,0,0,0,0,0,1,0,0,0
4,2021-03-31,가볍게 읽기 좋은 소설!,13,가볍다 좋다,4,2021,3,positive,0,1,0,0,0,0,0,0,0,0,0,0,0,0,0,0,0,0,0,0,0,0,0,0,0,0,0,1,0,0
5,2021-03-30,낭만적인 이야기다.°∆°,13,낭만,2,2021,3,positive,0,0,0,0,0,0,0,0,0,0,0,0,0,0,0,0,0,0,0,0,0,0,0,0,0,0,0,0,0,0
3,2021-03-30,왜 그리 힛트쳤나는 모르겠다. 가볍게 읽기는 괜찮은데 맹탕. 굳이 찾아 읽을 필요를 못 느끼겠음. 그냥 이런 즐거운 소설이 늘어나는 건 좋음. 칙칙한 한국 소설 지형을 벗어나는 것이 좋아 별 세 개 줍니디.,115,왜 그리다 힛트쳤나 모르다 가볍다 괜찮다 맹탕 굳이 찾다 필요 못 그냥 이렇다 즐겁다 늘어나다 건 좋다 칙칙하다 한국 지형 벗어나다 좋다 별 세 개 줍다,32,2021,3,neutral,0,1,0,0,0,0,0,0,0,0,0,0,0,0,0,0,0,0,0,0,0,1,0,0,0,0,0,2,0,1
4,2021-03-30,잔잔한 인생 이야기가 좋네요.,16,잔잔하다 인생 좋다,4,2021,3,positive,0,0,0,0,0,0,0,0,0,0,0,0,0,0,0,0,0,0,0,0,0,0,0,0,1,0,0,1,0,0
4,2021-03-22,"볼만했다 감동도 받았다. 하지만, 초반에 조금 재미 없었다. 첫 진입하기가 힘든것 제외하고는 그런데로 볼만했네요. 독서를 좋아하는 분들에게는 추천을 하지만 그렇지 않은분에게는 추천이 망설어집니다.",109,볼 감동 받다 초반 조금 재미 첫 진입 힘드다 제외 데 볼 독서 좋아하다 분 추천 그렇다 분 추천 망 설다 지다,23,2021,3,positive,0,0,1,0,0,0,0,0,0,0,0,0,0,0,0,0,0,0,0,0,0,0,0,0,0,0,0,0,2,0
5,2021-03-21,"nice book. i liked it very much,",32,,7,2021,3,positive,0,0,0,0,0,0,0,0,0,0,0,0,0,0,0,0,0,0,0,0,0,0,0,0,0,0,0,0,0,0
3,2021-03-21,가볍게 읽기 좋은책..,12,가볍다 좋다,3,2021,3,neutral,0,1,0,0,0,0,0,0,0,0,0,0,0,0,0,0,0,0,0,0,0,0,0,0,0,0,0,1,0,0
5,2021-03-20,기분좋고 가슴 따뜻해지는 세계관에 흠뻑 빠져들어 읽었습니다.,33,기분 좋다 가슴 따뜻하다 세계관 흠뻑 빠져들다,7,2021,3,positive,0,0,0,1,0,0,0,1,0,0,0,0,0,0,0,0,0,0,0,0,0,0,0,0,0,0,0,1,0,0
5,2021-03-17,너무 재밌고 계속 상상하게 하는 이야기네요! 그리고 꿈과 사람들의 인생이 연결되는 과정을 풀어낸 것이 신기하고 인상깊었어요❤️,70,재밌다 계속 상상 꿈 사람 인생 연결 과정 풀다 내다 신기하다 인상 깊다,16,2021,3,positive,0,0,0,0,0,0,0,0,0,0,0,0,1,1,0,0,0,0,0,0,0,0,0,0,0,0,1,0,0,0
3,2021-03-15,제목이 유명했던것 같아서 봤는데 특별이 엄청 재미있지는 않은데 잘 읽히는 잔잔한 이야기,48,제목 유명하다 특별 재미있다 읽히다 잔잔하다,12,2021,3,neutral,0,0,0,0,0,0,0,0,0,0,0,0,0,0,0,0,0,0,0,0,0,0,1,0,1,1,0,0,0,0
5,2021-03-14,설램 한병을 찾아서 다행인데 갑자기 이야기가 끝겨서 아쉬워요 ~2탄도 만들어주세요~ 작가님!,51,설램 병 찾다 다행 갑자기 끝겨 아쉽다 2 탄도 만들다 작가,11,2021,3,positive,0,0,0,0,0,0,0,0,0,0,0,0,0,0,0,0,0,0,0,0,0,0,0,1,0,0,0,0,0,0
5,2021-03-06,소재거리가 참신하네요. 2권도 나올듯,20,소재 거리 참신하다 2 권,4,2021,3,positive,0,0,0,0,0,0,0,0,0,0,0,0,0,0,0,0,1,0,0,0,0,0,0,0,0,0,0,0,0,0
5,2021-03-05,인셉션을 구체적으로 설계하신듯 ㅎㅎ,19,인셉션 구체 설계,4,2021,3,positive,0,0,0,0,0,0,0,0,0,0,0,0,0,0,0,0,0,0,0,0,0,0,0,0,0,0,0,0,0,0
2,2021-03-03,베스터셀러라는 게 믿기지 않는 지루할 때 읽을 만한 책,30,베스 터 셀러 게 믿다 지루하다 때,9,2021,3,negative,0,0,0,0,0,0,0,0,0,0,0,0,0,0,0,0,0,0,0,0,0,0,0,0,0,0,0,0,0,0
5,2021-02-28,오랜만에 너무 감동적인 소설이었어요. 설레고 흐뭇하고 감동적인 장면도 있는 재밌는 소설입니다.,52,감동 설레다 흐뭇하다 감동 장면 재밌다,11,2021,2,positive,0,0,2,0,0,0,0,0,0,0,0,0,0,0,0,0,0,0,0,0,0,0,0,0,0,0,1,0,0,0
5,2021-02-24,"때로는 잔잔하고 행복한 기분이 들고 때로는 다양한 꿈과 내용을 상상하는 재미가 있다. 그리고 먼저 떠나간 사람들이 꿈에 나왔을 때 기분,슬픔이 들었고 공감되는 책이였다",93,때로는 잔잔하다 행복하다 기분 때로는 다양하다 꿈 내용 상상 재미 먼저 떠나가다 사람 꿈 때 기분 슬픔 공감,23,2021,2,positive,0,0,0,2,0,1,0,0,0,0,0,0,1,1,0,0,0,0,0,0,0,0,0,0,1,0,0,0,0,0
5,2021-02-24,현실세계에 있을 법한 등장인물이 몰입도를 높이네요. 어른들의 동화.,37,실세 법 등장인물 몰입도 높이다 어른 동화,8,2021,2,positive,0,0,0,0,0,0,1,0,0,0,0,0,0,0,0,0,0,0,0,0,1,0,0,0,0,0,0,0,0,0
5,2021-02-24,독자들 각각 다양하게 상상한 달러구트들이 궁금하네요. 이 책을 읽으면서 괜시리 꿈도 더 많이 꾸게된 것 같은 느낌적인 느낌! 강추해요!!,76,독자 각각 다양하다 상상 달러 구트 궁금하다 괜시리 꿈 꾸다 강 추하다,19,2021,2,positive,0,0,0,0,1,0,0,0,0,0,0,0,0,1,0,0,0,0,0,0,0,0,0,0,0,0,0,0,0,0
5,2021-02-24,마음이 따듯해지는 재밌는 책. 앉은자리에서 다 보게되는 마법... 가볍고 잔잔한 감동을 원하신다면 추천합니다,60,마음 따다 해지 재밌다 앉은자리 마법 가볍다 잔잔하다 감동 원하다 추천,13,2021,2,positive,0,1,1,0,0,0,0,0,1,0,0,0,0,0,0,0,0,0,0,0,0,0,0,0,1,0,1,0,1,0
5,2021-02-21,초반에 설정 이해하는 부분이 좀 지루한가 싶었는데 그 뒤로는 엄청 잘 읽혀요. 이런 생각을 하는 작가님도 신기하고 그 이야기가 진짜 벌어지는 것처럼 설득당하는 제 자신도 신기했습니다. 재미고 있고 감동도 있었어요.,119,초반 설정 이해 지루하다 뒤 읽히다 이렇다 생각 작가 신기하다 진짜 벌어지다 설득 당하다 제 자신 신기하다 재미 감동,30,2021,2,positive,0,0,1,0,0,0,0,0,0,0,0,0,0,0,0,1,0,0,0,0,0,1,1,1,0,0,0,0,0,0
5,2021-02-20,감동과 재미가 있는 소설! 잘 읽었습니다!,23,감동 재미,6,2021,2,positive,0,0,1,0,0,0,0,0,0,0,0,0,0,0,0,0,0,0,0,0,0,0,0,0,0,0,0,0,0,0
1,2021-02-19,지루하고 유치하다...나미야 잡화점의 기적이 유치 했다면 이 책은 안읽는 걸 추천 합니다,49,지루하다 유치하다 나미 잡화 기적 유치 걸 추천,12,2021,2,negative,0,0,0,0,0,0,0,0,0,0,0,0,0,0,0,0,0,0,0,0,0,0,0,0,0,0,0,0,1,0
2,2021-02-19,이런 책도 베셀이 될 수 있구나... 아이디어는 굿!,29,이렇다 베셀 아이디어 굿,8,2021,2,negative,0,0,0,0,0,0,0,0,0,0,0,0,0,0,0,0,0,0,0,0,0,1,0,0,0,0,0,0,0,0
5,2021-02-19,순식간에 다 읽었습니다. 꿈 꾸고 일어날때마다 이 책의 내용들이 생각나요~,41,순식간 꿈 꾸다 일어나다 때 내용 생각나다,10,2021,2,positive,0,0,0,0,1,1,0,0,0,0,0,0,0,0,0,0,0,0,0,0,0,0,0,0,0,0,0,0,0,0
5,2021-02-15,"쉽게 읽을 수 있는 책, 쉼이 필요할 때, 읽기 좋아요 :)",33,쉬다 쉬다 필요하다 때 좋다,11,2021,2,positive,0,0,0,0,0,0,0,0,0,0,0,0,0,0,0,0,0,0,0,0,0,0,0,0,0,0,0,1,0,0
5,2021-02-14,꿈가게가 있다면 그곳에서 일하고 싶네요~~^^,25,꿈 가게 곳 일,5,2021,2,positive,0,0,0,0,0,0,0,0,0,0,0,0,0,0,0,0,0,0,0,0,0,0,0,0,0,0,0,0,0,0
5,2021-02-14,이 책으로 인해 기분이 몽글해졌어요. 내가 정말 주인공이 되어 꿈백화점에 일하는 기분이 들게해주네요.  만약 다음 이야기가 나온다면 너무 기대되요!,82,인하다 기분 몽글하다 내 주인공 되어다 꿈 백화점 일 기분 해주다 만약 다음 기대다 요,19,2021,2,positive,0,0,0,2,0,0,0,0,0,0,0,1,0,0,0,0,0,0,0,0,0,0,0,0,0,0,0,0,0,0
5,2021-02-14,매일밤 꿈속에서 일어나는 일들을 새로운 관점에서 바라보게 해준 아주 소중한 책 입니다,47,일밤 꿈속 일어나다 일 새롭다 관점 바라보다 해주다 아주 소중하다,12,2021,2,positive,0,0,0,0,0,0,0,0,0,0,0,0,0,0,0,0,0,0,0,0,0,0,0,0,0,0,0,0,0,0
5,2021-02-12,상상력이 좋네요. 재밌었습니다.,17,상상력 좋다 재밌다,3,2021,2,positive,0,0,0,0,0,0,0,0,0,0,0,0,0,0,1,0,0,0,0,0,0,0,0,0,0,0,1,1,0,0
1,2021-02-12,그냥 애들 보는 동화책 같은 느낌. 유치해서 반쯤 보다 덮음.,34,그냥 애 동화책 유치하다 쯤 덮다,10,2021,2,negative,0,0,0,0,0,0,0,0,0,0,0,0,0,0,0,0,0,0,0,0,0,0,0,0,0,0,0,0,0,0
3,2021-02-11,소소한 주제로 자극적이지않게 읽을만한책,21,소소하다 주제 자극,4,2021,2,neutral,0,0,0,0,0,0,0,0,0,0,0,0,0,0,0,0,0,0,0,0,0,0,0,0,0,0,0,0,0,0
5,2021-02-11,재미있어요 아쉽고 궁금한 점도 있지만 재미있는책.,27,재미있다 아쉽다 궁금하다 점도 재미있다,6,2021,2,positive,0,0,0,0,0,0,0,0,0,0,0,0,0,0,0,0,0,0,0,0,0,0,0,0,0,2,0,0,0,0
5,2021-02-10,가볍게 재밌게 읽었습니다. 고맙습니다. 심리적인 지지와 위로가 필요하다면 읽어보기를 추천합니다.,53,가볍다 재밌다 고맙다 심리 지지 위로 필요하다 보기 추천,10,2021,2,positive,0,1,0,0,0,0,0,0,0,0,0,0,0,0,0,0,0,0,0,0,0,0,0,0,0,0,1,0,1,0
5,2021-02-09,기분좋게 한권읽었습니다. 매일 누구나 꾸는 꿈이기네 더 흥미로웠어요,37,기분 좋다 권 매일 누구 꾸다 꿈 이기 흥미롭다,8,2021,2,positive,0,0,0,1,1,0,0,0,0,0,0,0,0,0,0,0,0,0,0,0,0,0,0,0,0,0,0,1,0,0
5,2021-02-09,"마음이 따뜻해지는 책, 읽고나면 왜 이렇게 인기가 많은지 알 수 있는 책",40,마음 따뜻하다 왜 인기 많다 알,12,2021,2,positive,0,0,0,0,0,0,0,1,1,0,1,0,0,0,0,0,0,0,0,0,0,0,0,0,0,0,0,0,0,0
5,2021-02-09,삶의 소소한 행복은 멀리 있지않다는걸 알려준 책이예요,29,삶 소소하다 행복 멀리 알다 준,7,2021,2,positive,0,0,0,0,0,0,0,0,0,0,0,0,0,0,0,0,0,0,0,0,0,0,0,0,0,0,0,0,0,0
5,2021-02-08,영화로 만들어지면 재밌을 것 같아요 ㅎㅎ 힐링되고 감동적인 책이었습니다,39,영화로 만들어지다 재밌다 힐링 감동,9,2021,2,positive,0,0,1,0,0,0,0,0,0,0,0,0,0,0,0,0,0,0,0,0,0,0,0,0,0,0,1,0,0,0
5,2021-02-07,애니메이션이나 영화로 만들어져도 멋질 것 같아요!!!,29,애니메이션 영화로 만들어지다 멋지다,6,2021,2,positive,0,0,0,0,0,0,0,0,0,0,0,0,0,0,0,0,0,0,0,0,0,0,0,0,0,0,0,0,0,0
5,2021-02-07,막심 너무 귀여웠고... 소재가 참신하면서도 감동적이고 여러 생각을 하게 만드는 이야기들이에요! 앞으로 트라우마인 꿈을 꿔도 더 긍정적으로 생각할 수 있을 것 같아요 좋은 이야기 써주셔서 감사합니다 :) 완전 추천해요!,122,막심 귀엽다 소재 참신하다 감동 여러 생각 만들다 앞 트라우마 꿈 꾸다 긍정 생각 좋다 써주다 감사하다 완전 추천,29,2021,2,positive,0,0,1,0,1,0,0,0,0,0,0,0,0,0,0,2,1,0,0,0,0,0,0,0,0,0,0,1,1,0
5,2021-02-06,신선한 소재 재밌게 잘 읽혀요,16,신선하다 소재 재밌다 읽히다,5,2021,2,positive,0,0,0,0,0,0,0,0,0,0,0,0,0,0,0,0,1,0,0,1,0,0,1,0,0,0,1,0,0,0
5,2021-02-06,정말 오랜만에 재미 있게 처음부터 끝까지 읽은 책이에요. 신선한 내용이라 정말 좋았어요!,49,재미 처음 끝 신선하다 내용 좋다,12,2021,2,positive,0,0,0,0,0,1,0,0,0,0,0,0,0,0,0,0,0,0,0,1,0,0,0,0,0,0,0,1,0,0
5,2021-02-04,읽는 동안 현실에 찌든 마음이 순수함으로 정화 되었어요 재미있었습니다,38,동안 현실 찌들다 마음 순수하다 정화 되어다 재미있다,9,2021,2,positive,0,0,0,0,0,0,0,0,1,0,0,0,0,0,0,0,0,0,0,0,0,0,0,0,0,1,0,0,0,0
3,2021-02-02,재미난 상상력을 가진 책!,14,재미 상상력 가지다,4,2021,2,neutral,0,0,0,0,0,0,0,0,0,0,0,0,0,0,1,0,0,0,0,0,0,0,0,0,0,0,0,0,0,0
3,2021-02-01,소재가 재밌어서 읽기 좋았다. 어렵게 서술돼 있지 않아 부담없이 읽기에 좋은 소설이었다.,49,소재 재밌다 좋다 어렵다 서술 돼다 부담 좋다,12,2021,2,neutral,0,0,0,0,0,0,0,0,0,0,0,0,0,0,0,0,1,0,0,0,0,0,0,0,0,0,1,2,0,0
4,2021-01-30,"'꿈을 판매하는 상점이 있다'  어리둥절 한 기분을 느끼게하는 이 문장이 이 책이 가진 주재료라고 생각합니다. 이북리더기를 구매하고 해리포터 시리즈를 읽은 후 한동안 기기를 이용조차 하지않았는데, 이 책을 읽고나니 제가 만족할만한 소비활동을 했다는 생각이 들었습니다.  매일밤 잠에 들고 아침에 깨는 지극히 당연한 섭리에 '꿈을 파는 백화점'이라는 설정을 덧붙인 작가님의 상상력이 존경스럽습니다.",221,꿈 판매 상점 어리둥절 기분 문장 가지다 재료 생각 이북 리더 기르다 구매 해리포터 시리즈 후 기기 이용 제 만족하다 소비 활동 생각 일밤 잠 아침 깨다 당연하다 섭리 꿈 팔다 백화점 설정 덧붙이다 작가 상상력 존경 스럽다,50,2021,1,positive,0,0,0,1,0,0,0,0,0,0,0,1,0,0,1,2,0,0,0,0,0,0,0,1,0,0,0,0,0,0
4,2021-01-29,잔잔한 감동이 있네요,11,잔잔하다 감동,3,2021,1,positive,0,0,1,0,0,0,0,0,0,0,0,0,0,0,0,0,0,0,0,0,0,0,0,0,1,0,0,0,0,0
1,2021-01-29,"어디선가 본 거 같은 인물의 설정, 중간에 어울리지 않는 어휘 선택 등이 몰입에 방해가 됩니다. 최근 한국 영화의 단점으로 자주 꼽히던 신파요소까지 더하면 이 책이 왜 인기 있는지도 알겠고  또한 실망스러운지도 알겠습니다. 소장보다는 대여 혹은 유튜브 정리본을 보는걸 추천합니다.",156,어디 선 거 인물 설정 중간 어울리다 어휘 선택 몰입 방해 최근 한국 영화 단점 자주 꼽히다 신파 요소 더하다 왜 인기 알다 또한 실망 지도 알다 소장 대여 유튜브 정리 추천,39,2021,1,negative,0,0,0,0,0,0,0,0,0,0,0,0,0,0,0,0,0,0,0,0,0,0,0,0,0,0,0,0,1,1
1,2021-01-28,웬만하면 리뷰 안 남기고 지나가는데 이 책은 좀... 이게 왜 베스트셀러인지 모르겠음. 식상함. 문장은 연마되지 않았고 묘사도 수준 이하. 글쓰기 갓 배운 학생들이 제출한 과제 읽는 느낌.,105,웬만하다 리뷰 안 남다 지나가다 왜 베스트셀러 모르다 식상하다 문장 연마 묘사 수준 이하 글쓰기 갓 배우다 학생 제출 과제,27,2021,1,negative,0,0,0,0,0,0,0,0,0,0,0,0,0,0,0,0,0,0,0,0,0,0,0,0,0,0,0,0,0,0
5,2021-01-28,마지막 꿈 스토리에 눈물이 나와서.. 올해 즐겁게 본 책중 하나입니다.,39,마지막 꿈 스토리 눈물 올해 즐겁다 하나,10,2021,1,positive,0,0,0,0,0,0,0,0,0,1,0,0,0,0,0,0,0,0,0,0,0,0,0,0,0,0,0,0,0,0
5,2021-01-27,상상력이좋아요잘봤습니다,12,상상력 좋다,1,2021,1,positive,0,0,0,0,0,0,0,0,0,0,0,0,0,0,1,0,0,0,0,0,0,0,0,0,0,0,0,1,0,0
5,2021-01-25,이런 한국소설을 읽고 싶은 겁니다.,19,이렇다 한국 겁니다,5,2021,1,positive,0,0,0,0,0,0,0,0,0,0,0,0,0,0,0,0,0,0,0,0,0,1,0,0,0,0,0,0,0,1
3,2021-01-25,전반적으로 잔잔하네요,11,전반 잔잔하다,2,2021,1,neutral,0,0,0,0,0,0,0,0,0,0,0,0,0,0,0,0,0,0,0,0,0,0,0,0,1,0,0,0,0,0
5,2021-01-24,기뷴좋은책이에요 편하게술술읽혀서좋네영,20,뷴 좋다 편하다 술술 읽히다 좋다 영,2,2021,1,positive,0,0,0,0,0,0,0,0,0,0,0,0,0,0,0,0,0,1,0,0,0,0,1,0,0,0,0,2,0,0
5,2021-01-24,절 실망시키지 않은책!! 완전 추천,19,절 실망 시키다 완전 추천,5,2021,1,positive,0,0,0,0,0,0,0,0,0,0,0,0,0,0,0,0,0,0,0,0,0,0,0,0,0,0,0,0,1,0
5,2021-01-21,한번도 생각해보지 못했던 꿈에 대한 이야기.. 신비로운 책이에요! ㅎㅎ 잘봤습니다,45,한번 생각 해보다 꿈 대한 신비롭다,10,2021,1,positive,0,0,0,0,0,0,0,0,0,0,0,0,0,0,0,1,0,0,0,0,0,0,0,0,0,0,0,0,0,0
5,2021-01-19,"반 정도 읽다 포기하려고 했는데 뒤가 더 재밌고 감명깊습니다. 중간까지는 너무 청소년권장도서 느낌이 다분해 지루했으나 타인의 삶 파트가 너무 인상깊었고, 예약하신 꿈 파트는 오래오래 기억에 남을 것 같습니다.",116,반 정도 포기 뒤 재밌다 감명 깊다 중간 청소년 권장 도서 다분하다 지루하다 타인 삶 파트 인상 깊다 예약 꿈 파트 오래오래 기억 남,28,2021,1,positive,0,0,0,0,0,0,0,0,0,0,0,0,0,0,0,0,0,0,0,0,0,0,0,0,0,0,1,0,0,0
4,2021-01-19,재미있게 읽었습니다. 베스트셀러에 이름이 눈에 뜨이길래 제목만 보고 외국작가의 책이겠거니 했는데 한국작가 책이라서 의외였어요. 꿈백화점이란 가상의 세계와 한국 현실과 어울릴까 했는데 전혀 무리없이 읽히네요. 출퇴근 하면서 재미있게 읽었습니다.,135,재미있다 베스트셀러 이름 눈 뜨이다 제목 보고 외국 작가 이겠다 한국 작가 의외 꿈 백화점 가상 세계 한국 현실 어울리다 전혀 무리 읽히다 출퇴근 재미있다,28,2021,1,positive,0,0,0,0,0,0,0,0,0,0,0,1,0,0,0,0,0,0,0,0,0,0,1,2,0,2,0,0,0,2
5,2021-01-19,진짜 술술 잘 읽히는 재밌는 소설이였어요~ 읽는 내내 행복했답니다 :),39,진짜 술술 읽히다 재밌다 내내 행복하다,10,2021,1,positive,0,0,0,0,0,0,0,0,0,0,0,0,0,0,0,0,0,1,0,0,0,0,1,0,0,0,1,0,0,0
4,2021-01-18,어린 학생들이 읽기 좋은 책. 재미용으로 좋네요,26,어리다 학생 좋다 재미 용 좋다,7,2021,1,positive,0,0,0,0,0,0,0,0,0,0,0,0,0,0,0,0,0,0,0,0,0,0,0,0,0,0,0,2,0,0
5,2021-01-17,너무너무 재미있었어요 흥미롭고 ㅎㅎ  친구 추천하고싶네요,31,재미있다 흥미 친구 추천,6,2021,1,positive,0,0,0,0,0,0,0,0,0,0,0,0,0,0,0,0,0,0,0,0,0,0,0,0,0,1,0,0,1,0
5,2021-01-17,가볍지만 결코 가볍지만은 않은 따뜻함이 있는 이야기,28,가볍다 결코 가볍다 따뜻하다,7,2021,1,positive,0,2,0,0,0,0,0,1,0,0,0,0,0,0,0,0,0,0,0,0,0,0,0,0,0,0,0,0,0,0
5,2021-01-16,순식간에 읽히는 책! 읽는 동안 꿈의 백화점 모습이 상상돼서 더 즐거운 책. 재밌어요.,48,순식간 읽히다 동안 꿈 백화점 모습 상상 돼다 즐겁다 재밌다,13,2021,1,positive,0,0,0,0,0,0,0,0,0,0,0,1,0,1,0,0,0,0,0,0,0,0,1,0,0,0,1,0,0,0
5,2021-01-16,웬만한 영화보다도 재미있는 책!! 공부하다 쉬는 시간에 핸드폰을 보는 대신 이 책을 읽었습니다ㅎㅎ,54,웬만하다 영화 재미있다 공부 쉬다 시간 핸드폰 대신,13,2021,1,positive,0,0,0,0,0,0,0,0,0,0,0,0,0,0,0,0,0,0,1,0,0,0,0,0,0,1,0,0,0,0
5,2021-01-16,"종이책으로 구매해서 잠이 오지않을 때마다 읽고 또 읽고 싶은 책이에요. 잠들고 꿈꾸는게 무서웠는데, 읽을때마다 마음 따뜻해지면서 잠들 수 있게 해주는 책이에요.",89,종이 구매 잠 오지 때 또 잠들다 꿈꾸다 무섭다 때 마음 따뜻하다 잠들다 해주다,21,2021,1,positive,0,0,0,0,0,0,0,1,1,0,0,0,0,0,0,0,0,0,0,0,0,0,0,0,0,0,0,0,0,0
5,2021-01-15,자기 전에 한시간씩 읽게되는 부담없는 책이에요 마치 저도 꿈 백화점에 가본것만 같은 안락한 기분에 들게해줬습니다.,63,자기 전 시간 부담 마치 꿈 백화점 가보다 안락하다 기분 해주다,15,2021,1,positive,0,0,0,1,0,0,0,0,0,0,0,1,0,0,0,0,0,0,1,0,0,0,0,0,0,0,0,0,0,0
5,2021-01-15,작가의 상상력이 돋보이는 소설.영화로 나오면 꼭 보고싶다는 생각,35,작가 상상력 돋보이다 영화로 꼭 생각,8,2021,1,positive,0,0,0,0,0,0,0,0,0,0,0,0,0,0,1,1,0,0,0,0,0,0,0,1,0,0,0,0,0,0
4,2021-01-11,"참신한 세계관, 잘 읽히지만 그리 가볍지 않은 주제의식 여러모로 만족스러웠다.",43,참신하다 세계관 읽히다 그리다 가볍다 주제 의식 모로 만족스럽다,10,2021,1,positive,0,1,0,0,0,0,0,0,0,0,0,0,0,0,0,0,0,0,0,0,0,0,1,0,0,0,0,0,0,0
3,2021-01-10,"한국 서적처럼 느껴지지 않는 이유가, 뭔가 문체가 굉장히 번역투스러운 부분이 많이 있기때문인 것도 같아요. 저는 개인적으로 어색하게 읽히는 문장이 많았어요. 아이디어나 스토리가 독특해요. 가볍구요. 그림있는 동화책으로 나와도 좋을 것 같고, 아이들이 읽기에 좋을 것 같아요.",153,한국 서적 느껴지다 이유 뭔가 문체 굉장하다 번역 투 때문 개인 어색하다 읽히다 문장 많다 아이디어 스토리 독특하다 가볍다 그리다 동화책 나 좋다 아이 좋다,35,2021,1,neutral,0,1,0,0,0,0,0,0,0,0,1,0,0,0,0,0,0,0,0,0,0,0,1,0,0,0,0,2,0,1
5,2021-01-09,잘 읽었어요 ㅎㅎ재밌었습니다,15,재밌다,3,2021,1,positive,0,0,0,0,0,0,0,0,0,0,0,0,0,0,0,0,0,0,0,0,0,0,0,0,0,0,1,0,0,0
4,2021-01-09,가볍게 읽은 재밌는책입니다,14,가볍다 재밌다,3,2021,1,positive,0,1,0,0,0,0,0,0,0,0,0,0,0,0,0,0,0,0,0,0,0,0,0,0,0,0,1,0,0,0
5,2021-01-08,소설이 너무 귀엽고 막막 아파트뿌셔!,20,귀엽다 막막 아파트 뿌셔,5,2021,1,positive,0,0,0,0,0,0,0,0,0,0,0,0,0,0,0,0,0,0,0,0,0,0,0,0,0,0,0,0,0,0
5,2021-01-08,신선했어요 캐릭터 모두 개성있고 이야기가 따듯해서 좋았네요,32,신선하다 캐릭터 모두 개성 따다 좋다,7,2021,1,positive,0,0,0,0,0,0,0,0,0,0,0,0,0,0,0,0,0,0,0,1,0,0,0,0,0,0,0,1,0,0
5,2021-01-08,딱 잠자리에 들기 전에 읽기 좋은 내용 같아요. 꿈 이야기를 원래 좋아하는 편이라 재미있게 읽었고 잠들기 전에 읽은 탓에 읽는데 오래 걸렸지만... 에피소드 별로 읽으면 금방 읽을 것 같아요. 결국 꿈 백화점에서 이 사람 저 사람 연결되는 구도가 좋았어요! 깊은 이야기는 아니니까 가볍게 읽으실 분들 추천!,171,잠자리 전 좋다 내용 꿈 원래 좋아하다 편이 재미있다 잠들다 전 탓 걸리다 에피소드 별로 금방 꿈 백화점 사람 사람 연결 구도 좋다 깊다 가볍다 추천,46,2021,1,positive,0,1,0,0,0,1,0,0,0,0,0,1,2,0,0,0,0,0,0,0,0,0,0,0,0,1,0,2,1,0
5,2021-01-07,나름 신선한 아이디어와 잔잔한 눈물의 감동까지 재미있게 읽었습니다. 좋은작품 계속 부탁드립니다.,53,나름 신선하다 아이디어 잔잔하다 눈물 감동 재미있다 좋다 작품 계속 부탁드리다,11,2021,1,positive,0,0,1,0,0,0,0,0,0,0,0,0,0,0,0,0,0,0,0,1,0,0,0,0,1,1,0,1,0,0
3,2021-01-07,적당히 스치듯 읽을 때 좋을 거 같아요. 전반적으로 잔잔한 느낌이에요 근데 좀 작품 완성도가 뒤처지는 느낌이 있어요. 힐링물과 많은 감정소비를 싫어하시는 분에게 추천해드려요!!,98,적당하다 스치다 때 좋다 거 전반 잔잔하다 작품 완성 도 뒤 처지다 힐링 물 많다 감정 소비 싫어하다 분 추천 해드리다,23,2021,1,neutral,0,0,0,0,0,0,0,0,0,0,1,0,0,0,0,0,0,0,0,0,0,0,0,0,1,0,0,1,1,0
3,2021-01-07,"제 취향은 아니에요. ㅠㅠ 딱 10대, 20대 초반들이 좋아할만한 느낌. 평점도 좋고 베셀이라고 읽어봤는데 역시 취향을 타는 작품이네요.",76,제 취향 10 대다 20 대다 초반 좋아하다 평점 좋다 베셀 역시 취향 타다 작품 요,18,2021,1,neutral,0,0,0,0,0,0,0,0,0,0,0,0,0,0,0,0,0,0,0,0,0,0,0,0,0,0,0,1,0,0
3,2021-01-06,적당히 흥미롭고 훈훈하지만 읽을거리 없을때 스치듯 가볍게 읽기좋은 어른을 위한 동화,46,적당하다 흥미 훈훈하다 때 스치다 가볍다 좋다 어른 위 동화,11,2021,1,neutral,0,1,0,0,0,0,1,0,0,0,0,0,0,0,0,0,0,0,0,0,1,0,0,0,0,0,0,1,0,0
4,2021-01-06,가볍게 읽기 좋아요,10,가볍다 좋다,3,2021,1,positive,0,1,0,0,0,0,0,0,0,0,0,0,0,0,0,0,0,0,0,0,0,0,0,0,0,0,0,1,0,0
5,2021-01-06,꿈을 파는 백화점을 상상하는 자체가 재미 있네요 ^^ 왠지 이야기가 또 있을 거 같네요~~~~,52,꿈 팔다 백화점 상상 자체 재미 또 거,14,2021,1,positive,0,0,0,0,0,0,0,0,0,0,0,1,0,1,0,0,0,0,0,0,0,0,0,0,0,0,0,0,0,0
5,2021-01-04,따뜻하고 아기자기한 기발함이 녹아있는 ..끝나가는게 아쉬운 책입니다,37,따뜻하다 아기자기하다 기발하다 녹다 끝나다 아쉽다,7,2021,1,positive,0,0,0,0,0,0,0,1,0,0,0,0,0,0,0,0,0,0,0,0,0,0,0,0,0,0,0,0,0,0
5,2021-01-03,"단숨에 읽어 내려간 책이에요. 마음이 따뜻해지고, 뒤돌아서 생각하게 되는 것들이 많은 책이네요. 누군가에게 선물할 일이 있다면 이 책을 선물해주고 싶어요.",86,단숨 내려가다 마음 따뜻하다 뒤 돌아서다 생각 많다 요 누군가 선물 선물 해주다,20,2021,1,positive,0,0,0,0,0,0,0,1,1,0,1,0,0,0,0,1,0,0,0,0,0,0,0,0,0,0,0,0,0,0
5,2021-01-03,정말 재미있게 잘 읽었어용,14,재미있다,4,2021,1,positive,0,0,0,0,0,0,0,0,0,0,0,0,0,0,0,0,0,0,0,0,0,0,0,0,0,1,0,0,0,0
5,2021-01-03,처음 남겨 보네요. 읽는 내내 오랜만에 많이 행복했습니다. 예상 외로 독자를 많이 흔드는 스펙터클한 책이네요!,61,처음 남기다 내내 행복하다 예상 외로 독자 흔들다 스펙 터 크다 요,15,2021,1,positive,0,0,0,0,0,0,0,0,0,0,0,0,0,0,0,0,0,0,0,0,0,0,0,0,0,0,0,0,0,0
4,2021-01-03,가볍게 읽기 좋은 어른용 동화,16,가볍다 좋다 어르다 동화,5,2021,1,positive,0,1,0,0,0,0,1,0,0,0,0,0,0,0,0,0,0,0,0,0,0,0,0,0,0,0,0,1,0,0
4,2021-01-03,"창의력, 소재, 아이디어 등등은 100점인데 작가님의 필력이 못따라와주는 느낌. 소재의 참신함은 정말 좋은데 몰입력이 안따라줘서 읽다가 뚝뚝 집중력이 끊겨요ㅋㅋ 그러다가 궁금해서 또 꾸역꾸역 읽으면 또 내용은 좋아서 재밌고. 앞으로 이후의 작품이 더 기대되는 작가님이네요",151,창의력 소재 아이디어 등등 100 작가 필 따라오다 소재 참신하다 좋다 몰입 따르다 뚝뚝 집중 끊기다 궁금하다 또 또 내용 좋다 재밌다 앞 이후 작품 기대 작가 요,34,2021,1,positive,0,0,0,0,0,1,0,0,0,0,0,0,0,0,0,0,2,0,0,0,0,0,0,2,0,0,1,2,0,0
1,2021-01-03,재미없던데요 .. 평점들이 공감이 안되네요.,24,재미없다 평점 공감 안되다,5,2021,1,negative,0,0,0,0,0,0,0,0,0,0,0,0,0,0,0,0,0,0,0,0,0,0,0,0,0,0,0,0,0,0
5,2021-01-02,"역시 소설은 술술 읽히면서 넘어가는 맛이죠^^ 내용도 참신, 기발하고 따듯한 감동도 있네요~~ 전 마니 좋았어요^^",64,역시 술술 읽히다 넘어가다 맛 내용 참신 기발하다 따다 감동 전 말다 좋다,15,2021,1,positive,0,0,1,0,0,1,0,0,0,0,0,0,0,0,0,0,0,1,0,0,0,0,1,0,0,0,0,1,0,0
5,2021-01-02,별점이 짜네요. 술술읽히고 재미있었어요~! 자칫 유치할수도있는 내용이었는데 잘 풀어내신듯,49,짜다 술술 읽히다 재미있다 자칫 유치하다 내용 풀다 내다,9,2021,1,positive,0,0,0,0,0,1,0,0,0,0,0,0,0,0,0,0,0,1,0,0,0,0,1,0,0,1,0,0,0,0
5,2021-01-02,가볍게 읽기 좋아요. 후속편이 있었으면 하는 바램입니다. 개성적인 캐릭터들을 이렇게 떠나보내기 아쉽네요. 가끔은 이렇게 동화같은 책도 좋은것 같아요.,83,가볍다 좋다 후속 편이 바램 개성 캐릭터 떠나다 보내다 아쉽다 가끔 동화 좋다,18,2021,1,positive,0,1,0,0,0,0,1,0,0,0,0,0,0,0,0,0,0,0,0,0,0,0,0,0,0,0,0,2,0,0
3,2021-01-01,글쎄요~좀 지루한 듯ㅠㅠ 겨우 다 읽었어요,23,글쎄요 지루하다 듯 겨우,6,2021,1,neutral,0,0,0,0,0,0,0,0,0,0,0,0,0,0,0,0,0,0,0,0,0,0,0,0,0,0,0,0,0,0
3,2021-01-01,설정은 있지만 주제는 없는 서사,17,설정 주제 서사,5,2021,1,neutral,0,0,0,0,0,0,0,0,0,0,0,0,0,0,0,0,0,0,0,0,0,0,0,0,0,0,0,0,0,0
5,2021-01-01,따뜻한 감동이 있습니다^^,14,따뜻하다 감동,3,2021,1,positive,0,0,1,0,0,0,0,1,0,0,0,0,0,0,0,0,0,0,0,0,0,0,0,0,0,0,0,0,0,0
4,2020-12-31,"무난하게 따듯한 소설, 그 이상을 기대하면 실망할지도. 갈등이 없어서 기승전결도 없는 힐링 소설",53,무난 따다 이상 기대하다 실망하다 갈등 기승 전결 힐링,13,2020,12,positive,0,0,0,0,0,0,0,0,0,0,0,0,0,0,0,0,0,0,0,0,0,0,0,0,0,0,0,0,0,0
5,2020-12-31,생각지도 못한 재미난 소재로 지어진 내용이라.. 시간 가는 줄 모르고 읽었습니다. 시간이 지나면 다시 한 번 읽어보고 싶네요~^^,72,생각 지도 못 재미 소재 지다 내용 시간 가다 줄 모르다 시간 지나다 다시 번 보고,18,2020,12,positive,1,0,0,0,0,1,0,0,0,0,0,0,0,0,0,1,1,0,2,0,0,0,0,0,0,0,0,0,0,0
5,2020-12-31,이 것이 한국 소설이었군요 처음으로 끝까지 읽은 ????  책 입니다 정말 재미있어요ㆍ  다시 읽고 싶어지는 책,62,한국 처음 끝 재미있다 다시,16,2020,12,positive,0,0,0,0,0,0,0,0,0,0,0,0,0,0,0,0,0,0,0,0,0,0,0,0,0,1,0,0,0,1
5,2020-12-30,저자가 한국인인줄 모르고 읽다 마지막에 알았어요 재밌고 신선하고 술술 읽힙니다 추천해요,48,저자 한국인 줄 모르다 마지막 알다 재밌다 신선하다 술술 읽히다 추천,11,2020,12,positive,0,0,0,0,0,0,0,0,0,1,0,0,0,0,0,0,0,1,0,1,0,0,1,0,0,0,1,0,1,0
4,2020-12-30,한국소설인줄 모르고 보다가 놀랬네요. 가볍게 읽히는책입니다.,33,한국 줄 모르다 놀래다 가볍다 읽히다,6,2020,12,positive,0,1,0,0,0,0,0,0,0,0,0,0,0,0,0,0,0,0,0,0,0,0,1,0,0,0,0,0,0,1
5,2020-12-30,작가를 모르고 읽었더라면 일본소설일거라 샹각했을거예요. 한국인이 이런 상상적인 소설을 쓰셨더니 일단 독자로써 행복하네요. 읽을거리가 다양하고 풍요로워지는거니까요. 계속 상상의 나래를 펴서 다양한 이야기를 만들어 주세요.,122,작가 모르다 샹각 한국인 이렇다 상상 쓸다 일단 독자 로써 행복하다 거리 다양하다 풍요 워 거 요 계속 상상 나래 펴다 다양하다 만들다 줄다,24,2020,12,positive,0,0,0,0,0,0,0,0,0,0,0,0,0,2,0,0,0,0,0,0,0,1,0,1,0,0,0,0,0,0
3,2020-12-29,소재만 참신합니다 !,11,소재 참신하다,3,2020,12,neutral,0,0,0,0,0,0,0,0,0,0,0,0,0,0,0,0,1,0,0,0,0,0,0,0,0,0,0,0,0,0
5,2020-12-28,이 다음이 궁금해지는 소설이었어요. 재밌게 잘 읽었습니다,31,다음 궁금하다 재밌다,7,2020,12,positive,0,0,0,0,0,0,0,0,0,0,0,0,0,0,0,0,0,0,0,0,0,0,0,0,0,0,1,0,0,0
4,2020-12-28,오랜만에 너무 즐겁게 읽었네요 감사합니다~!,24,즐겁다 감사하다,5,2020,12,positive,0,0,0,0,0,0,0,0,0,0,0,0,0,0,0,0,0,0,0,0,0,0,0,0,0,0,0,0,0,0
5,2020-12-28,"잠자는 시간, 꿈꾸는 시간에 대해서 좀 더 생각하게 하는 책이었어요. 꿈을 자주 꾸는 편이라 더 와 닿았나봐요. 재미있었습니다.",71,잠자다 시간 꿈꾸다 시간 대해 생각 꿈 자주 꾸다 편이 오다 닿다 재미있다,18,2020,12,positive,0,0,0,0,1,0,0,0,0,0,0,0,0,0,0,1,0,0,2,0,0,0,0,0,0,1,0,0,0,0
5,2020-12-27,어른들을 위한 동화 같았습니다. 책을 읽는 내내 화려한 배경과 백화점 내부 등 모든것들을 선명하게 상상할 수 있었습니다. 읽는 내내 행복했으며 내가 꾸었던 꿈들에 대해서도 다시 생각해 볼 수 있었습니다. 제 인생에서 아주 큰 트라우마로 남은 사건이 매번 꿈에서 똑같이 재생될때마다 괴로웠는데 이제는 괴롭다고 느끼지 않고 극복할 수 있게 용기를 주네요..,197,어른 위 동화 내내 화려하다 배경 백화점 내부 선명하다 상상 내내 행복하다 내 꾸다 꿈 대해 서도 다시 생각 볼 제 인생 아주 크다 트라우마 남다 사건 매번 꿈 재생 때 괴롭다 이제 괴롭다 극복 용기 주네,50,2020,12,positive,0,0,0,0,1,0,1,0,0,0,0,1,0,1,0,1,0,0,0,0,1,0,0,0,0,0,0,0,0,0
5,2020-12-26,최고의 소설이네요 마지막엔 눈물 한바가지 흘렸어요,27,최고 요 마지막 눈물 바가지 흘리다,6,2020,12,positive,0,0,0,0,0,0,0,0,0,1,0,0,0,0,0,0,0,0,0,0,0,0,0,0,0,0,0,0,0,0
5,2020-12-26,이 소설을 읽은 후 꿈을 꾸면 나의 오늘 꿈값은 뭘까 ? 라는 생각에 행복합니다,44,후 꿈 꾸다 나 오늘 꿈값 뭘 끄다 생각 행복하다,14,2020,12,positive,0,0,0,0,1,0,0,0,0,0,0,0,0,0,0,1,0,0,0,0,0,0,0,0,0,0,0,0,0,0
4,2020-12-26,"이젠 악몽을 꾸더라도, 달러구트에게 자신감과 자부심으로 꿈값을 지불한 채 더이상 무서워하지 않을 것 같다.",59,젠 악몽 꾸다 달러 구트 자신감 자부심 꿈값 지불 채 이상 무섭다,14,2020,12,positive,0,0,0,0,1,0,0,0,0,0,0,0,0,0,0,0,0,0,0,0,0,0,0,0,0,0,0,0,0,0
5,2020-12-25,마치 디즈니 픽사의 영화를 보는듯한 기분이였어요! 아기자기하고 재미있습니다!,42,마치 디즈니 픽사 영화 기분 아기자기하다 재미있다,8,2020,12,positive,0,0,0,1,0,0,0,0,0,0,0,0,0,0,0,0,0,0,0,0,0,0,0,0,0,1,0,0,0,0
5,2020-12-22,간만에 재밌게 봤습니다,12,간만 재밌다,3,2020,12,positive,0,0,0,0,0,0,0,0,0,0,0,0,0,0,0,0,0,0,0,0,0,0,0,0,0,0,1,0,0,0
5,2020-12-22,상상력이 풍부하네요,10,상상력 풍부하다,2,2020,12,positive,0,0,0,0,0,0,0,0,0,0,0,0,0,0,1,0,0,0,0,0,0,0,0,0,0,0,0,0,0,0
5,2020-12-22,달러구트는 이름이 달러구트지만 이정재가 너무 잘어울릴 것 같다. 내내 이정재로 상상하면서 읽음 ㅋㅋㅋ 시리즈로 다음권도 내주세요. 작가님!,77,달러 구트 이름 달러 구트 이정재 어울리다 내내 이정재 상상 시리즈 다음 내주다 작가,17,2020,12,positive,0,0,0,0,0,0,0,0,0,0,0,0,0,1,0,0,0,0,0,0,0,0,0,1,0,0,0,0,0,0
5,2020-12-21,첫 작품이 이정도 수준이면 앞으로가 더욱 기대되는 작가입니다. 꿈이라는 추상적인 소재를 구체적으로 공감할수 있는 소재로 잘 표현했네요!,75,첫 작품 이정 수준 이면 앞 더욱 기대 작가 꿈 추상 소재 구체 공감 소재 표현,17,2020,12,positive,0,0,0,0,0,0,0,0,0,0,0,0,0,0,0,0,2,0,0,0,0,0,0,1,0,0,0,0,0,0
5,2020-12-20,상상력 감탄스럽고 드라마로 나오길 바랍니다!!!,26,상상력 감탄 스럽다 드라마 바라다,5,2020,12,positive,0,0,0,0,0,0,0,0,0,0,0,0,0,0,1,0,0,0,0,0,0,0,0,0,0,0,0,0,0,0
5,2020-12-19,"한국의 조앤롤링 아닌가요? 상상력이 대단하네요. 흥미롭고 감동적이고 인상깊었어요. 읽으면서 다양하게 상상할 수 있어서 좋았어요. 시리즈로 나와도 넘 좋을 것 같고, 시리즈로 나올 수도 있을 것 같고, 꼭 시리즈로 나오고 영화로도 나왔으면 좋겠어요. 정말 잘 읽었습니다~~",151,한국 조앤 롤링 상상력 대단하다 흥미 감동 인상 깊다 다양하다 상상 좋다 시리즈 나 넘다 좋다 시리즈 수도 꼭 시리즈 영화로 좋다,35,2020,12,positive,0,0,1,0,0,0,0,0,0,0,0,0,0,1,1,0,0,0,0,0,0,0,0,0,0,0,0,3,0,1
3,2020-12-19,책내용은 좋지만 마무리가 맺어지지 않은 느낌,24,내용 좋다 마무리 맺다,6,2020,12,neutral,0,0,0,0,0,1,0,0,0,0,0,0,0,0,0,0,0,0,0,0,0,0,0,0,0,0,0,1,0,0
4,2020-12-19,드라마로 나오면 좋을 거 같아요.  당연히 우리나라 소설 아닐거라 생각했는데 놀랐어요.  읽는내내 상상하게 되서 좋았습니다^^,70,드라마 좋다 거 당연하다 우리나라 생각 놀라다 상상 좋다,15,2020,12,positive,0,0,0,0,0,0,0,0,0,0,0,0,0,1,0,1,0,0,0,0,0,0,0,0,0,0,0,2,0,0
4,2020-12-17,개인적으로는 아주 만족스럽게 읽고 친구한테 선물할 정도였습니다. 다만 처음에는 작가가 한국 사람이 아니라 외국 사람이고 번역한 책인 줄 알았습니다. 번역체 때문에 가독성이 떨어지고 하고 싶은 말에 비해 가볍다는 느낌이 어쩔 수 없이 드는 것 같습니다.,140,개인 아주 만족 친구 선물 정도 다만 처음 작가 한국 사람 외국 사람 번역 줄 알다 번역 체 때문 가독성 떨어지다 말 비다 가볍다,35,2020,12,positive,0,1,0,0,0,0,0,0,0,0,0,0,2,0,0,0,0,0,0,0,0,0,0,1,0,0,0,0,0,1
5,2020-12-16,가볍게 읽어넘기던 책장에 어느순간 깊이 빠져버려 나의 일상을 대입하고 있었다. ‘내가 그랬는데!’ 공감하면서 혹시 정말 꿈백화점이란게 존재하지 않을까 하는 찰나의 재밌는 생각도 해보고.   읽다보면 느끼겠지만 이 작가님의 상상략과 창의력은 어디까지일까 그저 놀랍기만 하다. 그럴듯하지만 누구도 쉽게 생각해내지 못하는 상상에 상상일 뿐인데 독자가 공감하게하고 피식피식 웃게만드는 능력은 정말 대단하다!,223,가볍다 넘기다 책장 순간 깊이 빠지다 버리다 나 일상 대입 내 공감 혹시 꿈 백화점 이란 존재 찰나 재밌다 생각 해보다 작가 상상략 창의력 어디 놀라다 그럴듯하다 누구 쉬다 생각 해내다 상상 상상 일 뿐 독자 공감 웃다 만들다 능력 대단하다,48,2020,12,positive,0,1,0,0,0,0,0,0,0,0,0,1,0,2,0,2,0,0,0,0,0,0,0,1,0,0,1,0,0,0
5,2020-12-16,마음이 몽글몽글해지는 책이내요☺️,18,마음 몽글몽글하다 이내,3,2020,12,positive,0,0,0,0,0,0,0,0,1,0,0,0,0,0,0,0,0,0,0,0,0,0,0,0,0,0,0,0,0,0
4,2020-12-16,"완벽해보이지만 완벽하지않는,완벽할수없는 것.... 우리의 삶 그러기에 무엇이든 가능할것이다!! 죽은후 가족이나 사랑하는 누구에게 꿈을 배달.. 너무좋은발상",86,완벽 해보다 완벽하다 완벽하다 우리 삶 무엇 가능하다 죽다 후 가족 사랑 누구 꿈 배달 좋다 발상,15,2020,12,positive,0,0,0,0,0,0,0,0,0,0,0,0,0,0,0,0,0,0,0,0,0,0,0,0,0,0,0,1,0,0
5,2020-12-15,드라마나 영화로 만들어도 너무 좋을것같아요! 언제 다읽었나싶게 시간이 후딱 지나버렸네요. 오늘 밤엔 저도 꿈 백화점에 들러 좋은꿈 사고싶네요♡,79,드라마 영화로 만들다 좋다 언제 시간 지나 버리다 오늘 밤 꿈 백화점 좋다 꿈 사다,18,2020,12,positive,0,0,0,0,0,0,0,0,0,0,0,1,0,0,0,0,0,0,1,0,0,0,0,0,0,0,0,2,0,0
4,2020-12-15,독특한 주제와 아이디어의 판타지물에 그치는 것이 아니다. 짠한 여운이 좋다.,42,독특하다 주제 아이디어 판타지 물 그치다 짠하다 여운 좋다,10,2020,12,positive,0,0,0,0,0,0,0,0,0,0,0,0,0,0,0,0,0,0,0,0,0,0,0,0,0,0,0,1,0,0
4,2020-12-15,가볍게 읽기 좋았어요. 다양한 연령대가 읽을 수 있고 공감할 수 있는 내용. 사실 꿈이 기분 좋았던 적이 단 한번도 없어서 저는 달러구트씨가 이상한것만 판건지 아니면 제가 매번 늦게 잠이 들어 달러구트 백화점 말고 요정들이 파는 싸구려 꿈을 산건지 알 수 없네요. 책을 읽으면서 언젠가 이런 멋진 꿈을 꾸게 된다면 내 생활이 좀더 활기차게 되지 않을까 하는 생각이들었어요.,208,가볍다 좋다 다양하다 연령 대가 공감 내용 사실 꿈 기분 좋다 적 단 한번 달러 구트 이상하다 판 건지다 제 매번 늦다 잠 달러 구트 백화점 요정 팔다 싸구려 꿈 산 건지다 알 이렇다 멋지다 꿈 꾸다 내 생활 좀더 활기차다 생각,57,2020,12,positive,0,1,0,1,1,1,0,0,0,0,0,1,0,0,0,1,0,0,0,0,0,1,0,0,0,0,0,2,0,0
5,2020-12-15,삶에 지친 어른들을 위한 동화!,17,삶 지치다 어른 위 동화,5,2020,12,positive,0,0,0,0,0,0,1,0,0,0,0,0,0,0,0,0,0,0,0,0,1,0,0,0,0,0,0,0,0,0
4,2020-12-14,"""어른을 위한 동화책""이라는 평가가 딱 맞는 책입니다. 꿈에 대한 기발한 상상력과 우리가 꿈에 대해 어렴풋이 생각해왔던 관념들을 엮어서 아주 재미있게 표현했습니다. 매우 쉬운 단어로 구성되어 누구나 쉽게 읽을 수 있고, 메시지들도 명확합니다.   자극적이지 않아서 깊은 몰입감을 주지는 않지만, 그런 책들이 주는 느낌과 또 다른 따뜻한 감정을 느끼게 해주는 책입니다.",205,어른 위 동화책 평가 맞다 꿈 대한 기발하다 상상력 우리 꿈 대해 생각 해오다 관념 엮어 아주 재미있다 표현 매우 쉽다 단어 구성 되어다 누구 쉬다 메시지 명확하다 자극 깊다 몰입 감 주지 그렇다 주다 또 다른 따뜻하다 감정 해주다,49,2020,12,positive,0,0,0,0,0,0,0,1,0,0,0,0,0,0,1,1,0,0,0,0,1,0,0,0,0,1,0,0,0,0
5,2020-12-11,킬링타임용 깊은내용보단 가볍게 읽히는 책,22,킬링타임 용 깊다 내용 가볍다 읽히다,5,2020,12,positive,0,1,0,0,0,1,0,0,0,0,0,0,0,0,0,0,0,0,0,0,0,0,1,0,0,0,0,0,0,0
5,2020-12-10,읽으면서 연락하고싶은 사람들이 많이 많이 생각 났어요 잔잔하게 느껴지는 이 감정이 너무 좋아요,52,연락 사람 생각 나다 잔잔하다 느껴지다 감정 좋다,13,2020,12,positive,0,0,0,0,0,0,0,0,0,0,0,0,1,0,0,1,0,0,0,0,0,0,0,0,1,0,0,1,0,0
5,2020-12-09,편하게 읽기 좋았어요. 마지막 내용이 마음에 많이 남는거 같네요.,36,편하다 좋다 마지막 내용 마음 남다,9,2020,12,positive,0,0,0,0,0,1,0,0,1,1,0,0,0,0,0,0,0,0,0,0,0,0,0,0,0,0,0,1,0,0
5,2020-12-09,잔잔한 여운이 있는 책이에요,15,잔잔하다 여운,4,2020,12,positive,0,0,0,0,0,0,0,0,0,0,0,0,0,0,0,0,0,0,0,0,0,0,0,0,1,0,0,0,0,0
4,2020-12-08,잔잔한 어른을 위한 동화책이에요.  뒤쪽 페이지편에 손자와 할머니에 관한 꿈 섹션에서는 한국에 계시는 어머니 생각이 나 눈물이..ㅎㅎ..오늘 전화 드려야 겠어요.,90,잔잔하다 어른 위 동화책 뒤쪽 페이지 편 손자 할머니 관 꿈 섹션 한국 계시다 어머니 생각 나 눈물 오늘 전화 드리다 겠다,20,2020,12,positive,0,0,0,0,0,0,0,0,0,0,0,0,0,0,0,1,0,0,0,0,1,0,0,0,1,0,0,0,0,1
4,2020-12-08,소설의 질을 떠나서 한국작가의 책이라는데서 놀랐음.  그리고 킬링타임용 책이나 동화책으로는 진짜 좋은 것 같음.,62,질 떠나다 한국 작가 이르다 놀라다 킬링타임 용 동화책 진짜 좋다,14,2020,12,positive,0,0,0,0,0,0,0,0,0,0,0,0,0,0,0,0,0,0,0,0,0,0,0,1,0,0,0,1,0,1
5,2020-12-07,작품성이 최고는 아니라도 잔잔하니 겨울에 따뜻한 차 한잔 하면서 읽으면 좋은 책 같아요. 작가님 다음 책도 기대되요.,65,작품 최고 잔잔하다 겨울 따뜻하다 차 한잔 좋다 작가 다음 기대다 요,17,2020,12,positive,0,0,0,0,0,0,0,1,0,0,0,0,0,0,0,0,0,0,0,0,0,0,0,1,1,0,0,1,0,0
5,2020-12-07,"그냥 잔잔하게 읽기 좋은 소설 동심으로 돌아가는 느낌도 있고, 꿈에대한 생각의 전환 같은 소설이였다. 내 눈꺼풀저울은 누가 항상 만지나봄...",79,그냥 잔잔하다 좋다 동심 돌아가다 꿈 대한 생각 전환 내 눈꺼풀 저울 누가 항상 지나 봄,19,2020,12,positive,0,0,0,0,0,0,0,0,0,0,0,0,0,0,0,1,0,0,0,0,0,0,0,0,1,0,0,1,0,0
4,2020-12-06,"후다닥 읽기좋은 소설, 조금 유아소설 같은 느낌도 있네요.",32,후다닥 좋다 조금 유아,8,2020,12,positive,0,0,0,0,0,0,0,0,0,0,0,0,0,0,0,0,0,0,0,0,0,0,0,0,0,0,0,1,0,0
4,2020-12-05,초반에는 좀 지루했는데. 전개되는 스토리 상상력이 나아지면서 꿈과 현실의 이어지는 에피소도를 재미있게 읽었네요,61,초반 지루하다 전개 스토리 상상력 나아지다 꿈 현실 이어지다 에피 소도 재미있다,13,2020,12,positive,0,0,0,0,0,0,0,0,0,0,0,0,0,0,1,0,0,0,0,0,0,0,0,0,0,1,0,0,0,0
5,2020-12-02,정말 상상력이 대단한 작가입니다... 가볍게 읽기좋아요,30,상상력 대단하다 작가 가볍다 좋다,6,2020,12,positive,0,1,0,0,0,0,0,0,0,0,0,0,0,0,1,0,0,0,0,0,0,0,0,1,0,0,0,1,0,0
4,2020-12-02,감정을 자극하는 신비로운 동화,16,감정 자극 신비롭다 동화,4,2020,12,positive,0,0,0,0,0,0,1,0,0,0,0,0,0,0,0,0,0,0,0,0,0,0,0,0,0,0,0,0,0,0
5,2020-12-01,좋아요 다시보는책ㅇ에요,12,좋다 다시,2,2020,12,positive,0,0,0,0,0,0,0,0,0,0,0,0,0,0,0,0,0,0,0,0,0,0,0,0,0,0,0,1,0,0
5,2020-11-30,해리포터의 호그스미드에 나오는 위즐리 형제의 장난감 가게를 보는 것 같은 느낌이 들었어요.   신입사원인 페니가 첫 입사하는 두근거림부터 고객이 꿈으로 좋은 결과를 얻었을 때 느낀 뿌듯함까지. 나이먹고 느끼기 힘든 감정을 다시 느낄 수 있었습니다.   이제 악몽 꿔도 별로 안무섭겠네요. ㅎㅎ,163,해리포터 호그스미드 위즐리 형제 장난감 가게 신입사원 페니 첫 입사 두근거리다 고객 꿈 좋다 결과 얻다 때 뿌듯하다 나이 먹다 힘드다 감정 다시 이제 악몽 꾸다 별로 무섭다,39,2020,11,positive,0,0,0,0,1,0,0,0,0,0,0,0,0,0,0,0,0,0,0,0,0,0,0,0,0,0,0,1,0,0
1,2020-11-30,이책이 왜? 누구 설명좀 해 주세요. 낚인기분이,26,왜 누구 설명 해 줄다 낚 기분,7,2020,11,negative,0,0,0,1,0,0,0,0,0,0,0,0,0,0,0,0,0,0,0,0,0,0,0,0,0,0,0,0,0,0
5,2020-11-30,나도 내가 원하는 꿈을 사서 꾸고싶다,20,나다 내 원하다 꿈 사서 꾸다,6,2020,11,positive,0,0,0,0,1,0,0,0,0,0,0,0,0,0,0,0,0,0,0,0,0,0,0,0,0,0,0,0,0,0
5,2020-11-28,편안하게 보기에 좋은 소설이네요. 금방 다 읽었어요. 중간중간에 좋은 구절들이 있어서 마음에 와닿았어요. 가슴이 따뜻해지기도 하고 편안해지는 소설이었습니다.,87,편안하다 보기 좋다 요 금방 중간 중간 좋다 구절 마음 오다 닿다 가슴 따뜻하다 기도 편안하다,18,2020,11,positive,0,0,0,0,0,0,0,1,1,0,0,0,0,0,0,0,0,0,0,0,0,0,0,0,0,0,0,2,0,0
5,2020-11-27,크리스마스가 다가오는 계절에 어울리는 책인거같아요 재밌게 읽었습니다 개인적으로 감성이 잘 맞네요,53,크리스마스 다가오다 계절 어울리다 재밌다 개인 감성 맞다,11,2020,11,positive,0,0,0,0,0,0,0,0,0,0,0,0,0,0,0,0,0,0,0,0,0,0,0,0,0,0,1,0,0,0
5,2020-11-26,"2020년을 한 달 남긴 때 보게 된 책, 추운 날 마음이 너무 따뜻해졌다.  이 글은 마치 나를 옛날에 꿈꾸던 꿈 속으로 들어가게 해 주었고, 어릴 떄부터 봐온 만화와 영화 속으로 들어가게 해주었다. 하지만 무엇보다 책이기에 더욱 행복했던 건 상상할 수 있어서 너무 좋았던 것이다.  판타지 같은 세계 속에 마냥 판타지만 있는 것이 아닌, 나와 비슷한 경험을 갖고 있는 인물들이 등장해 더욱 그 백화점에 내가 들어가 있는 것 같았다.  그 안에서 위로를 얻고 꿈을 찾아 너무 따뜻한 독서 시간이었다.  감사해요 !",288,2020년 달 남기다 때 추다 날 마음 따뜻하다 글 마치 나르다 옛날 꿈꾸다 꿈 속 들어가다 해 주다 어리다 떄 온 만화 영화 속 들어가다 해주다 무엇 이기 더욱 행복하다 건 상상 좋다 판타지 세계 속 마냥 판타지 비슷하다 경험 갖다 인물 등장 더욱 백화점 내 들어가다 안 위로 얻다 꿈 찾다 따뜻하다 독서 시간 감사하다,80,2020,11,positive,0,0,0,0,0,0,0,2,1,0,0,1,0,1,0,0,0,0,1,0,0,0,0,0,0,0,0,1,0,0
5,2020-11-23,해외시장에 내놓아도 손색없는 스토리 전개와 탄탄탄한 구성. 한국형 판타지의 전형이 될 것 같습니다.,55,해외 시장 내놓다 손색 스토리 전개 탄탄하다 구성 한국 판타지 전형,13,2020,11,positive,0,0,0,0,0,0,0,0,0,0,0,0,0,0,0,0,0,0,0,0,0,0,0,0,0,0,0,0,0,1
5,2020-11-22,책 리뷰 처음 남겨 봅니다. 한국형 해리포터라는 말이 절로 나오는 몰입감을 선사해주신 작가님께 감사 드립니다. 종이책으로도 사서 우리 딸이 크면 나중에 보여줘야겠다는 생각이 들 정도로 재밌고 감동도 있고 교훈도 있는 좋은 책입니다.,129,리뷰 처음 남기다 한국 해리포터 말 절로 몰입 감 선사 해주다 작가 감사 드리다 종이 사서 우리 딸 크다 나중 보여주다 생각 정도 재밌다 감동 교훈 좋다,32,2020,11,positive,0,0,1,0,0,0,0,0,0,0,0,0,0,0,0,1,0,0,0,0,0,0,0,1,0,0,1,1,0,1
1,2020-11-22,이책왜유명한지 모르겠어요 . 왠만하면 책 다 재밌게 읽는편인데 이책은 뭐랄까. 억지같은 느낌의 책이였어요,58,책왜 유명하다 모르다 왠만하다 재밌다 편 뭐라다 억지,13,2020,11,negative,0,0,0,0,0,0,0,0,0,0,0,0,0,0,0,0,0,0,0,0,0,0,0,0,0,0,1,0,0,0
5,2020-11-22,참신한 소재와 마음이 뭉클해지는 간만에 술술 읽히는 소설이었네요!,36,참신하다 소재 마음 뭉클하다 간만 술술 읽히다,8,2020,11,positive,0,0,0,0,0,0,0,0,1,0,0,0,0,0,0,0,1,1,0,0,0,0,1,0,0,0,0,0,0,0
5,2020-11-21,한편의 동화를 읽은 것 같네요. 이미예 작가님 응원합니다.,32,한편 동화 예 작가 응원,8,2020,11,positive,0,0,0,0,0,0,1,0,0,0,0,0,0,0,0,0,0,0,0,0,0,0,0,1,0,0,0,0,0,0
5,2020-11-20,정말 재밌게 봤어요! 독특한 소재임에도 굉장히 편안하게 술술 읽혔어요.,39,재밌다 독특하다 재임 굉장하다 편안하다 술술 읽히다,9,2020,11,positive,0,0,0,0,0,0,0,0,0,0,0,0,0,0,0,0,0,1,0,0,0,0,1,0,0,0,1,0,0,0
5,2020-11-20,참신한 소재로 재밌게 읽었네요 부담없이 읽을수 있어서 좋았어요^^*,37,참신하다 소재 재밌다 부담 좋다,8,2020,11,positive,0,0,0,0,0,0,0,0,0,0,0,0,0,0,0,0,1,0,0,0,0,0,0,0,0,0,1,1,0,0
5,2020-11-19,기대하지않았는데 재밌었습니다,15,기대하다 재밌다,2,2020,11,positive,0,0,0,0,0,0,0,0,0,0,0,0,0,0,0,0,0,0,0,0,0,0,0,0,0,0,1,0,0,0
4,2020-11-19,어른들을 위한 동화같은 이야기. 뭉클한 에피소드와 따뜻한 소설입니다. 가볍고 편안하게 읽기 좋은 책입니다.,59,어른 위 동화 뭉클하다 에피소드 따뜻하다 가볍다 편안하다 좋다,13,2020,11,positive,0,1,0,0,0,0,1,1,0,0,0,0,0,0,0,0,0,0,0,0,1,0,0,0,0,0,0,1,0,0
5,2020-11-19,내가 상상해내지 못한 공간과 시간을 만들어준 책. 한 번도 만나지 못했던 공간을 눈으로 보는 것처럼 만들어주는 책. 독특한 소재와 이야기들이 잔잔하게 담겨있어요. 따뜻하고 재미있어요.,102,내 상상 해내다 못 공간 시간 만들다 준 번 만나다 공간 눈 만들다 독특하다 소재 잔잔하다 담기다 따뜻하다 재미있다,24,2020,11,positive,0,0,0,0,0,0,0,1,0,0,0,0,0,1,0,0,1,0,1,0,0,0,0,0,1,1,0,0,0,0
1,2020-11-17,신기한 이야기가 있을줄 알았지만 소재만 신기했다. 책중반부에 가서는 소재마저 식상해져버린 느낌,52,신기하다 알다 소재 신기하다 부 가다 소재 식상하다 버리다,11,2020,11,negative,1,0,0,0,0,0,0,0,0,0,0,0,0,0,0,0,2,0,0,0,0,0,0,0,0,0,0,0,0,0
5,2020-11-16,잔잔하고 감동적이에요. 오랜만에 재밌는 소설하나 읽었습니다:),34,잔잔하다 감동 재밌다 하나,6,2020,11,positive,0,0,1,0,0,0,0,0,0,0,0,0,0,0,0,0,0,0,0,0,0,0,0,0,1,0,1,0,0,0
5,2020-11-15,봄바람같이 설렘 가득한 이야기들이 줄어드는것이 안타까워 아끼고 아껴가며 읽었는데 마지막챕터에서 울고말았네요 ㅜㅜ 여운이남습니다,70,봄바람 설레다 가득하다 줄어들다 안타깝다 아끼다 아끼다 마지막 채다 터 울다 여운 이남 습,13,2020,11,positive,0,0,0,0,0,0,0,0,0,1,0,0,0,0,0,0,0,0,0,0,0,0,0,0,0,0,0,0,0,0
4,2020-11-15,술술 편하게 읽혔습니다,12,술술 편하다 읽히다,3,2020,11,positive,0,0,0,0,0,0,0,0,0,0,0,0,0,0,0,0,0,1,0,0,0,0,1,0,0,0,0,0,0,0
5,2020-11-14,이야기가 따숩고 행복하고 어떻게 이런 생각을 해내셨는지 창의력이 대단하세요! 글이 술술 읽혔고 재밌었어요! 저도 꿈 사고 싶네요~,72,따숩 행복하다 어떻다 이렇다 생각 해내다 창의력 대단하다 글 술술 읽히다 재밌다 꿈 사고,17,2020,11,positive,0,0,0,0,0,0,0,0,0,0,0,0,0,0,0,1,0,1,0,0,0,1,1,0,0,0,1,0,0,0
5,2020-11-13,처음에는 뭔가 싶어서 중단할까 생각했지만 신기하게도 계속보게되는 책. 웃다가 울다가 잘보고 갑니다,54,처음 뭔가 중단 생각 신기하다 계속 웃다 다가 가다,12,2020,11,positive,1,0,0,0,0,0,0,0,0,0,0,0,0,0,0,1,0,0,0,0,0,0,0,0,0,0,0,0,0,0
5,2020-11-09,꿈에서 깬 아침에 내가 어떤 꿈을 사러갔었던걸까 생각하게 해주는,35,꿈 깨다 아침 내 어떻다 꿈 사르다 가다 끄다 생각 해주다,9,2020,11,positive,1,0,0,0,0,0,0,0,0,0,0,0,0,0,0,1,0,0,0,0,0,0,0,0,0,0,0,0,0,0
2,2020-11-07,발상은 기발한데 너무 동화같다고 해야할까? 저는 좀 실망이었네요.,36,발상 기발하다 동화 실망,8,2020,11,negative,0,0,0,0,0,0,1,0,0,0,0,0,0,0,0,0,0,0,0,0,0,0,0,0,0,0,0,0,0,0
5,2020-11-07,"읽으면 읽을수록 스토리에 빠지게 되네요, 동화를 읽고 있는것 같은 느낌도 들었고 현실과 상상속 세상을 왔다갔다 거니는 느낌이였어요. 너무 재미있게 읽었어요. 중간에 짧은 한스토리에서는 눈시울이 살짝 붉어지기도 했어요.",121,스토리 빠지다 동화 현실 상상 속 세상 오다 가다 거니 재미있다 중간 짧다 스토리 눈시울 살짝 붉다 기도,27,2020,11,positive,1,0,0,0,0,0,1,0,0,0,0,0,0,1,0,0,0,0,0,0,0,0,0,0,0,1,0,0,0,0
5,2020-11-06,주변에도추천할만큼재미있었습니다!,17,주변 추천 재미있다,1,2020,11,positive,0,0,0,0,0,0,0,0,0,0,0,0,0,0,0,0,0,0,0,0,0,0,0,0,0,1,0,0,1,0
1,2020-11-05,너무 멋부린 문장때문에 매끄럽게 읽히지않아요... 해리포터식 묘사와 표현을 어설프게 따라한느낌.... 제목보고 기대해서그런지 너무너무 실망스러워요...,84,멋 부리다 문장 때문 매끄럽다 읽히다 해리포터 묘사 표현 어설프다 따르다 제목 보고 기대하다 그렇다 실망 스럽다,14,2020,11,negative,0,0,0,0,0,0,0,0,0,0,0,0,0,0,0,0,0,0,0,0,0,0,1,0,0,0,0,0,0,0
5,2020-11-05,책 읽는게 힘든 분도 이 책은 한 번에 다 읽을만큼 매력적인 내용입니다,39,힘드다 분도 번 매력 내용,12,2020,11,positive,0,0,0,0,0,1,0,0,0,0,0,0,0,0,0,0,0,0,0,0,0,0,0,0,0,0,0,0,0,0
5,2020-11-05,제 인생 소설이에요. 작가님 제발 시리즈로 내주시길..ㅜㅠ,32,제 인생 작가 제발 시리즈 내주다,7,2020,11,positive,0,0,0,0,0,0,0,0,0,0,0,0,0,0,0,0,0,0,0,0,0,0,0,1,0,0,0,0,0,0
5,2020-11-04,내내 재밌게 읽다가 마지막에는 코끝이 찡해지네요 왜 인기작인지 알겠습니다,40,내내 재밌다 마지막 코끝 찡하다 왜 인기 인지 알다,9,2020,11,positive,0,0,0,0,0,0,0,0,0,1,0,0,0,0,0,0,0,0,0,0,0,0,0,0,0,0,1,0,0,0
5,2020-11-04,재밌어요! 영화로 만들어졌움 좋겠네여 ㅎㅎ,23,재밌다 영화로 만들어지다 움 좋다 겠다,5,2020,11,positive,0,0,0,0,0,0,0,0,0,0,0,0,0,0,0,0,0,0,0,0,0,0,0,0,0,0,1,1,0,0
5,2020-11-02,"너무재밌게잘읽었어요 정말시간가는줄몰랐고, 진짜이런곳이있었으면 생각하게됬어요^^",43,재밌다 시간 가다 모르다 진짜 곳 생각,4,2020,11,positive,1,0,0,0,0,0,0,0,0,0,0,0,0,0,0,1,0,0,1,0,0,0,0,0,0,0,1,0,0,0
5,2020-11-02,술술 읽히는데다 재미도 감동도 가득이었어요. 누구에게나 추천해주고 싶은 소설입니다. 시리즈로 계속 나왔으면 좋겠어요~!,66,술술 읽히다 재미 감동 가득 누구 추천 해주다 시리즈 계속 좋다,13,2020,11,positive,0,0,1,0,0,0,0,0,0,0,0,0,0,0,0,0,0,1,0,0,0,0,1,0,0,0,0,1,1,0
5,2020-11-02,올해 읽은 책중에 가장 재밌고 감동적인 책이었어요.  다시 또 읽으려구요????,44,올해 가장 재밌다 감동 다시 또 구,10,2020,11,positive,0,0,1,0,0,0,0,0,0,0,0,0,0,0,0,0,0,0,0,0,0,0,0,0,0,0,1,0,0,0
5,2020-11-01,평 잘 안쓰는데.... 올해 최고의 책이었습니다. 어린시절로 돌아가 정말 재미있는 동화를 읽는 기분이었어요. 앞으로 잠들 때 마다 이 책의 이야기가 생각날 듯 합니다.,93,평 쓰다 올해 최고 어린시절 돌아가다 재미있다 동화 기분 앞 잠들다 때 마다 생각나다 듯,23,2020,11,positive,0,0,0,1,0,0,1,0,0,0,0,0,0,0,0,0,0,0,0,0,0,0,0,0,0,1,0,0,0,0
5,2020-10-30,그리운 꿈처럼 달콤하고 맛있는 소설,19,그립다 꿈 달콤하다 맛있다,5,2020,10,positive,0,0,0,0,0,0,0,0,0,0,0,0,0,0,0,0,0,0,0,0,0,0,0,0,0,0,0,0,0,0
5,2020-10-30,"잘 읽었습니다. 보는내내 훈훈 따뜻한 맘으로 본것같아요. 마지막까지도.... 첨에는 세계관이 너무 독특해서 좀 이해를 못했지만, 금방 머릿속으로 상상하며 내가 그린 인물들을 상상하며 읽고 있었네요 ㅎㅎ",112,훈훈 따뜻하다 맘 마지막 첨 세계관 독특하다 이해 금방 머릿속 상상 내 그린 인물 상상,25,2020,10,positive,0,0,0,0,0,0,0,1,0,1,0,0,0,2,0,0,0,0,0,0,0,0,0,0,0,0,0,0,0,0
5,2020-10-30,문장 하나하나가 아름답고 기억에 오래 남아서 다시 읽고 싶은 책입니다. 이번 년도에 읽은 책중 재일 제밌게 읽은 책일듯 싶습니다,71,문장 하나 하나 아름답다 기억 남아 다시 이번 년도 재일 제밌,19,2020,10,positive,0,0,0,0,0,0,0,0,0,0,0,0,0,0,0,0,0,0,0,0,0,0,0,0,0,0,0,0,0,0
5,2020-10-29,소설은 잘 못읽는데 술술 읽혔어요.,19,술술 읽히다,5,2020,10,positive,0,0,0,0,0,0,0,0,0,0,0,0,0,0,0,0,0,1,0,0,0,0,1,0,0,0,0,0,0,0
5,2020-10-29,한동안 헤어 나오기 힘들 정도로 여운이 남는 책이었습니다. 읽는 것만으로도 힐링을 느끼게 해준 책은 정말 오랜만이네요.,66,헤어 힘들다 정도 여운 남다 힐링 해주다 만이,16,2020,10,positive,0,0,0,0,0,0,0,0,0,0,0,0,0,0,0,0,0,0,0,0,0,0,0,0,0,0,0,0,0,0
4,2020-10-28,가볍지만 쉽게 빠져듭니다. 마지막에 눈물 흘리게 하네요.  시즌제 드라마로 나오면 좋을 것 같아요.,55,가볍다 쉬다 빠져듭니 마지막 눈물 흘리다 시즌 제 드라마 좋다,13,2020,10,positive,0,1,0,0,0,0,0,0,0,1,0,0,0,0,0,0,0,0,0,0,0,0,0,0,0,0,0,1,0,0
4,2020-10-28,"꿈에 대해 나도 관심이 많은 편이다. 그런데 꿈의 다양함, 꿈의 진행과정, 꿈이 나에게 어떤 영향을 미치는지 등을 이렇게 완벽한 이야기로 풀어낼수 있다니 놀랍다.  디즈니같은 곳에서 영화화 되었으면 좋겠다.",115,꿈 대해 나다 관심 많다 편이 꿈 다양하다 꿈 진행 과정 꿈 나 어떻다 영향 미치다 완벽하다 풀다 내다 놀라다 디즈니 곳 영화 되어다 좋다,28,2020,10,positive,0,0,0,0,0,0,0,0,0,0,1,0,0,0,0,0,0,0,0,0,0,0,0,0,0,0,0,1,0,0
5,2020-10-28,소설의 매력을 느끼게 해 준 책.  꿈의 소중함을 느끼게 해 준 책.  또 읽고 싶은 책.,50,매력 해 준 꿈 소중하다 해 준 또,16,2020,10,positive,0,0,0,0,0,0,0,0,0,0,0,0,0,0,0,0,0,0,0,0,0,0,0,0,0,0,0,0,0,0
5,2020-10-28,옹해 읽은 소설책 중 최고입니다,17,옹 중 최고,5,2020,10,positive,0,0,0,0,0,0,0,0,0,0,0,0,0,0,0,0,0,0,0,0,0,0,0,0,0,0,0,0,0,0
5,2020-10-27,잘알고있는 꿈을 또다른 세계로 둔것부터가 참신했다 즐겁고 슬픔이 아주 조화롭다 책으로 남기고싶은,53,잘알다 꿈 세계 두다 참신하다 즐겁다 슬픔 아주 조화롭다 남다,12,2020,10,positive,0,0,0,0,0,0,0,0,0,0,0,0,0,0,0,0,0,0,0,0,0,0,0,0,0,0,0,0,0,0
5,2020-10-27,지치는 일상에 잠시 쉼표가 되어주는 책이네요. 오늘은 퇴근하고 푸욱 자야겠습니다.,45,지치다 일상 잠시 쉼표 되어다 요 오늘 퇴근 푸욱,10,2020,10,positive,0,0,0,0,0,0,0,0,0,0,0,0,0,0,0,0,0,0,0,0,0,0,0,0,0,0,0,0,0,0
5,2020-10-26,"꿈을 판매한다는 신선한 소재에 재밌는 이야기가 잘 녹여져 있는 소설! 뿐만 아니라 다채로운 등장인물들과 사건사고가 재밌다! 등장인물들의 네이밍이 재밌다. 달러와 페니부터 스피도, 웨더, 모태일(못해 일) 등 ㅋㅋㅋ 작가님의 재치넘치는 작명센스가 소소한 웃음을 머금게 해주었어요!",155,꿈 판매 신선하다 소재 재밌다 녹이다 뿐 채 등장인물 사건 사고 재밌다 등장인물 밍 재밌다 달러 페니 스피도 웨더 모태 일 작가 재치 넘치다 명 센스 소소하다 웃음 머금 해주다,34,2020,10,positive,0,0,0,0,0,0,0,0,0,0,0,0,0,0,0,0,1,0,0,1,0,0,0,1,0,0,3,0,0,0
5,2020-10-25,어렵게 쓴 글이 아니라서 장르소설처럼 술술 읽히는데 어른의 동화 같은 느낌으로 마음이 평화로워지네요. 좋은 글이라는 생각이 들어요.,73,어렵다 쓸다 글 장르 술술 읽히다 어른 동화 마음 평화롭다 좋다 글 생각,17,2020,10,positive,0,0,0,0,0,0,1,0,1,0,0,0,0,0,0,1,0,1,0,0,1,0,1,0,0,0,0,1,0,0
5,2020-10-23,"구독하는 유튜브 채널에서 언급해서, 읽어봤는데.. 요즘 힘든 마음이 힐링되는 기분이었어요. 주옥같은 구절들을 읽으면서 시간과 삶의 의미를 되돌아볼 수 있었어요. 강추 합니다.",97,구독 유튜브 채널 언급 요즘 힘드다 마음 힐링 기분 주옥 구절 시간 삶 의미 되돌아보다 강추,21,2020,10,positive,0,0,0,1,0,0,0,0,1,0,0,0,0,0,0,0,0,0,1,0,0,0,0,0,0,0,0,0,0,0
5,2020-10-22,미친책 보다가 5번 울었어요,15,미치다 5 번 울다,4,2020,10,positive,0,0,0,0,0,0,0,0,0,0,0,0,0,0,0,0,0,0,0,0,0,0,0,0,0,0,0,0,0,0
4,2020-10-22,이소설은 어른들을 위한 동화같다는 생각이 듭니다. 가슴을 따뜻하게 하고 설레고 슬프고 기쁘고 행복하게도 합니다. 저도 보고싶은 사람이 있어서.. 꼭 한번 꿈백화점에 가보고 싶습니다.,101,어른 위 동화 생각 듭니 가슴 따뜻하다 설레다 슬프다 기쁘다 행복하다 사람 꼭 한번 꿈 백화점 가보다,23,2020,10,positive,0,0,0,0,0,0,1,1,0,0,0,1,1,0,0,1,0,0,0,0,1,0,0,0,0,0,0,0,0,0
4,2020-10-22,오랜만에 입가에 미소가 지어지는 따스한 소설입니다^^,29,입가 미소 지다 따스하다,6,2020,10,positive,0,0,0,0,0,0,0,0,0,0,0,0,0,0,0,0,0,0,0,0,0,0,0,0,0,0,0,0,0,0
5,2020-10-21,꿈에 관한 달콤한 상상 자기 전에 읽기 너무 좋았어요.,30,꿈 관 달콤하다 상상 자기 전 좋다,9,2020,10,positive,0,0,0,0,0,0,0,0,0,0,0,0,0,1,0,0,0,0,0,0,0,0,0,0,0,0,0,1,0,0
5,2020-10-20,4.5 점 정도! 손님들 내용을 좀 더 탄탄하게 500페이지 정도였으면 더 좋았을 것 같아요 짧게짧게 끝니서 조금 아쉽네요.. 도제 에피소드가 제일 좋았어요 연말에는 안나가고 애기들이랑 있어주는 걸로.. ㅜㅜ,116,4.5 정도 손님 내용 탄탄하다 500 페이지 정도 좋다 짧다 짧다 끝니 조금 아쉽다 도제 에피소드 제일 좋다 연말 나가다 애기 걸,28,2020,10,positive,0,0,0,0,0,1,0,0,0,0,0,0,0,0,0,0,0,0,0,0,0,0,0,0,0,0,0,2,0,0
5,2020-10-20,외국소설과 한국소설이 절묘하게 섞인 느낌입니다 뭔가 이국적이면서도 익숙한 느낌으로 다가와 아주 신선했어요 읽고나니 마음이 따뜻해지네요,74,외국 한국 절묘하다 섞이다 뭔가 국적 서도 익숙하다 다가오다 아주 신선하다 마음 따뜻하다,15,2020,10,positive,0,0,0,0,0,0,0,1,1,0,0,0,0,0,0,0,0,0,0,1,0,0,0,0,0,0,0,0,0,1
5,2020-10-18,오랜만에 기분좋은 상상을 경험할 수 있었습니다  익숙한 상황과 장면에 공감할 수 있었고  가벼운 듯 다가와 묵직한 교훈과 감동을 얻어갑니다 마음 따뜻해지는 소설  강추!!,95,기분 좋다 상상 경험 익숙하다 상황 장면 공감 가볍다 듯 다가오다 묵직하다 교훈 감동 얻다 가다 마음 따뜻하다 강추,23,2020,10,positive,1,1,1,1,0,0,0,1,1,0,0,0,0,1,0,0,0,0,0,0,0,0,0,0,0,0,0,1,0,0
5,2020-10-18,따뜻하고 포근한 책이에요 완전 몰입해서 읽다가 울었네요...ㅠㅠ,35,따뜻하다 포근하다 완전 몰입 울다,7,2020,10,positive,0,0,0,0,0,0,0,1,0,0,0,0,0,0,0,0,0,0,0,0,0,0,0,0,0,0,0,0,0,0
5,2020-10-18,울어버렸습니다ㅜㅜ 포근하고 위로해주는 느낌이라 참 좋았습니다.,34,울다 버리다 포근하다 위로 해주다 차다 좋다,6,2020,10,positive,0,0,0,0,0,0,0,0,0,0,0,0,0,0,0,0,0,0,0,0,0,0,0,0,0,0,0,1,0,0
4,2020-10-15,되게 금방 금방 읽히고 나오는 이야기들이 굉장히 현실적이라서 공감이 됩니당,41,금방 금방 읽히다 굉장하다 현실 공감,10,2020,10,positive,0,0,0,0,0,0,0,0,0,0,0,0,0,0,0,0,0,0,0,0,0,0,1,0,0,0,0,0,0,0
4,2020-10-15,내용은 한국적인데 배경이나 설정이 외국느낌인데 위화감이 없네요. 읽다가 울뻔했어요.,46,내용 한국 배경 설정 외국 위화 감 울 뻔하다,9,2020,10,positive,0,0,0,0,0,1,0,0,0,0,0,0,0,0,0,0,0,0,0,0,0,0,0,0,0,0,0,0,0,1
4,2020-10-15,오랜만에 밝고 유쾌하고 잘 짜여진 소설을 읽었네요. 잔잔하게 재밌는 책이었습니다.,45,밝다 유쾌하다 짜이다 잔잔하다 재밌다,10,2020,10,positive,0,0,0,0,0,0,0,0,0,0,0,0,0,0,0,0,0,0,0,0,0,0,0,0,1,0,1,0,0,0
5,2020-10-15,도저히 한국작가가 썼다고 하기엔 문체나 내용들이 너무 신선하고 감동적이네요. 이 작가님의 앞으로의 행보가 기대됩니다.다음작품 하루빨리 만나길 기대해요.,84,도저히 한국 작가 써다 문체 내용 신선하다 감동 적다 작가 앞 행보 기대 다음 작품 만나다 기대하다,17,2020,10,positive,0,0,1,0,0,1,0,0,0,0,0,0,0,0,0,0,0,0,0,1,0,0,0,2,0,0,0,0,0,1
5,2020-10-14,책보고 울었다는 후기 보고 보는 내내 대체 어디서 울어야 하나 고민했는데 마지막에 폭풍오열햇어요 눈물이 또르르,61,책보 울다 후기 보고 내내 대체 울다 하나 고민 마지막 폭풍 햇 눈물 또르르,15,2020,10,positive,0,0,0,0,0,0,0,0,0,1,0,0,0,0,0,0,0,0,0,0,0,0,0,0,0,0,0,0,0,0
5,2020-10-14,시간가는줄 모르고 재미있게 읽었습니다.,21,시간 가다 모르다 재미있다,4,2020,10,positive,1,0,0,0,0,0,0,0,0,0,0,0,0,0,0,0,0,0,1,0,0,0,0,0,0,1,0,0,0,0
5,2020-10-13,책을 읽는동안 꿈을 꾸게되면 내가 백화점가서 사온 꿈일까? 그렇다면 왜 산걸까? 등등 재밌는 상상을 하게되었습니다. 페니와 만나서 이야기하는 상상하면 시간가는 줄 모르는것같아요~,99,동안 꿈 꾸다 면 내 백화점 가다 사오다 꿈 그렇다 왜 산 걸다 등등 재밌다 상상 되어다 페니 만나다 상상 시간 가다 줄 모르다,22,2020,10,positive,2,0,0,0,1,0,0,0,0,0,0,1,0,2,0,0,0,0,1,0,0,0,0,0,0,0,1,0,0,0
5,2020-10-12,한국신 소설에서 많이 못본 설정인데 한국배경이라 친숙합니다 구성 설정 주제 다 재밌게봤어요,50,한국 신 설정 한국 배경 친숙하다 구성 설정 주제 재밌다,12,2020,10,positive,0,0,0,0,0,0,0,0,0,0,0,0,0,0,0,0,0,0,0,0,0,0,0,0,0,0,1,0,0,2
5,2020-10-11,"읽는 내내 너무 행복한 시간들이여서 아껴읽고 싶은 책이었어요. 많이 울기도 했고, 설렘을 느끼기도 했어요. 저는 아마 이 백화점의 단골손님일것 같네요. 작가님을 꼭 만나뵙고 싶은 소설이었어요. 좋은 글을 써서 세상에 내주셔서 감사합니다.",132,내내 행복하다 시간 들이다 아끼다 기도 설레다 기도 아마 백화점 단골 손님 작가 꼭 만나다 뵙다 좋다 글 써다 세상 내주다 감사하다,31,2020,10,positive,0,0,0,0,0,0,0,0,0,0,0,1,0,0,0,0,0,0,1,0,0,0,0,1,0,0,0,1,0,0
5,2020-10-11,이 소설처럼 꿈을 사고 원하는 꿈을 꿀 수 있다면 즐겁겠네요. 오랜만에 엉뚱한 상상을 하게 됩니다,54,꿈 사고 원하다 꿈 꿀 즐겁다 엉뚱하다 상상,15,2020,10,positive,0,0,0,0,0,0,0,0,0,0,0,0,0,1,0,0,0,0,0,0,0,0,0,0,0,0,0,0,0,0
5,2020-10-10,dollar good 달라 좋아  조상님이 미국인 이셨군요!,33,달라 좋다 조상 미국인,7,2020,10,positive,0,0,0,0,0,0,0,0,0,0,0,0,0,0,0,0,0,0,0,0,0,0,0,0,0,0,0,1,0,0
5,2020-10-09,재밌어요 끝이나는게 아쉽네요,15,재밌다 끝 늘다 아쉽다,3,2020,10,positive,0,0,0,0,0,0,0,0,0,0,0,0,0,0,0,0,0,0,0,0,0,0,0,0,0,0,1,0,0,0
5,2020-10-08,"재밌어요 잔잔하지만 빠져들게하는 매력의 이야기들이 펼쳐져있습니다, 판타지요소가 섞인만큼 상상하는 것도 즐거웠습니다.",64,재밌다 잔잔하다 빠져들다 매력 펼쳐지다 판타지 요소 섞이다 상상 즐겁다,11,2020,10,positive,0,0,0,0,0,0,0,0,0,0,0,0,0,1,0,0,0,0,0,0,0,0,0,0,1,0,1,0,0,0
5,2020-10-07,8년의 무명생활을 어떻게 견딜까? 지금 내 마음이 딱 그 마음 같다. 남보다 뒤쳐진 것 같은 나날들. 초딩 애들 읽혀도 좋겠다. 기발한 소재의 책이다.,84,8년 무명 생활 어떻다 견디다 지금 내 마음 마음 남 뒤 치다 나날 초딩 애 읽히다 좋다 기발하다 소재,23,2020,10,positive,0,0,0,0,0,0,0,0,2,0,0,0,0,0,0,0,1,0,0,0,0,0,1,0,0,0,0,1,0,0
5,2020-10-04,잠들기 전에 읽기 좋은책이에요. 재미있게 읽었습니다 ~~,31,잠들다 전 좋다 재미있다,7,2020,10,positive,0,0,0,0,0,0,0,0,0,0,0,0,0,0,0,0,0,0,0,0,0,0,0,0,0,1,0,1,0,0
4,2020-10-04,재밌게 읽었어요~~,10,재밌다,2,2020,10,positive,0,0,0,0,0,0,0,0,0,0,0,0,0,0,0,0,0,0,0,0,0,0,0,0,0,0,1,0,0,0
5,2020-10-03,참나ㅠㅠㅠ 청소년 도서 보고 아직도 이렇게 운다 증말ㅠㅠ,31,참나 청소년 도서 보고 울다 증말,8,2020,10,positive,0,0,0,0,0,0,0,0,0,0,0,0,0,0,0,0,0,0,0,0,0,0,0,0,0,0,0,0,0,0
5,2020-10-02,어른이 읽어도 재밌네요.,13,어른 재밌다,3,2020,10,positive,0,0,0,0,0,0,0,0,0,0,0,0,0,0,0,0,0,0,0,0,1,0,0,0,0,0,1,0,0,0
5,2020-09-29,작가의 상상력과 내용의 삼박함이 오랜만에 웃으며 울며 책을 읽는 순간이 행복하다는 걸 느꼈습니다. 오랜만에 밝은 책을 읽으니 기분이 좋네요.,78,작가 상상력 내용 삼박 함 웃다 울다 순간 행복하다 걸 밝다 기분 좋다,19,2020,9,positive,0,0,0,1,0,1,0,0,0,0,0,0,0,0,1,0,0,0,0,0,0,0,0,1,0,0,0,1,0,0
3,2020-09-28,"가볍고 앉은자리에서 후루룩 읽을 만한 소설이에요. 아기자기한 상상력, 큰 악역이 없는 따뜻한 꿈나라 세계를 둘러본 느낌이에요. 다만 '2번 다시', '기회를 1번 더' 같은 기본적인 맞춤법이 틀린 부분이 수정되었으면 좋겠네요. 재미있게 읽다가 몰입이 와장창 깨졌습니다ㅠㅠ",151,가볍다 앉은자리 후루룩 아기자기하다 상상력 크다 악역 따뜻하다 꿈나라 세계 둘러보다 다만 2 번 다시 기회 1 번 기본 맞춤법 틀리다 수정 되어다 좋다 재미있다 몰입 깨지다,34,2020,9,neutral,0,1,0,0,0,0,0,1,0,0,0,0,0,0,1,0,0,0,0,0,0,0,0,0,0,1,0,1,0,0
3,2020-09-28,쉽게 술술 읽히고 오랜만에 '재미있는' 소설을 읽었어요. 다른 평점들처럼 정말 딱 청소년 소설같은 느낌이에요. 생각하지 않아도 되는 설명 다 해주는 친절한 소설,89,쉬다 술술 읽히다 재미있다 다른 평점 청소년 생각 설명 해주다 친절하다,22,2020,9,neutral,0,0,0,0,0,0,0,0,0,0,0,0,0,0,0,1,0,1,0,0,0,0,1,0,0,1,0,0,0,0
5,2020-09-27,너무 마음이 편안해지는 이야기에요ㅎㅎ 작가의 상상력에 놀라고 갑니다ㅎ,38,마음 편안하다 작가 상상력 놀라다 가다,8,2020,9,positive,1,0,0,0,0,0,0,0,1,0,0,0,0,0,1,0,0,0,0,0,0,0,0,1,0,0,0,0,0,0
5,2020-09-27,표지가 이뻐서 읽기 시작했는데 여운이 남을정도의 감동..진짜 너무 재밌고 마지막에는 너무 슬퍼서 울음이 나올정도..,64,표지 이쁘다 시작 여운 남 정도 감동 진짜 재밌다 마지막 슬프다 울음 정도,14,2020,9,positive,0,0,1,0,0,0,0,0,0,1,0,0,0,0,0,0,0,0,0,0,0,0,0,0,0,0,1,0,0,0
5,2020-09-27,오랜만에 너무 재미있게 읽음 책입니다. 좋은 책 감사드려요^^,34,재미있다 좋다 감사 드리다,8,2020,9,positive,0,0,0,0,0,0,0,0,0,0,0,0,0,0,0,0,0,0,0,0,0,0,0,0,0,1,0,1,0,0
5,2020-09-26,와... 엄청 울어서 눈 아픕니다 ㅜㅜ 너무나 아름답고 환상적인 이야기였어요. <마침>이란 두 글자 보고 슬펐을 정도로요,67,오다 울다 눈 아프다 아름답다 환상 마침 두 글자 보고 슬프다 정도 요,16,2020,9,positive,0,0,0,0,0,0,0,0,0,0,0,0,0,0,0,0,0,0,0,0,0,0,0,0,0,0,0,0,0,0
5,2020-09-26,처음에는 그냥 읽어보자였습니다만 읽다보니 상상력에 놀라고 내용이 가슴에 와 닿아 눈물도 글썽이게 되더군요. 잘 읽었습니다. 작가님!,73,처음 그냥 상상력 놀라다 내용 가슴 오다 닿다 눈물 글썽 작가,16,2020,9,positive,0,0,0,0,0,1,0,0,0,0,0,0,0,0,1,0,0,0,0,0,0,0,0,1,0,0,0,0,0,0
5,2020-09-25,책을 읽으면 이렇게 까지 마음이 편안했던 적이 없는 것 같아요 너무 편하게 잘 읽었습니다,49,마음 편안하다 적 편하다,14,2020,9,positive,0,0,0,0,0,0,0,0,1,0,0,0,0,0,0,0,0,0,0,0,0,0,0,0,0,0,0,0,0,0
5,2020-09-25,앉은 자리에서 순식간에 다 읽었어요! 어떻게 이런 상상을 할 수 있을까??,41,앉다 자리 순식간 어떻다 이렇다 상상,11,2020,9,positive,0,0,0,0,0,0,0,0,0,0,0,0,0,1,0,0,0,0,0,0,0,1,0,0,0,0,0,0,0,0
4,2020-09-25,마치 해리포터같이 판타지인게 분명한데 눈앞에 생생하게 그려지는 흥미로운 소설이네요  한국에도 이런 글을 쓰는 작가님이 계신다니 신기했어요,76,마치 해리포터 판타지 분명하다 눈앞 생생하다 그려지다 흥미롭다 요 한국 이렇다 글 쓰다 작가 계시다 신기하다,16,2020,9,positive,0,0,0,0,0,0,0,0,0,0,0,0,0,0,0,0,0,0,0,0,0,1,0,1,0,0,0,0,0,1
5,2020-09-24,에피소드 하나하나가 주옥같아요 ㅎㅎ 2편으로 전설의 제작자들의 과거얘기나 막심과 페니의 로맨스도 보고 싶네요,60,에피소드 하나 하나 주옥 2 편 전설 제작자 과거 얘기 막심 페니 로맨스 보고,13,2020,9,positive,0,0,0,0,0,0,0,0,0,0,0,0,0,0,0,0,0,0,0,0,0,0,0,0,0,0,0,0,0,0
5,2020-09-24,진짜진짜 재밌게 읽었어요. 매 에피소드가 톡톡 튀고 생각을 깊게 만드는거같아요. 장기 연재로 했어도 성공했을 책. 외전 더 보고싶어요ㅠㅜ,76,진짜진짜 재밌다 매 에피소드 톡톡 튀다 생각 깊다 만들다 장기 연재 성공하다 외전,18,2020,9,positive,0,0,0,0,0,0,0,0,0,0,0,0,0,0,0,1,0,0,0,0,0,0,0,0,0,0,1,0,0,0
5,2020-09-23,재밌어요 꿈에 대해 이런 생각을 하게 되다니,24,재밌다 꿈 대해 이렇다 생각,7,2020,9,positive,0,0,0,0,0,0,0,0,0,0,0,0,0,0,0,1,0,0,0,0,0,1,0,0,0,0,1,0,0,0
4,2020-09-22,"재능있는 아마추어 작가의 환영할만한 데뷔작. 작가가 자신이 잘 아는 소재와 경험을 재료 삼아, 고지식할 정도로 솔직하게 창작했다는 점만으로도, 이 책은 많은 독자들에게 사랑받을 자격이 있다. 창작 테크닉이 서투른 건 아무런 문제가 되지 않는다. 초보 작가가 제일 많이 반복하는 실수에서 영리하게 벗어나 있는 힐링 판타지.",179,재능 아마추어 작가 환영 데뷔 작 작가 자신 알다 소재 경험 재료 삼다 고지식하다 정도 솔직하다 창작 많다 독자 사랑받다 자격 창작 테크닉 서투르다 건 아무렇다 문제 초보 작가 제일 반복 실수 영리하다 벗어나다 힐링 판타지,44,2020,9,positive,0,0,0,0,0,0,0,0,0,0,1,0,0,0,0,0,1,0,0,0,0,0,0,3,0,0,0,0,0,0
5,2020-09-21,자기 전에 조금씩 아껴서 읽었어요^^ 좋은 꿈을 꿀 수 있을 것 같은 책이예요^^,45,자기 전 아끼다 좋다 꿈 꿀,13,2020,9,positive,0,0,0,0,0,0,0,0,0,0,0,0,0,0,0,0,0,0,0,0,0,0,0,0,0,0,0,1,0,0
5,2020-09-21,진짜 너무 재밌다..말이 안나온다 ㅜㅜ 인생책 이에요  소장가치 있어서 책으로 사야겠어요,49,진짜 재밌다 말 인생 소장 가치 사다,11,2020,9,positive,0,0,0,0,0,0,0,0,0,0,0,0,0,0,0,0,0,0,0,0,0,0,0,0,0,0,1,0,0,0
5,2020-09-20,좋아요 흡입력 좋은 책,12,좋다 흡입 좋다,4,2020,9,positive,0,0,0,0,0,0,0,0,0,0,0,0,0,0,0,0,0,0,0,0,0,0,0,0,0,0,0,2,0,0
5,2020-09-18,최근 읽은 책 중 가장 꿈같은 이야기에요. 꿈백화점에 들어갔다 온것만 같아요. 동심도 있고 감동도 있는 행복한 책입니다 ㅎㅎ 하루만에 술술 다읽었어요,83,최근 중 가장 꿈 꿈 백화점 들어가다 오다 동심 감동 행복하다 하루 술술,21,2020,9,positive,0,0,1,0,0,0,0,0,0,0,0,1,0,0,0,0,0,1,0,0,0,0,0,0,0,0,0,0,0,0
5,2020-09-18,감동이였습니다. 여러번 읽게될 도서가 될것 같습니다,28,감동 번 도서,6,2020,9,positive,0,0,1,0,0,0,0,0,0,0,0,0,0,0,0,0,0,0,0,0,0,0,0,0,0,0,0,0,0,0
5,2020-09-17,재미있게 편안히 읽었습니다. 오늘의 전 무슨 꿈을 구매하게 될까 궁금하네요 ㅎㅎ,44,재미있다 편안하다 오늘 전 무슨 꿈 구매 궁금하다,11,2020,9,positive,0,0,0,0,0,0,0,0,0,0,0,0,0,0,0,0,0,0,0,0,0,0,0,0,0,1,0,0,0,0
5,2020-09-16,편안하게 읽기 좋은 책입니다 세계관도 특이해서 읽는 내내 즐거웠어요,37,편안하다 좋다 세계관 특이하다 내내 즐겁다,9,2020,9,positive,0,0,0,0,0,0,0,0,0,0,0,0,0,0,0,0,0,0,0,0,0,0,0,0,0,0,0,1,0,0
5,2020-09-15,마음이 편안해지는 책. 힘들땐 달러구트 꿈백화점에가서 위로받고싶네요^^,39,마음 편안하다 힘들다 땐 달러 구트 꿈 백화점 서다 위로 받다,7,2020,9,positive,0,0,0,0,0,0,0,0,1,0,0,1,0,0,0,0,0,0,0,0,0,0,0,0,0,0,0,0,0,0
5,2020-09-15,몽글몽글 따뜻한 분위기의 동화,16,따뜻하다 분위기 동화,4,2020,9,positive,0,0,0,0,0,0,1,1,0,0,0,0,0,0,0,0,0,0,0,0,0,0,0,0,0,0,0,0,0,0
5,2020-09-15,포근하고 사랑스러운 분위기,14,포근하다 사랑스럽다 분위기,3,2020,9,positive,0,0,0,0,0,0,0,0,0,0,0,0,0,0,0,0,0,0,0,0,0,0,0,0,0,0,0,0,0,0
5,2020-09-14,술술 잘읽었네요 다 읽고나니 제가 페니가 되어 긴꿈을 꾼듯한 느낌이에요,39,술술 제 페니 되어다 기다 꿈 꾸다,10,2020,9,positive,0,0,0,0,1,0,0,0,0,0,0,0,0,0,0,0,0,1,0,0,0,0,0,0,0,0,0,0,0,0
5,2020-09-13,재밌어요 ㅎㅎ 근데 문체는 많이 간결해서 약간 어려지는 느낌이네요,36,재밌다 문체 간결하다 약간 어리다,9,2020,9,positive,0,0,0,0,0,0,0,0,0,0,0,0,0,0,0,0,0,0,0,0,0,0,0,0,0,0,1,0,0,0
5,2020-09-11,이 책을 읽고있으면 마음이 너무 편안해져요 세계관도 특이해서 흥미롭게 읽었습니다,44,마음 편안하다 세계관 특이하다 흥미롭다,10,2020,9,positive,0,0,0,0,0,0,0,0,1,0,0,0,0,0,0,0,0,0,0,0,0,0,0,0,0,0,0,0,0,0
4,2020-09-11,"대여 이벤트로 저렴한 가격에 봤는데, 예상보다 재밌었습니다.",33,대여 이벤트 저렴하다 가격 예상 재밌다,7,2020,9,positive,0,0,0,0,0,0,0,0,0,0,0,0,0,0,0,0,0,0,0,0,0,0,0,0,0,0,1,0,0,0
4,2020-09-11,리뷰 많이 보고 읽으면 재미가 반감됨;,21,리뷰 보고 재미 반감,6,2020,9,positive,0,0,0,0,0,0,0,0,0,0,0,0,0,0,0,0,0,0,0,0,0,0,0,0,0,0,0,0,0,0
5,2020-09-10,"읽는내내 따뜻했고 꿈을 꾸는 것 같았습니다, 오랜만에 술술 읽히는 글들 이였고 문장이였습니다. 책을 신중히 고르고 읽고 또 끝을 맺을 때 ..행복한 기분이 드는 게 얼마만인지 모르겠네요, 상상하며 읽는 소설을 너무 좋아하는데 제게 꿈꾸는 시간을 주셔서 감사합니다 작가님",150,따뜻하다 꿈 꾸다 술술 읽히다 글 문장 신중하다 고르다 또 끝 맺다 때 행복하다 기분 게 얼마 모르다 상상 좋아하다 제 꿈꾸다 시간 주다 감사하다 작가,37,2020,9,positive,0,0,0,1,1,0,0,1,0,0,0,0,0,1,0,0,0,1,1,0,0,0,1,1,0,0,0,0,0,0
5,2020-09-09,세계관이 너무 예쁘고 포근해요 상상할 거리도 많구요! 전 대여로 읽었지만 조만간 구매할 생각이에요 소장하고 싶은 세계관과 이야기,71,세계관 예쁘다 포근하다 상상 거리 많다 전 대여 조만간 구매 생각 소장 세계관,17,2020,9,positive,0,0,0,0,0,0,0,0,0,0,1,0,0,1,0,1,0,0,0,0,0,0,0,0,0,0,0,0,0,0
5,2020-09-09,술술읽히는 너무 재미있는책! 흥미로워서 뒷내용이 자꾸만 궁금해지는책이에요ㅠㅠ 끝나는게 아쉬울만큼 재미있었습니다-!,63,술술 읽히다 재미있다 흥미롭다 내용 자꾸만 궁금하다 끝나다 아쉽다 재미있다,10,2020,9,positive,0,0,0,0,0,1,0,0,0,0,0,0,0,0,0,0,0,1,0,0,0,0,1,0,0,2,0,0,0,0
5,2020-09-09,오랜만에 읽는 마음이 따뜻해지는 책이였어요! 가족한테도 추천할거에요 :),40,마음 따뜻하다 가족 도 추천,8,2020,9,positive,0,0,0,0,0,0,0,1,1,0,0,0,0,0,0,0,0,0,0,0,0,0,0,0,0,0,0,0,1,0
5,2020-09-08,따뜻한 이야기. 술술 읽혀서 재밌고 흥미로운 세계관이네요,31,따뜻하다 술술 읽히다 재밌다 흥미롭다 세계관 요,7,2020,9,positive,0,0,0,0,0,0,0,1,0,0,0,0,0,0,0,0,0,1,0,0,0,0,1,0,0,0,1,0,0,0
5,2020-09-08,재밌고 술술 읽혀요 어렵지 않으면서 교훈적이기도 하고요 판타지이나 터무니 없지 않고 과하지 않으면서 흥미로워요 한국 작가라는 부분에서 더 감탄을 금치 못합니다,88,재밌다 술술 읽히다 어렵다 교훈 판타지 터 무니 과 흥미롭다 한국 작가 감탄 금치,21,2020,9,positive,0,0,0,0,0,0,0,0,0,0,0,0,0,0,0,0,0,1,0,0,0,0,1,1,0,0,1,0,0,1
5,2020-09-07,재밌었어요! 따뜻한 책!,13,재밌다 따뜻하다,3,2020,9,positive,0,0,0,0,0,0,0,1,0,0,0,0,0,0,0,0,0,0,0,0,0,0,0,0,0,0,1,0,0,0
5,2020-09-06,책이 넘기기 아쉬울 정도로 재미있습니다. 정말 해리포터랑 비슷한 분위기에요. 다음권도 있었으면 좋겠어요ㅠ,58,넘기다 아쉽다 정도 재미있다 해리포터 비슷하다 분위기 다음 좋다,12,2020,9,positive,0,0,0,0,0,0,0,0,0,0,0,0,0,0,0,0,0,0,0,0,0,0,0,0,0,1,0,1,0,0
5,2020-09-06,따뜻하고 신비롭고 뭉클하고 재밌었어요 작가님 돈길만 걸으세요 ㅜ,35,따뜻하다 신비 뭉클하다 재밌다 작가 돈길 걸다,8,2020,9,positive,0,0,0,0,0,0,0,1,0,0,0,0,0,0,0,0,0,0,0,0,0,0,0,1,0,0,1,0,0,0
5,2020-09-06,꿈을 꾸고난 후의 감정이 얼마나 중요하고 가치있는지 느꼇어요,33,꿈 꾸다 후의 감정 얼마나 중요하다 가다 느꼇어,8,2020,9,positive,1,0,0,0,1,0,0,0,0,0,0,0,0,0,0,0,0,0,0,0,0,0,0,0,0,0,0,0,0,0
5,2020-09-05,정말 재밌게 읽었어요 술술 읽히네요,19,재밌다 술술 읽히다,5,2020,9,positive,0,0,0,0,0,0,0,0,0,0,0,0,0,0,0,0,0,1,0,0,0,0,1,0,0,0,1,0,0,0
5,2020-09-05,황홀한 여정이었습니다.,12,황홀하다 여정,2,2020,9,positive,0,0,0,0,0,0,0,0,0,0,0,0,0,0,0,0,0,0,0,0,0,0,0,0,0,0,0,0,0,0
5,2020-09-04,무엇보다 마지막에 지은이가 우리나라 사람이라는 게 가장 소름 돋았다,37,무엇 마지막 지은이 우리나라 사람 게 가장 소름 돋다,9,2020,9,positive,0,0,0,0,0,0,0,0,0,1,0,0,1,0,0,0,0,0,0,0,0,0,0,0,0,0,0,0,0,0
5,2020-09-03,처음에 책속에서 한국이름이 나오기 전까진 한국작가가 쓴거라고 생각을 못했어요. 꿈백화점이라니 재미있고 신기한 소재로 이야기를 풀어내서 재미있게 읽었습니다. 청소년이 아니고 성인이 읽어도 재밌게 읽을 수 있어요.,117,처음 책속 한국 이름 전 한국 작가 쓸다 생각 꿈 백화점 재미있다 신기하다 소재 풀다 재미있다 청소년 성인 재밌다,25,2020,9,positive,0,0,0,0,0,0,0,0,0,0,0,1,0,0,0,1,1,0,0,0,0,0,0,1,0,2,1,0,0,2
5,2020-09-03,가볍게 읽기 너무 좋아요. 꿈에 대한 환상이 생기네요. 실사화 하면 정말 좋겠는 소설이네요. 오늘 밤 저도 꿈 백화점에 가보고 싶어요.,75,가볍다 좋다 꿈 대한 환상 생기다 실사 좋다 요 오늘 밤 꿈 백화점 가보다,20,2020,9,positive,0,1,0,0,0,0,0,0,0,0,0,1,0,0,0,0,0,0,0,0,0,0,0,0,0,0,0,2,0,0
5,2020-09-03,저도 가고싶네요~~~,11,가다,2,2020,9,positive,1,0,0,0,0,0,0,0,0,0,0,0,0,0,0,0,0,0,0,0,0,0,0,0,0,0,0,0,0,0
5,2020-09-02,마음이 따뜻해지는 책 :),14,마음 따뜻하다,4,2020,9,positive,0,0,0,0,0,0,0,1,1,0,0,0,0,0,0,0,0,0,0,0,0,0,0,0,0,0,0,0,0,0
5,2020-09-02,"꿈에대해 더 깊게 생각 해 볼 수 있었습니다. 제가 자각하지 못할 뿐, 이런 삶에서 살고 있을 수도 있겠네요.",61,꿈 대해 깊다 생각 해 볼 제 자각 뿐 이렇다 삶 살 수도,18,2020,9,positive,0,0,0,0,0,0,0,0,0,0,0,0,0,0,0,1,0,0,0,0,0,1,0,0,0,0,0,0,0,0
5,2020-09-02,마지막 이야기는 보다 울었네요. 외국 도서인줄 알고 와 현지화가 잘 되어있구나 했는데 마지막에 적힌 작가 이름에 놀랐어요.,68,마지막 울다 외국 도서 줄 알 오다 현지 화가 되어다 마지막 적히다 작가 이름 놀라다,17,2020,9,positive,0,0,0,0,0,0,0,0,0,2,0,0,0,0,0,0,0,0,0,0,0,0,0,1,0,0,0,0,0,0
5,2020-09-01,너무 새롭고 놀랍고 대단하다는.... 깊은 삶의 의미를 가볍게 동화처럼 느낄수 있었습니다.,50,새 놀라다 대단하다 깊다 삶 의미 가볍다 동화,11,2020,9,positive,0,1,0,0,0,0,1,0,0,0,0,0,0,0,0,0,0,0,0,0,0,0,0,0,0,0,0,0,0,0
5,2020-09-01,꿈의 세계에 대해서 다시 생각해 볼 수 있는 좋은 시간이었어요. 꿈 백화점에 입장할 수 있는 시간이 무척이나 기대됩니다! 이제 일찍 자려고요~~,80,꿈 세계 대해 다시 생각 볼 좋다 시간 꿈 백화점 입장 시간 무척 기대 이제 일찍,21,2020,9,positive,0,0,0,0,0,0,0,0,0,0,0,1,0,0,0,1,0,0,2,0,0,0,0,0,0,0,0,1,0,0
5,2020-09-01,따뜻하고 발랄한 동화소설,13,따뜻하다 발랄하다 동화,3,2020,9,positive,0,0,0,0,0,0,1,1,0,0,0,0,0,0,0,0,0,0,0,0,0,0,0,0,0,0,0,0,0,0
4,2020-08-31,"읽는 내내 한편의 애니를 보는 것 같고 생기발랄한 동화를 읽는 기분이 든다. 꿈...꾸는 행위가 인생의 길잡이며, 해결사, 안식처 등의 삶의 투영이라고 느껴지게 만듭니다. 극적인 반전이나 큰 사건이 없지만 중간에 책을 덮을 수 없게 만드는 잔잔한 재미가 있습니다.",147,내내 한편 애니 생기발랄하다 동화 기분 꿈 꾸다 행위 인생 길잡이 해결사 안식처 삶 투영 느껴지다 만듭니 극적 반전 크다 사건 중간 덮다 만들다 잔잔하다 재미,37,2020,8,positive,0,0,0,1,1,0,1,0,0,0,0,0,0,0,0,0,0,0,0,0,0,0,0,0,1,0,0,0,0,0
5,2020-08-30,이 책 덕분에 자기 전에 무슨 꿈을 꾸게 될지 기대되네요 ㅠㅠ ❤❤,37,덕분 자기 전 무슨 꿈 꾸다 기대,12,2020,8,positive,0,0,0,0,1,0,0,0,0,0,0,0,0,0,0,0,0,0,0,0,0,0,0,0,0,0,0,0,0,0
5,2020-08-30,머릿속에 구연동화가 펼쳐지는 책 소설이란 의미가 걸맞는 작품입니다.,37,머릿속 화가 펼쳐지다 의미 걸 맞다 작품,8,2020,8,positive,0,0,0,0,0,0,0,0,0,0,0,0,0,0,0,0,0,0,0,0,0,0,0,0,0,0,0,0,0,0
5,2020-08-29,너무 좋은 따뜻한 책이네요,14,좋다 따뜻하다 요,4,2020,8,positive,0,0,0,0,0,0,0,1,0,0,0,0,0,0,0,0,0,0,0,0,0,0,0,0,0,0,0,1,0,0
4,2020-08-27,따뜻한 이야기. 아쉬운 부분도 있지만 좋은 부분이 더 많았어요.,35,따뜻하다 아쉽다 좋다 많다,9,2020,8,positive,0,0,0,0,0,0,0,1,0,0,1,0,0,0,0,0,0,0,0,0,0,0,0,0,0,0,0,1,0,0
5,2020-08-27,작가분은 어떻게 이런 생각을 하시었는지... 덕분에 잠들기전에 좀 설렙니다. ^^,45,작가 어떻다 이렇다 생각 덕분 잠들다 기전 설레다,10,2020,8,positive,0,0,0,0,0,0,0,0,0,0,0,0,0,0,0,1,0,0,0,0,0,1,0,1,0,0,0,0,0,0
5,2020-08-26,어떤 꿈을 꾸든 이 책 덕분에 괜찮을 것 같아요 선물하고 싶은 사람이 많은 책이에요,46,어떻다 꿈 꾸다 덕분 괜찮다 선물 사람 많다,14,2020,8,positive,0,0,0,0,1,0,0,0,0,0,1,0,1,0,0,0,0,0,0,0,0,0,0,0,0,0,0,0,0,0
5,2020-08-26,기분이 좋아지는 소설이었어요 꿈얘기도 누구나 겪어봄직한 꿈들을 소설화해서 신기하고 재밌었어요,51,기분 좋아지다 꿈 얘기 누구 겪다 봄 직하다 꿈 화하다 신기하다 재밌다,10,2020,8,positive,0,0,0,1,0,0,0,0,0,0,0,0,0,0,0,0,0,0,0,0,0,0,0,0,0,0,1,0,0,0
4,2020-08-25,재밌게 술술 읽다가도 깊이 생각하게하는 공감되는 구절이 있어요,34,재밌다 술술 깊이 생각 공감 구절,8,2020,8,positive,0,0,0,0,0,0,0,0,0,0,0,0,0,0,0,1,0,1,0,0,0,0,0,0,0,0,1,0,0,0
5,2020-08-24,정말 영화로 만들어도 좋을만큼 예쁘고 참신한 아이디어가 있는 소설! 넘 재밌었음 ㅎㅎ,47,영화로 만들다 좋다 예쁘다 참신하다 아이디어 넘다 재밌다,12,2020,8,positive,0,0,0,0,0,0,0,0,0,0,0,0,0,0,0,0,0,0,0,0,0,0,0,0,0,0,1,1,0,0
4,2020-08-24,읽으면 읽을수록 작가의 따뜻함과 세심함에 웃음과 눈물이 나오는 멋진 소설이었다. 유난히 꿈이 많은 나에게 좀 더 특별했던 책.,70,작가 따뜻하다 세심 함 웃음 눈물 멋지다 꿈 많다 나 특별하다,18,2020,8,positive,0,0,0,0,0,0,0,1,0,0,1,0,0,0,0,0,0,0,0,0,0,0,0,1,0,0,0,0,0,0
5,2020-08-24,동화같은 꿈이야기였어요!!,14,동화 꿈,2,2020,8,positive,0,0,0,0,0,0,1,0,0,0,0,0,0,0,0,0,0,0,0,0,0,0,0,0,0,0,0,0,0,0
5,2020-08-23,행복한기분이드는 책이네요,13,행복하다 기분 이드 요,2,2020,8,positive,0,0,0,1,0,0,0,0,0,0,0,0,0,0,0,0,0,0,0,0,0,0,0,0,0,0,0,0,0,0
5,2020-08-23,문체와 전체적인 분위기가 너무 따뜻한 책입니다 내용도 너무 귀엽고 몽글몽글한 느낌이라 힐링하면서 읽었어요ㅠㅠ 종이책으로도 사서 소장할 예정이에요!!,82,문체 전체 분위기 따뜻하다 내용 귀엽다 몽글몽글하다 힐링 종이 사서 소장 예정,17,2020,8,positive,0,0,0,0,0,1,0,1,0,0,0,0,0,0,0,0,0,0,0,0,0,0,0,0,0,0,0,0,0,0
5,2020-08-22,어른들의 동화..흠뻑빠져서 읽었다. 한동안 생각많이날듯ㅎ,31,어른 동화 흠뻑 빠지다 생각 날듯,5,2020,8,positive,0,0,0,0,0,0,1,0,0,0,0,0,0,0,0,1,0,0,0,0,1,0,0,0,0,0,0,0,0,0
4,2020-08-22,나만 재미없나...,10,나 재미없다,2,2020,8,positive,0,0,0,0,0,0,0,0,0,0,0,0,0,0,0,0,0,0,0,0,0,0,0,0,0,0,0,0,0,0
5,2020-08-21,Heartwarming story it was.,26,,4,2020,8,positive,0,0,0,0,0,0,0,0,0,0,0,0,0,0,0,0,0,0,0,0,0,0,0,0,0,0,0,0,0,0
5,2020-08-20,간만에 재밌게 술술 읽은 책!,16,간만 재밌다 술술,5,2020,8,positive,0,0,0,0,0,0,0,0,0,0,0,0,0,0,0,0,0,1,0,0,0,0,0,0,0,0,1,0,0,0
5,2020-08-19,따뜻하고 귀여운 책이었어요. 좋은 사람들에게 선물하고픈 꿈같은 책! 저도 좋은 꾸 사고 싶어요. 값은 두둑히 쳐드릴게요!,67,따뜻하다 귀엽다 좋다 사람 선물 하고프다 꿈 좋다 꾸다 사고 값 두둑하다 치다 드리다,16,2020,8,positive,0,0,0,0,1,0,0,1,0,0,0,0,1,0,0,0,0,0,0,0,0,0,0,0,0,0,0,2,0,0
3,2020-08-19,소소한 감동을 주는 소설이었어요.,18,소소하다 감동 주다,4,2020,8,neutral,0,0,1,0,0,0,0,0,0,0,0,0,0,0,0,0,0,0,0,0,0,0,0,0,0,0,0,0,0,0
5,2020-08-19,재밌게 읽었어요. 오랜만에 읽는 소설이네요. 꿈에 대해 다시 생각하게 해주는 것 같아요,48,재밌다 요 꿈 대해 다시 생각 해주다,12,2020,8,positive,0,0,0,0,0,0,0,0,0,0,0,0,0,0,0,1,0,0,0,0,0,0,0,0,0,0,1,0,0,0
5,2020-08-19,"올해 꼭 읽어야 하는 책. 특히 직장인들에게 추천하고 싶다. 내가 꾼 모든 꿈들이, 잠 든 사이 내가 고른 구매의 결과라는 상상력이 몹시 놀랍다. 동시에 덜렁하지만 진솔한 신입 사원 페니가 동분서주하는 모습은 나의 회사 생활과 별반 다르지 않아 더욱 흥미롭다. 특히 깐깐한 매니저 웨더와 가족 비즈니스로 대를 이어 가업을 이어 온 오너 달러구트가 갓 입사한 주인공의 중대한 실수를 너그럽게 받아들이는 장면에서 위안을 받았다. 사실 내가 저지른 실수들도, 이렇게 지나갈 수 있는 게 아니였을까...나쁜 기억을 놓아주었다. 시작부터 외국 서적을 번역한 듯해 꿈손님들의 일상을 다루는 장면에서 조금 어색함을 느꼈지만, 우리나라 작가로서 무엇을 보여줘야하는 지 각오가 단단했구나 , 하는 믿음이 갔다. 서사를 이끌기 위한 중요 소재를 모두 우리나라의 주요 이슈인 급증하는 반려동물 가구, 절정을 맞은 취업난과 직장인의 번아웃 등에서 끌어와 따듯한 시선으로 잘 풀었다는 점에서 특히 그렇다. 원래는 시나리오로 시작한 게 아니었을까 싶을 정도로, 머릿속에 장면이 훤히 그려진다. 다 읽었지만 마지막 장을 덮기 힘들었다. 잠든 아이의 얼굴을 어루만지며, 그 순간을 기억하고 싶은 마음으로 인물 하나하나를 되새겼다. 이 책을 쓴 작가가 너무 고맙다",634,올해 꼭 직장인 추천 내 꾼 모든 꿈 잠 사이 내 고르다 구매 결과 상상력 몹시 놀라다 동시 덜렁 진솔하다 신입 사원 페니 동분서주 모습 나 회사 생활 별반 다르다 더욱 흥미롭다 깐깐하다 매니저 웨더 가족 비즈니스 대다 가업 온 너 달러 구트 갓 입사 주인공 중대하다 실수 너그럽다 받아들이다 장면 위안 받다 사실 내 저지르다 실수 지나가다 게 나쁘다 기억 놓다 시작 외국 서적 번역 듯 꿈 손님 일상 다루다 장면 조금 어색하다 우리나라 작가 로서 무엇 보여주다 야하다 지다 각오 단단하다 믿음 가다 서사 이끌다 위 중요 소재 모두 우리나라 주요 이슈 급증 반려동물 가구 절정 맞다 취업 과 직장인 번 아웃 끌다 따다 시선 풀다 그렇다 원래 시나리오 시작 게 정도 머릿속 장면 훤히 그려지다 마지막 장 덮다 힘들다 잠들다 아이 얼굴 어루만지다 순간 기억 마음 인물 하나 하나 되새기다 쓸다 작가 고맙다,158,2020,8,positive,1,0,0,0,0,0,0,0,1,1,0,0,0,0,1,0,1,0,0,0,0,0,0,2,0,0,0,0,1,0
5,2020-08-18,꿈이라는 소재를 따뜻한 이야기로 풀어가주셔서 너무 재밌게 읽었습니다,37,꿈 소재 따뜻하다 풀다 재밌다,8,2020,8,positive,0,0,0,0,0,0,0,1,0,0,0,0,0,0,0,0,1,0,0,0,0,0,0,0,0,0,1,0,0,0
5,2020-08-18,"하루만에 다 읽을 정도로 빠져들고 재미있게 봤어요. 꿈, 과거, 현재, 미래에 대해 생각해보는 시간이기도 했고 꿈백화점이 실제로 있다면 나는 어떤 꿈을 사려고 할까 하는 생각도 하게 됐어요. 몇년 뒤 한번 더 보고 싶은 책이네요 :)",130,하루 정도 빠져들다 재미있다 꿈 과거 현재 미래 대해 생각 해보다 시간 꿈 백화점 실제 나 어떻다 꿈 사려 생각 돼다 년 뒤 한번 보고 요,35,2020,8,positive,0,0,0,0,0,0,0,0,0,0,0,1,0,0,0,2,0,0,1,0,0,0,0,0,0,1,0,0,0,0
4,2020-08-17,"마음 편하게 읽을 수 있는 꿈에 대한 소설. 고차원적이진 않지만 흥미로운 이야기였습니다. 청소년 문학으로 적합한 것 같아요. 시간의 소중함과 잠의 필요성, 꿈의 다양함을 배우기 적합하네요.",105,마음 편하다 꿈 대한 고차원 이진 흥미롭다 청소년 문학 적합하다 시간 소중하다 잠 필요성 꿈 다양하다 배우다 적합하다,25,2020,8,positive,0,0,0,0,0,0,0,0,1,0,0,0,0,0,0,0,0,0,1,0,0,0,0,0,0,0,0,0,0,0
5,2020-08-17,꿈이라는 걸 이렇게 이쁘게 표현할 수 있다니 대단한 작가분이신거 같아요! 재미있게 읽고 가요,51,꿈 걸 이쁘다 표현 대단하다 작가 거 재미있다 가요,13,2020,8,positive,0,0,0,0,0,0,0,0,0,0,0,0,0,0,0,0,0,0,0,0,0,0,0,1,0,1,0,0,0,0
5,2020-08-16,저도 꿈을 사러가고싶네요..,15,꿈 사르다,3,2020,8,positive,0,0,0,0,0,0,0,0,0,0,0,0,0,0,0,0,0,0,0,0,0,0,0,0,0,0,0,0,0,0
5,2020-08-16,제목이며 표지며 내용까지 외국소설같네요. 스스럼없는 직장분위기가 너무 신기했습니다. 달러구트와 페니는 대표와 말단 직원이지만 친구같아요^^ 꿈꾸는 직장분위기입니다. 재밌게 잘 봤습니다.,103,제목 표지 내용 외국 스스럼없는 직장 분위기 신기하다 달러 구트 페니 대표 말단 직원 친구 꿈꾸다 직장 분위기 재밌다,19,2020,8,positive,0,0,0,0,0,1,0,0,0,0,0,0,0,0,0,0,0,0,0,0,0,0,0,0,0,0,1,0,0,0
2,2020-08-16,청소년이 좋아하는 책인가봐요. 도무지 진도가 안나가고 눈에 안 들어오네요.,41,청소년 좋아하다 도무지 진도 나가다 눈 안 들어오다,9,2020,8,negative,0,0,0,0,0,0,0,0,0,0,0,0,0,0,0,0,0,0,0,0,0,0,0,0,0,0,0,0,0,0
5,2020-08-15,진짜 재밌게 읽었습니다 역시 꿈에서도 사춘기들은 왕성하네요ㅋㅋㅋㅋ 오랜만에 진짜 기분좋은 책이었습니다!!,58,진짜 재밌다 역시 꿈 사춘기 왕성 진짜 기분 좋다,11,2020,8,positive,0,0,0,1,0,0,0,0,0,0,0,0,0,0,0,0,0,0,0,0,0,0,0,0,0,0,1,1,0,0
5,2020-08-15,정말 재미있게 잘 읽었어요.,15,재미있다,4,2020,8,positive,0,0,0,0,0,0,0,0,0,0,0,0,0,0,0,0,0,0,0,0,0,0,0,0,0,1,0,0,0,0
5,2020-08-15,너무 재밌게 읽었어요. 소설을 읽은 건 오랜만이었는데 이야기 속에 푹빠져 계속 보았어요. 재미도 감동도 눈물도 났던 좋은작품이네요!,73,재밌다 건 속 푹 빠지다 계속 재미 감동 눈물 나다 좋다 작품 요,17,2020,8,positive,0,0,1,0,0,0,0,0,0,0,0,0,0,0,0,0,0,0,0,0,0,0,0,0,0,0,1,1,0,0
5,2020-08-14,한번 펼쳐서 읽기시작하면서 어라?왜이렇게 쭉쭉읽어지나?이런생각하면서 진짜 웃으면서 읽었어요~ 물론 뭉클거리는 감동도 조금있구요~ 재미있게 읽었습니다~^^,85,한번 펼치다 작다 어르다 왜 쭉쭉 생각 진짜 웃다 뭉클거리 감동 조금 재미있다,14,2020,8,positive,0,0,1,0,0,0,0,0,0,0,0,0,0,0,0,1,0,0,0,0,0,0,0,0,0,1,0,0,0,0
5,2020-08-14,오늘도 꿈백화점 좀있다 들를게요. 좀 있다 만나요 페니양.,32,오늘 꿈 백화점 좋다 들르다 만나다 페니,8,2020,8,positive,0,0,0,0,0,0,0,0,0,0,0,1,0,0,0,0,0,0,0,0,0,0,0,0,0,0,0,1,0,0
5,2020-08-14,너무 재밌게 읽었어요 정말로...,18,재밌다,4,2020,8,positive,0,0,0,0,0,0,0,0,0,0,0,0,0,0,0,0,0,0,0,0,0,0,0,0,0,0,1,0,0,0
5,2020-08-14,큰 불만없이 재미있게 잘 읽었습니다.,20,크다 불만 재미있다,5,2020,8,positive,0,0,0,0,0,0,0,0,0,0,0,0,0,0,0,0,0,0,0,0,0,0,0,0,0,1,0,0,0,0
5,2020-08-13,우리나라 소설인데도 외국 느낌 나는 소설!ㅎㅎ 환타지인데 꿈에 대해서 한번도 생각해 보지 않은 소재였습니다. 자가가 묘사한거 상상하면서 읽는게 재미 있었습니다. 눈물나는 부분도 있었고 ㅠㅠ 시간 가는줄 모르고 읽었어요!,122,우리나라 도 외국 나 환타지 꿈 대해 한번 생각 보지 소재 자가 묘사 거 상상 재미 눈물나다 시간 가다 모르다,28,2020,8,positive,1,0,0,0,0,0,0,0,0,0,0,0,0,1,0,1,1,0,1,0,0,0,0,0,0,0,0,0,0,0
5,2020-08-13,나미야 잡화점의 기적같은 느낌의 책. 술술 잘 읽히고 굉장히 재미있었음.,40,나미 잡화 기적 술술 읽히다 굉장하다 재미있다,10,2020,8,positive,0,0,0,0,0,0,0,0,0,0,0,0,0,0,0,0,0,1,0,0,0,0,1,0,0,1,0,0,0,0
5,2020-08-13,외국소설인줄 알았는데 국내 작가님이라 놀랐어요 ! 해리포터 처음 봤을때처럼 머리 속에 상상으로 내용이 그려지는 느낌이었어요 ~~ 2편 3편 계속 연재해주세요 !,89,외국 줄 알다 국내 작가 놀라다 해리포터 처음 때 머리 속 상상 내용 그려지다 2 편 3 편 계속 연재 해주다,21,2020,8,positive,0,0,0,0,0,1,0,0,0,0,0,0,0,1,0,0,0,0,0,0,0,0,0,1,0,0,0,0,0,0
5,2020-08-12,뭔가 우리나라 소설이 아닌 외국 소설같은 독특한 소재와 세계관이 아주 훌륭한 소설입니다! 근래에 읽은 소설 중 최고입니다,67,뭔가 우리나라 외국 독특하다 소재 세계관 아주 훌륭하다 근래 중 최고,17,2020,8,positive,0,0,0,0,0,0,0,0,0,0,0,0,0,0,0,0,1,0,0,0,0,0,0,0,0,0,0,0,0,0
5,2020-08-12,꿈을 소재로 이런 이야기를 풀어낼 수 있는 작가가 궁금해지기까지 합니다. 잠자기 전에 며칠동안 읽었지만 꾸고 싶은 꿈은 못 꾸었습니다. 신선한 소설입니다.,86,꿈 소재 이렇다 풀다 낼 작가 궁금하다 잠자다 전 며칠 동안 꾸다 꿈 못 꾸다 신선하다,21,2020,8,positive,0,0,0,0,2,0,0,0,0,0,0,0,0,0,0,0,1,0,0,1,0,1,0,1,0,0,0,0,0,0
5,2020-08-11,오랜만에 즐겁게 읽은 소설이에요. 분량이 줄어드는게 아쉬울 정도였네요,38,즐겁다 분량 줄어들다 아쉽다 정도,8,2020,8,positive,0,0,0,0,0,0,0,0,0,0,0,0,0,0,0,0,0,0,0,0,0,0,0,0,0,0,0,0,0,0
5,2020-08-11,청소년을 위한 책이라 조금 시시할까 걱정했지만..어른이 읽어도 공감할만하고 생각할 거리를 주는 책이에요~ 초등학생인 아들이 조금 더 크면 읽어보라고 사줘야겠어요~ 다음 이야기가 또 있을것만 같아요....이대로 책장을 덮기가 너무 아쉽네요~!!,135,청소년 위 조금 시시하다 걱정 어른 공감 만하 생각 거리 주다 초등학생 아들 조금 크다 보라 사주다 다음 또 책장 덮다 아쉽다,28,2020,8,positive,0,0,0,0,0,0,0,0,0,0,0,0,0,0,0,1,0,0,0,0,1,0,0,0,0,0,0,0,0,0
5,2020-08-11,"마치 어른을 위한 베드타임 스토리같아요. 자기전에 가볍게 읽기도 좋고, 이 책을 읽고 자면 왠지 멋진 꿈을 꿀 것만 같은 기분이 듭니다.",76,마치 어른 위 베드 타임 스토리 가볍다 좋다 멋지다 꿈 꿀 기분 듭니,21,2020,8,positive,0,1,0,1,0,0,0,0,0,0,0,0,0,0,0,0,0,0,0,0,1,0,0,0,0,0,0,1,0,0
5,2020-08-10,책을 다 읽었다는 게 아쉽다고 느껴질만큼 재미있었어요.첫 에피소드부터 마지막까지 작가님의 꿈에 대한 상상력에 감탄했고 시리즈물로 계속 보고싶다는 생각이 절로 들 정도로 매력적이에요. 다른 꿈제작자들이나 페니랑 막심의 관계라던가 꿈 백화점 직원들의 이야기라던가 보고싶은 이야기는 너무 많은데 마지막 페이지여서 너무 서운한거에요ㅜㅠ,183,게 아쉽다 느껴지다 재미있다 첫 에피소드 마지막 작가 꿈 대한 상상력 감탄 시리즈 물 계속 생각 절로 정도 매력 다른 꿈 제작자 페니 막심 관계 꿈 백화점 직원 많다 마지막 페이지 서운하다,39,2020,8,positive,0,0,0,0,0,0,0,0,0,2,1,1,0,0,1,1,0,0,0,0,0,0,0,1,0,1,0,0,0,0
5,2020-08-09,"어른을 위한 동화처럼 따듯하고 착한 책. 달러구트를 포함하여 페니를 대하는 어른들이 너무 이상적인 어른이라서 놀랐어요. 첫 심부름을 나간 아이가 실수를 했다면 연습과 마음의 준비를 할 수 있도록 도와주지 않은 어른들이 나쁜 게 당연하죠. 또 그런 일이 생기지 않도록, 안 그래도 속상한 아이가 주눅들지 않도록 마음을 써주는 다정한 사람들이 있는 가게에서 산 꿈이 어떻게 안 좋을 수가 있겠어요. 저도 꼭 한번 가보고 싶고, 이미 몇 번이나 방문했을 거라고 믿고 있어요. 마지막 에피소드에선 정말 펑펑 울었네요. 동물들에게도 꿈을 파니까 먼저 떠나간 아이들이 맡겨놓은 꿈이 곧 도착할 거라고 믿습니다. 오랜만에 좋은 이야기를 읽었어요. 감사합니다.",361,어른 위 동화 따다 듯 착하다 달러 구트 포함 페니 대하 어른 이상 어른 놀라다 첫 심부름 나가다 아이 실수 연습 마음 준비 도와주다 어른 나쁘다 게 당연하다 또 그렇다 생기지 안 속상하다 아이 주눅 마음 써주다 다정하다 사람 가게 산 꿈 어떻다 안 좋다 수가 꼭 한번 가보다 몇 번 방문 거 믿다 마지막 에피소드 펑펑 울다 동물 꿈 파 먼저 떠나가다 아이 맡기다 꿈 곧 도착 거 믿다 좋다 감사하다,91,2020,8,positive,0,0,0,0,0,0,1,0,2,1,0,0,1,0,0,0,0,0,0,0,4,0,0,0,0,0,0,2,0,0
5,2020-08-09,문득 내가 꾸었던 꿈들을 구입하러 가는 그런 모습이 상상됐어요 아름다운 판타지 같으면서도 현실적이라 재밌었고 인생의 방향까지 고민해 볼 수 있는 유익한 시간이였습니다,92,문득 내 꾸다 꿈 구입 가다 그렇다 모습 상상 돼다 아름답다 판타지 현실 재밌다 인생 방향 고민 볼 유익하다 시간,22,2020,8,positive,1,0,0,0,1,0,0,0,0,0,0,0,0,1,0,0,0,0,1,0,0,0,0,0,0,0,1,0,0,0
5,2020-08-08,내용이 넘나 귀엽고 술술 읽혔음. 청소년 소설로 분류 되어있던것 같은데 어른동화같고 잘 읽었습니다.,55,내용 넘다 귀엽다 술술 읽히다 청소년 분류 되어다 어른 동화,13,2020,8,positive,0,0,0,0,0,1,1,0,0,0,0,0,0,0,0,0,0,1,0,0,1,0,1,0,0,0,0,0,0,0
5,2020-08-07,"굉장히 재미있었습니다. 생각 할 거리도 많고, 마지막의 스피도가 참.. 그런데요.. 페니와 막심의 이야기도 풀어주셨으면 더 좋았을 것 같습니다.(로맨스를 좋아해요.)",92,굉장하다 재미있다 생각 거리 많다 마지막 스피도 차다 그렇다 페니 막심 풀다 좋다 로맨스 좋아하다,19,2020,8,positive,0,0,0,0,0,0,0,0,0,1,1,0,0,0,0,1,0,0,0,0,0,0,0,0,0,1,0,1,0,0
5,2020-08-06,"아껴서 읽고싶은,오랜만에 종이책으로 소장하고 싶은 예쁜 책",32,아끼다 종이 소장 예쁘다,7,2020,8,positive,0,0,0,0,0,0,0,0,0,0,0,0,0,0,0,0,0,0,0,0,0,0,0,0,0,0,0,0,0,0
5,2020-08-06,쉽게 잘 읽히고 흡입력 좋습니당 잠이나 꿈은 당연하게 여기며 살았는데 기발한? 내용들로 전개되니까 재밌었어요 ㅎㅎ 드라마로 나오면 진짜 좋을것같아요ㅎㅎ,84,쉬다 읽히다 흡입 좋다 습 니당다 잠 꿈 당연하다 여기 살다 기발하다 내용 전개 재밌다 드라마 진짜 좋다,19,2020,8,positive,0,0,0,0,0,1,0,0,0,0,0,0,0,0,0,0,0,0,0,0,0,0,1,0,0,0,1,2,0,0
4,2020-08-05,따뜻한 책이에요 단편 드라마로 만들면 재미있을거같아요,29,따뜻하다 단편 드라마 만들다 재미있다,6,2020,8,positive,0,0,0,0,0,0,0,1,0,0,0,0,0,0,0,0,0,0,0,0,0,0,0,0,0,1,0,0,0,0
5,2020-08-05,뻔한 교훈을 따뜻하게 말하는 법,17,뻔하다 교훈 따뜻하다 말 법,5,2020,8,positive,0,0,0,0,0,0,0,1,0,0,0,0,0,0,0,0,0,0,0,0,0,0,0,0,0,0,0,0,0,0
5,2020-08-04,시간가는줄 모르고 재밌게 읽었습니다.  어른을 위한 동화같은책,34,시간 가다 모르다 재밌다 어른 위 동화,7,2020,8,positive,1,0,0,0,0,0,1,0,0,0,0,0,0,0,0,0,0,0,1,0,1,0,0,0,0,0,1,0,0,0
3,2020-08-04,따듯하고 기분 좋은 예쁜 동화,16,따다 듯 기분 좋다 예쁘다 동화,5,2020,8,neutral,0,0,0,1,0,0,1,0,0,0,0,0,0,0,0,0,0,0,0,0,0,0,0,0,0,0,0,1,0,0
5,2020-08-03,귀여운 아이디어로 조용히 시간 보내기 좋아요,24,귀엽다 아이디어 조용하다 시간 보내다 좋다,6,2020,8,positive,0,0,0,0,0,0,0,0,0,0,0,0,0,0,0,0,0,0,1,0,0,0,0,0,0,0,0,1,0,0
5,2020-08-03,"어른을 위한 동화같은 이야기.  읽는 내내 마음이 따뜻하고, 내용도 재밌어요.",43,어른 위 동화 내내 마음 따뜻하다 내용 재밌다,10,2020,8,positive,0,0,0,0,0,1,1,1,1,0,0,0,0,0,0,0,0,0,0,0,1,0,0,0,0,0,1,0,0,0
5,2020-08-02,읽고나서 감정이 더 풍부해진거 같은 이야기에요! 마지막엔 질질 울면서 읽었습니다 ㅠㅠ,47,감정 풍부하다 마지막 질질 울면,11,2020,8,positive,0,0,0,0,0,0,0,0,0,1,0,0,0,0,0,0,0,0,0,0,0,0,0,0,0,0,0,0,0,0
5,2020-08-02,재미있었어요 마지막 부분 볼때는 울면서 읽었네요ㅠㅠ,28,재미있다 마지막 볼때 울면,6,2020,8,positive,0,0,0,0,0,0,0,0,0,1,0,0,0,0,0,0,0,0,0,0,0,0,0,0,0,1,0,0,0,0
5,2020-08-02,"작가님 진짜 꿈백화점에 다녀오신 거죠? 너무 생생하고 참신한 설정이라 진짜 꿈백화점이 있을거 같아요. 본편 마지막 에피소드는 처음부터 끝까지 펑펑 울면서 봤네요ㅠㅠ 잠이 들어야만 갈 수 있는 환상의 세계에 있는 꿈백화점. 이곳에 지구촌 세계 각지에서 잠든 사람들이 멋진 꿈을 꾸기 위해 찾아옵니다. 잠든 모습 그대로 찾아오기 때문에 대부분은 잠옷 차림이고 속옷만 입고 잠든 사람들을 위해 가운을 대여해주는 동물들이 마을을 돌아다녀요. 잠든 사람들은 꿈백화점에서 자기가 꾸고 싶은 멋진 꿈을 구입하고, 상점에서는 그 꿈을 꾸고 난 뒤에 느끼는 감정을 대가로 나눠받아갑니다. 이 꿈백화점에서 일어난 일도 일종의 꿈이기 때문에 사람들은 깨어난 뒤에는 기억을 못하는데, 이것까지 정말 있을법하지 않나요? 현실에서 망설이는 마음에 한걸음 뗄 수 있게 해주는 꿈, 동물들이 꾸는 꿈, 트라우마를 극복하게 하는 꿈, 이야기들을 읽다보면 더이상 잠드는 게 무섭고 막막한 일이 아니게 됩니다. 청소년뿐 아니라 어른들에게도 좋은 동화에요. 저도 꿈백화점에 들르고 있을까요? 그렇다고 하기엔 영 재밌는 꿈을 꾼 적이 없네요.. 제게도 좀 멋진 꿈을 팔아줬으면ㅠㅠ",583,작가 진짜 꿈 백화점 다녀오다 거 생생하다 참신하다 설정 진짜 꿈 백화점 편 마지막 에피소드 처음 끝 펑펑 울면 잠 갈다 환상 세계 꿈 백화점 곳 지구촌 세계 각지 잠들다 사람 멋지다 꿈 꾸다 위해 찾아오다 잠들다 모습 그대로 찾아오다 때문 대부분 잠옷 차림 속옷 입다 잠들다 사람 위해 가운 대여 해주다 동물 마을 돌아다니다 잠들다 사람 꿈 백화점 자기 꾸다 멋지다 꿈 구입 상점 꿈 꾸다 난 뒤 감정 대가 나누다 받다 가다 꿈 백화점 일어나다 일도 일종 꿈 이기 때문 사람 깨어나다 뒤 기억 법 현실 망설이다 마음 걸음 떼다 해주다 꿈 동물 꾸다 꿈 트라우마 극복 꿈 이상 잠들다 게 무섭다 막막하다 청소년 어른 좋다 동화 꿈 백화점 들르다 영 재밌다 꿈 꾼 적 게 멋지다 꿈 팔 주다,142,2020,8,positive,1,0,0,0,4,0,1,0,1,1,0,6,4,0,0,0,0,0,0,0,1,0,0,1,0,0,1,1,0,0
5,2020-08-02,명작이네요 설정도 좋고. 내용이 건전하고 갈등구조가 적어서 청소년 문학스러운데 청소년들에게 어필할 소재인지는 모르겠네요 ㅎㅎ 아무튼 그건 그거대로 매력적입니다.,89,명작 요 설정 좋다 내용 건전하다 갈등 구조 적다 청소년 문학 데 청소년 어필 소재 모르다 그거 매력,18,2020,8,positive,0,0,0,0,0,1,0,0,0,0,0,0,0,0,0,0,1,0,0,0,0,0,0,0,0,0,0,1,0,0
5,2020-08-01,동화같은 책이예요! 문체가 깔끔해서 잘읽혀서 한번 읽으면 못 멈추고 계속 읽게 되더라구요 ㅎㅎ 추천합니다~!,60,동화 문체 깔끔하다 읽히다 한번 못 멈추다 계속 추천,14,2020,8,positive,0,0,0,0,0,0,1,0,0,0,0,0,0,0,0,0,0,0,0,0,0,0,1,0,0,0,0,0,1,0
3,2020-08-01,볼만했네요. 그녕저냥 읽을만함,16,볼 그녕저 함,3,2020,8,neutral,0,0,0,0,0,0,0,0,0,0,0,0,0,0,0,0,0,0,0,0,0,0,0,0,0,0,0,0,0,0
5,2020-08-01,가슴이 따뜻해지는 책이예요. 꿈이라는 주제로 때로는 설레임으로 때로는 슬픔 또는 애뜻함 등을 느낄수 있는 이야기들을 들려줍니다. 작가님의 상상력에 진심 엄지 척!!!,92,가슴 따뜻하다 꿈 주제 때로는 설레임 때로는 슬픔 애뜻함 들려주다 작가 상상력 진심 엄지 척,21,2020,8,positive,0,0,0,0,0,0,0,1,0,0,0,0,0,0,1,0,0,0,0,0,0,0,0,1,0,0,0,0,0,0
5,2020-08-01,재밌게 잘 읽혀서 좋았어요.,15,재밌다 읽히다 좋다,4,2020,8,positive,0,0,0,0,0,0,0,0,0,0,0,0,0,0,0,0,0,0,0,0,0,0,1,0,0,0,1,1,0,0
2,2020-08-01,달콤함을 제대로 살리지 못한 진부함..,21,달콤하다 제대로 살리다 못 진부하다,5,2020,8,negative,0,0,0,0,0,0,0,0,0,0,0,0,0,0,0,0,0,0,0,0,0,0,0,0,0,0,0,0,0,0
1,2020-08-01,??????????읽기 싫음 무슨말인지????‍♂️,28,싫다 말,3,2020,8,negative,0,0,0,0,0,0,0,0,0,0,0,0,0,0,0,0,0,0,0,0,0,0,0,0,0,0,0,0,0,0
5,2020-08-01,인생책 만났어요 너무 재밌습니다!!,19,인생 만나다 재밌다,4,2020,8,positive,0,0,0,0,0,0,0,0,0,0,0,0,0,0,0,0,0,0,0,0,0,0,0,0,0,0,1,0,0,0
5,2020-07-30,따뜻한 이야기네요 잘읽었습니다,16,따뜻하다,3,2020,7,positive,0,0,0,0,0,0,0,1,0,0,0,0,0,0,0,0,0,0,0,0,0,0,0,0,0,0,0,0,0,0
1,2020-07-30,이해가 안됨 읽을수가 없음,14,이해 안되다,4,2020,7,negative,0,0,0,0,0,0,0,0,0,0,0,0,0,0,0,0,0,0,0,0,0,0,0,0,0,0,0,0,0,0
5,2020-07-29,너무 따뜻하다 행복한 책,13,따뜻하다 행복하다,4,2020,7,positive,0,0,0,0,0,0,0,1,0,0,0,0,0,0,0,0,0,0,0,0,0,0,0,0,0,0,0,0,0,0
5,2020-07-29,몇번을 읽은 올해 저에게 가장 기억남는 책입니다,26,몇번 올해 가장 기억나다,7,2020,7,positive,0,0,0,0,0,0,0,0,0,0,0,0,0,0,0,0,0,0,0,0,0,0,0,0,0,0,0,0,0,0
5,2020-07-28,술술. 재밌었어요!,10,술술 재밌다,2,2020,7,positive,0,0,0,0,0,0,0,0,0,0,0,0,0,0,0,0,0,1,0,0,0,0,0,0,0,0,1,0,0,0
5,2020-07-27,생각없이 보기 좋아요. 마음이 따뜻해지고 훈훈해지네요. 저도 달러구트같은 사람이되고싶어요,49,생각 보기 좋다 마음 따뜻하다 훈훈하다 달러 구트 사람,9,2020,7,positive,0,0,0,0,0,0,0,1,1,0,0,0,1,0,0,1,0,0,0,0,0,0,0,0,0,0,0,1,0,0
5,2020-07-27,창의적인 설정과 에피소드마다 주려는 교훈들은 생각보다 알차서 읽을수록 빠져들었어요 종이책으로 사서 소장하고 싶네요.,64,창의 설정 에피소드 주다 교훈 생각 알차다 빠져들다 종이 사서 소장,13,2020,7,positive,0,0,0,0,0,0,0,0,0,0,0,0,0,0,0,1,0,0,0,0,0,0,0,0,0,0,0,0,0,0
2,2020-07-25,"설정도 얄팍하고 문장들도 납작한데... 이벤트 도서라 어차피 싸서 평점이 높은 건가? 대단한 무언가는 없고요, 취향만 맞는다면 가볍게 읽기는 좋을 듯 합니다. 한 번 읽기 시작하면 그래도 끝을 보기 위해 노력하는 편이라 다 읽기는 읽었어요. 저는 이 책에서 이런 허술함을 견디면서라도 책이 좋아지게 만드는 이유를 찾지 못했습니다. 딱히 참신하지도 않고, 설득력 있지도 않고, 배경 설정이 꼼꼼하지도 않고, 문장이 유려하지도 않고, 그렇다고 서술에 간결하고 정제된 아름다움이 있지도 않고, 대사는 작위적이고... 감동적이려고 노력하는 느낌 정도만 받았어요.   대상 독자도 애매해요. 성인이 보기엔 지나치게 엉성한데, 아동용 감성도 아니고 (지친 직장인 어쩌고 연애 저쩌고 하는 내용들이 대놓고 성인 독자를 타겟팅함), 청소년에게 더 어필할 만한 강점조차 없고. 표현이 간단하다고 보다 어린 연령대에 무조건 어필할 수 있는 게 아니잖아요? 그 간단한 문장에 의미를 담는 게 더 어려운 건데... 여러모로 부족한 점이 많은 문장들과 전개를 보자니 정체불명의 소설이라는 생각만 드네요.",548,설정 얄팍하다 문장 납작하다 이벤트 도서 어차피 싸다 평점 높다 건가 대단하다 무언가 취향 맞다 가볍다 좋다 듯 번 시작 끝 보기 위해 노력 편이 이렇다 허다 술함 견디다 면서 좋아지다 만들다 이유 찾다 딱하다 참신하다 설득 배경 설정 꼼꼼하다 문장 유려 지도 서술 간결하다 정제 아름답다 움 대사 작위 감동 려고 노력 정도 받다 대상 독자 애매하다 성인 보기 지나치다 성하다 아동 용 감성 지치다 직장인 어쩌 연애 저쩌 내용 성인 독자 타겟 팅함 청소년 어필 강점 표현 간단하다 어리다 연령 무조건 어필 게 간단하다 문장 의미 담다 게 어렵다 모로 부족하다 많다 문장 전개 정체 불명 생각 드네,131,2020,7,negative,0,1,1,0,0,1,0,0,0,0,1,0,0,0,0,1,0,0,0,0,0,1,0,0,0,0,0,1,0,0
5,2020-07-22,너무 재밌어요! 중간에 도제님 관련 꿈이 나왔을때는 눈물을 참느라 힘들었어요ㅎㅎ 잔잔하면서 감동적이에요. 꿈이라는 소재로 이런 소설을 쓰시다니 창의력이 대단하신거같아요. 재밌어서 빨리 읽느라 흘겨 읽어서 다시 한번 자세히 읽으려고요! 읽으면서 캐릭터 이름들 해석하는 재미도 있어요ㅎㅎ,158,재밌다 중간 도제 관련 꿈 때 눈물 참다 힘들다 잔잔하다 감동 꿈 소재 이렇다 쓸다 창의력 대단하다 재밌다 흘겨 다시 한번 자세하다 캐릭터 이름 해석 재미,34,2020,7,positive,0,0,1,0,0,0,0,0,0,0,0,0,0,0,0,0,1,0,0,0,0,1,0,0,1,0,2,0,0,0
4,2020-07-22,처음엔 너무 창의적인 설정 때문에 조금 오글 거렸는데 꾹 참고 읽다보니 마지막쯤엔 뭉클하고 눈물도 찔끔 흘렸다. 작가님의 상상력이 놀라웠다. 한번 쯤 읽어봐도 좋은 소설인 것 같다.,101,처음 창의 설정 때문 조금 글 거렸는데 꾹 참고 마지막 뭉클하다 눈물 흘리다 작가 상상력 놀랍다 한번 쯤 좋다,26,2020,7,positive,0,0,0,0,0,0,0,0,0,1,0,0,0,0,1,0,0,0,0,0,0,0,0,1,0,0,0,1,0,0
5,2020-07-22,좋아요 추천합니다!!,11,좋다 추천,2,2020,7,positive,0,0,0,0,0,0,0,0,0,0,0,0,0,0,0,0,0,0,0,0,0,0,0,0,0,0,0,1,1,0
5,2020-07-22,동화같은 이야기들.. 어찌보면 살짝 유치할순 있지만 저에게는 힐링되는 소설이었어요~ 일이든 사람관계든 힘들때 위로 받을수 있는 책인것 같아요,78,동화 어찌 살짝 유치하다 순 힐링 일이 사람 관계 힘들다 때 위로 받다,17,2020,7,positive,0,0,0,0,0,0,1,0,0,0,0,0,1,0,0,0,0,0,0,0,0,0,0,0,0,0,0,0,0,0
5,2020-07-21,어른이 되어 포용할 수 있는 범위가 넓어진 어린왕자를 보는 것 같달까요 참 포근하며 따뜻하게 미소지으며 책을 읽었습니다. 감사히 잘 읽었습니다:),81,어른 되어다 포 용하다 범위 넓어지다 어린왕자 달다 요 차다 포근하다 따뜻하다 미소 지다,20,2020,7,positive,0,0,0,0,0,0,0,1,0,0,0,0,0,0,0,0,0,0,0,0,1,0,0,0,0,0,0,0,0,0
4,2020-07-19,미소 띄우며 가볍게 볼 수 있는 소설. 단편 웹드라마로 만들기에도 좋을듯...  원지 애니 '인사이드 아웃'이 연상되는 사람은 나뿐일까?  혹은 영화 '심야식당'도 생각난다.,97,미소 띄우다 가볍다 볼 단편 웹 드라마 만들기 좋다 원지 애니 인사 이드 아웃 연상 사람 나 뿐이다 영화 심야식당 생각나다,22,2020,7,positive,0,1,0,0,0,0,0,0,0,0,0,0,1,0,0,0,0,0,0,0,0,0,0,0,0,0,0,1,0,0
4,2020-07-18,"말이 안되는거 같다가두 어차피 소설속 배경이나 조건은 작가 세상이니..사랑,기쁨,슬픔 등등 여러감정을 느낄수 있어서 참 잘 보았네여 ^.^",77,말 안되다 어차피 속 배경 조건 작가 세상 사랑 기쁨 슬픔 등등 감정 차다 여,17,2020,7,positive,0,0,0,0,0,0,0,0,0,0,0,0,0,0,0,0,0,0,0,0,0,0,0,1,0,0,0,0,0,0
5,2020-07-15,"특별한 굴곡이나 드라마는 없었지만, 오히려 그래서 소소하게 스쳐지나가는 이야기들이 더 따뜻하고 아기자기하게 다가왔던것 같아요. 힘든 일이 없진 않지만 다른 각도에서 보면 또 조금 다를 수 있다고 위로해주는 이야기라 요즘에 계획이 다 불가항력으로 틀어지는 바람에 무기력해졌던 저에게 좋은 선물이 되었습니다.",170,특별하다 굴곡 드라마 오히려 소소하다 스치다 지나가다 따뜻하다 아기자기하다 다가오다 힘드다 다른 각도 또 조금 다르다 위로 해주다 요즘 계획 불가항력 틀어지다 바람 무기 좋다 선물 되어다,39,2020,7,positive,0,0,0,0,0,0,0,1,0,0,0,0,0,0,0,0,0,0,0,0,0,0,0,0,0,0,0,1,0,0
4,2020-07-14,무난하게 따뜻한 소설,11,무난 따뜻하다,3,2020,7,positive,0,0,0,0,0,0,0,1,0,0,0,0,0,0,0,0,0,0,0,0,0,0,0,0,0,0,0,0,0,0
5,2020-07-13,재밌게 잘 읽었습니다. 일단 청소년문학으로 분류되어있다는 점을 까먹고 접근하시는 분들이 주로 별점 깎고 주시는 듯해서 속상하네요. 하지만 취업준비생이나 미래에 대한 불확실성때문에 고민이 많으신 분들이 읽으면 자신에게 힘이 되는 글귀를 하나쯤은 얻어나갈 수 있는 책인 것 같아요!,155,재밌다 일단 청소년 문학 분류 되어다 까먹다 접근 분 주로 깎다 주시 듯 속상하다 취업 준비 생 미래 대한 불확실 때문 고민 많다 분 자신 힘 글귀 하나 얻다 나가다,36,2020,7,positive,0,0,0,0,0,0,0,0,0,0,1,0,0,0,0,0,0,0,0,0,0,0,0,0,0,0,1,0,0,0
4,2020-07-10,매우 가볍게 읽을수 있는 책이여서 틈틈히 시간 날때 읽었어요. 하지만 책에서 클라이맥스가 뚜렷히 없고 주인공들의 일상만 대해 다루어서 살짝 지루한감이 있어요. 그래도 짧아서 재미있게 읽었습니다!!,109,매우 가볍다 틈틈하다 시간 날때 클라이맥스 뚜렷하다 주인공 일상 대해 다루다 살짝 지루하다 감 짧다 재미있다,25,2020,7,positive,0,1,0,0,0,0,0,0,0,0,0,0,0,0,0,0,0,0,1,0,0,0,0,0,0,1,0,0,0,0
4,2020-07-10,가볍고 편하게 보기 좋은 글입니다,18,가볍다 편하다 보기 좋다 글,5,2020,7,positive,0,1,0,0,0,0,0,0,0,0,0,0,0,0,0,0,0,0,0,0,0,0,0,0,0,0,0,1,0,0
4,2020-07-09,약간 디테일한 부분이 조금 약하고 스토리가 탄탄하짐 않지만 상상력도 자극되고 너무 재미있었어요!!!!!!,58,약간 디테일 조금 약하다 스토리 탄탄하다 짐 상상력 자극 재미있다,12,2020,7,positive,0,0,0,0,0,0,0,0,0,0,0,0,0,0,1,0,0,0,0,0,0,0,0,0,0,1,0,0,0,0
5,2020-07-05,흐믓흐믓하게 읽다가 눈물이 터져버렸어요ㅠ,22,흐믓흐믓하 눈물 터지다 버리다,4,2020,7,positive,0,0,0,0,0,0,0,0,0,0,0,0,0,0,0,0,0,0,0,0,0,0,0,0,0,0,0,0,0,0
4,2020-07-02,"세계관을 만들때의 상상력이 재밌긴한데, 풀어내는 이야기는 약간 자기전 부모님이 아이에게 읽어줄법한 아동용이야기랄까요. 무난하게 읽을만합니다~",78,세계관 만들다 때 상상력 재밌다 풀다 약간 부모님 아이 법 아동 용이 야기 랄 끄다 무난,14,2020,7,positive,0,0,0,0,0,0,0,0,0,0,0,0,0,0,1,0,0,0,0,0,0,0,0,0,0,0,1,0,0,0
1,2020-07-01,흐음....청소년이 보기 적당한 정도네여,22,청소년 보기 적당하다 정도,4,2020,7,negative,0,0,0,0,0,0,0,0,0,0,0,0,0,0,0,0,0,0,0,0,0,0,0,0,0,0,0,0,0,0
5,2020-06-30,재미있게 잘봤어요ㅎㅎ,11,재미있다,2,2020,6,positive,0,0,0,0,0,0,0,0,0,0,0,0,0,0,0,0,0,0,0,0,0,0,0,0,0,1,0,0,0,0
4,2020-06-27,이벤트때문에 구매하게 된 책인데 기대 안하고 보다가 웃다가 울다가 했어요. 현실에 치여 힘들때 상상력이 풍부한 소설을 만나니 더 긍정적인 에너지를 끌어받은 기분이었습니다. 이야기가 조금 더 길었으면 하는 아쉬움이 남을정도로 순식간에 읽었습니다.,136,이벤트 때문 구매 기대 안 웃다 다가 현실 치이다 힘들다 때 상상력 풍부하다 만나다 긍정 에너지 끌다 받다 기분 조금 길다 아쉬움 남 정도 순식간,31,2020,6,positive,0,0,0,1,0,0,0,0,0,0,0,0,0,0,1,0,0,0,0,0,0,0,0,0,0,0,0,0,0,0
5,2020-06-27,신선한 상상력안에 감동이 한가득,17,신선하다 상상력 안 감동,4,2020,6,positive,0,0,1,0,0,0,0,0,0,0,0,0,0,0,1,0,0,0,0,1,0,0,0,0,0,0,0,0,0,0
5,2020-06-25,"작가의 기막힌 독창성과 풍부한 상상력에도 불구하고, 가슴에 와 닿는 건 뭐니뭐니해도 “스토리”인데, 달러구트의 꿈 백화점은 그 모든걸 갖추고 있어서 기뻤고, 독서 내내 즐거웠다. 마지막 장은 눈물을 흘리게 만들 정도로, 한 번쯤은 꿈에서 생활하는 나 자신을 볼 때 독자들은 공감할 것이다.",161,작가 기막히다 독창 성과 풍부하다 상상력 불구 가슴 오다 닿다 건 뭐 뭐 해도 스토리 달러 구트 꿈 백화점 걸 갖추다 기쁘다 독서 내내 즐겁다 마지막 장 눈물 흘리다 만들다 정도 번 꿈 생활 나 자신 볼 때 독자 공감,40,2020,6,positive,0,0,0,0,0,0,0,0,0,1,0,1,0,0,1,0,0,0,0,0,0,0,0,1,0,0,0,0,0,0
5,2020-06-18,완벽한하루  꿈같은 평밤한하루,16,완벽하다 하루 꿈 평밤 하루,3,2020,6,positive,0,0,0,0,0,0,0,0,0,0,0,0,0,0,0,0,0,0,0,0,0,0,0,0,0,0,0,0,0,0
5,2020-06-17,친구의추천으로 읽게 되었는데 술술 읽혀서 금방 읽어버렸어요  너무 재미있게 잘 읽었습니다 ????????,58,친구 추천 되어다 술술 읽히다 금방 버리다 재미있다,12,2020,6,positive,0,0,0,0,0,0,0,0,0,0,0,0,0,0,0,0,0,1,0,0,0,0,1,0,0,1,0,0,1,0
5,2020-06-17,재밌게 읽었어요~~^^,12,재밌다,2,2020,6,positive,0,0,0,0,0,0,0,0,0,0,0,0,0,0,0,0,0,0,0,0,0,0,0,0,0,0,1,0,0,0
5,2020-06-17,너무 재밌어요 어떻게 이런 생각을 했을까 우아 감탄하며 읽었어요,35,재밌다 어떻다 이렇다 생각 감탄,9,2020,6,positive,0,0,0,0,0,0,0,0,0,0,0,0,0,0,0,1,0,0,0,0,0,1,0,0,0,0,1,0,0,0
5,2020-06-17,맘이 따뜻해져요 지치고 힘들때 읽음 좋은 어른동화,27,맘 따뜻하다 지치다 힘들다 때 좋다 어른 동화,7,2020,6,positive,0,0,0,0,0,0,1,1,0,0,0,0,0,0,0,0,0,0,0,0,1,0,0,0,0,0,0,1,0,0
5,2020-06-16,"'따듯한 책' 어떻게 살아야 할지, 어떤 마음 가짐으로 살아야할지에 대해서 다시 고민하는 기회를 만들어준 책",60,따다 어떻다 살다 어떻다 마음 가짐 살 야하다 대해 다시 고민 기회 만들다 준,15,2020,6,positive,0,0,0,0,0,0,0,0,1,0,0,0,0,0,0,0,0,0,0,0,0,0,0,0,0,0,0,0,0,0
4,2020-06-16,막심이랑 페니얘기 왜 더 안해주셨어요 ㅠㅠ 엉엉,26,막심 페니 얘기 왜 해주다 엉엉,7,2020,6,positive,0,0,0,0,0,0,0,0,0,0,0,0,0,0,0,0,0,0,0,0,0,0,0,0,0,0,0,0,0,0
4,2020-06-15,가볍게 읽을 수 있어 좋았어요,16,가볍다 좋다,5,2020,6,positive,0,1,0,0,0,0,0,0,0,0,0,0,0,0,0,0,0,0,0,0,0,0,0,0,0,0,0,1,0,0
5,2020-06-15,"호기심 반, 킬링 타임용 반으로 대여해서 읽었습니다. 유치할 것 같았지만 의외로 현실적인 얘기들을 잔잔하게 쓰셨더라구요. 재미와 감동을 동시에 느꼈습니다. 꿈을 통해, 그리고 이 책을 통해 모든 스트레스가 해소 되시길 바랍니다.",127,호기심 반 킬링 임용 반 대여 유치하다 현실 얘기 잔잔하다 쓸다 재미 감동 동시 꿈 통해 통해 모든 스트레스 해소 바라다,30,2020,6,positive,0,0,1,0,0,0,0,0,0,0,0,0,0,0,0,0,0,0,0,0,0,0,0,0,1,0,0,0,0,0
3,2020-06-14,참신하긴한데 무슨 말을 하고 싶은지 모르겠네요,25,참신하다 무슨 말 모르다,6,2020,6,neutral,0,0,0,0,0,0,0,0,0,0,0,0,0,0,0,0,0,0,0,0,0,0,0,0,0,0,0,0,0,0
5,2020-06-12,너무 좋아요 감사합니다,12,좋다 감사하다,3,2020,6,positive,0,0,0,0,0,0,0,0,0,0,0,0,0,0,0,0,0,0,0,0,0,0,0,0,0,0,0,1,0,0
5,2020-06-12,저도 꿈을 많이 꾸는 편이라 공감하며 작가의 상상력에 놀라면서 순식간에 읽었네요. 따뜻한 이야기에요 추천!,59,꿈 꾸다 편이 공감 작가 상상력 놀라다 순식간 따뜻하다 추천,14,2020,6,positive,0,0,0,0,1,0,0,1,0,0,0,0,0,0,1,0,0,0,0,0,0,0,0,1,0,0,0,0,1,0
5,2020-06-12,소장하고싶은 따뜻한책. 읽으며 마음이 편해지는걸 느꼈어요.!,33,소장 따뜻하다 마음 편하다,6,2020,6,positive,0,0,0,0,0,0,0,1,1,0,0,0,0,0,0,0,0,0,0,0,0,0,0,0,0,0,0,0,0,0
4,2020-06-11,참신한 아이디어를 삶 속에 자연스럽게 스며들게 한 소설이다. 톡톡 튀는 기발함이 읽는 내내 즐거움을 주었다. 소설이 너무 짧아서 더 읽고 싶은 아쉬움에 별 하나를 뺐음!,94,참신하다 아이디어 삶 속 자연 스며들다 톡톡 튀다 기발하다 내내 즐거움 주다 짧다 아쉬움 별 하나 빼다,25,2020,6,positive,0,0,0,0,0,0,0,0,0,0,0,0,0,0,0,0,0,0,0,0,0,0,0,0,0,0,0,0,0,0
5,2020-06-10,착하고 따뜻한 책이네요. 시리즈로 나와도 좋을 것 같아요.,32,착하다 따뜻하다 요 시리즈 나 좋다,8,2020,6,positive,0,0,0,0,0,0,0,1,0,0,0,0,0,0,0,0,0,0,0,0,0,0,0,0,0,0,0,1,0,0
4,2020-06-09,"성인이 보기에는 조금 유치하게다가올수 있다고 생각합니다. 하지만, 한번쯤은 동심이나 상상력이 필요한 사람에게는 유익한 책이라고 생각됩니다.",77,성인 보기 조금 유치하다 다가오다 생각 한번 동심 상상력 필요하다 사람 유익하다 생각,15,2020,6,positive,0,0,0,0,0,0,0,0,0,0,0,0,1,0,1,2,0,0,0,0,0,0,0,0,0,0,0,0,0,0
5,2020-06-09,동화같은 이야기여서 보는 내내 꿈꾸는 것같았어용,26,동화 내내 꿈꾸다,6,2020,6,positive,0,0,0,0,0,0,1,0,0,0,0,0,0,0,0,0,0,0,0,0,0,0,0,0,0,0,0,0,0,0
5,2020-06-09,어린이 권장도서 같은 느낌이라 어른들이 읽을 땐 잔잔하니 치유만 되는 책일 거 같아요. 딱 아이들에게 교육하기 좋은 메시지만 들어있어서 성인이 볼 경우에는 그에 별다른 감흥은 없지 않을까 싶어요. 하지만 이야기 자체가 포근하고 희망적이라 지칠 때 가볍게 읽으면 좋아요.,150,어린이 권장 도서 어른 땐 잔잔하다 치유 책일 거 아이 교육 좋다 메시지 성인 볼 경우 별다르다 감흥 자체 포근하다 희망 지치다 때 가볍다 좋다,38,2020,6,positive,0,1,0,0,0,0,0,0,0,0,0,0,0,0,0,0,0,0,0,0,1,0,0,0,1,0,0,2,0,0
5,2020-06-09,해외살아서 리디북스를 알게되고 처음 읽게된 책입니다. 너무 감명깊게 읽어서 한국가면 서점에들러 책을 꼭 사서 소장해야겠습니다!! 다 읽었지만 꼭 소장까지 하고 싶은 책입니다!,97,해외 살다 리디북스 알 처음 감명 깊다 한국 가면 서점 꼭 사서 소장 꼭 소장,22,2020,6,positive,0,0,0,0,0,0,0,0,0,0,0,0,0,0,0,0,0,0,0,0,0,0,0,0,0,0,0,0,0,1
5,2020-06-08,참 흐뭇한 꿈 이야기. 삭막한 세상에 흐르는 따뜻함이 느껴진다. 양도 많지 않으니 꼭 일독하시기 바란다.,58,차다 흐뭇하다 꿈 삭막하다 세상 흐르다 따뜻하다 느껴지다 양도 많다 꼭 일독 바라다,15,2020,6,positive,0,0,0,0,0,0,0,1,0,0,1,0,0,0,0,0,0,0,0,0,0,0,0,0,0,0,0,0,0,0
5,2020-06-07,앉은 자리에서 한번에 다 읽었네요~ 종이책으로 소장해서 가끔씩 꺼내 다시 읽어보고 싶은 책이예요,53,앉다 자리 한번 종이 소장 가끔 꺼내다 다시 보고,13,2020,6,positive,0,0,0,0,0,0,0,0,0,0,0,0,0,0,0,0,0,0,0,0,0,0,0,0,0,0,0,0,0,0
5,2020-06-07,"평소 꿈을 많이 꿔서, 재미있게 읽었습니다. 잘 읽히는 책이예요",35,평소 꿈 꾸다 재미있다 읽히다,9,2020,6,positive,0,0,0,0,1,0,0,0,0,0,0,0,0,0,0,0,0,0,0,0,0,0,1,0,0,1,0,0,0,0
5,2020-06-07,어른들이 읽는 동화 같아요¸ 오랜만에 마음이 순수해진 느낌입니다¸ 내용도 흥미진진하구요^^ 이런 책 또 만나고 싶네요.,66,어른 동화 마음 순수하다 내용 흥미진진 이렇다 또 만나다,15,2020,6,positive,0,0,0,0,0,1,1,0,1,0,0,0,0,0,0,0,0,0,0,0,1,1,0,0,0,0,0,0,0,0
5,2020-06-06,대단히 흥미롭고 재밌었어요. 미하엘 엔데 책 보는 느낌? 읽는 내내 즐거웠습니다,44,대단하다 흥미 재밌다 미하엘 데 내내 즐겁다,11,2020,6,positive,0,0,0,0,0,0,0,0,0,0,0,0,0,0,0,0,0,0,0,0,0,0,0,0,0,0,1,0,0,0
5,2020-06-06,힘든 시기에 큰 위로가 되어준 인생책,20,힘드다 시기 크다 위로 되어다 인생,6,2020,6,positive,0,0,0,0,0,0,0,0,0,0,0,0,0,0,0,0,0,0,0,0,0,0,0,0,0,0,0,0,0,0
5,2020-06-06,두번 읽고 싶은 책 !!,13,번,5,2020,6,positive,0,0,0,0,0,0,0,0,0,0,0,0,0,0,0,0,0,0,0,0,0,0,0,0,0,0,0,0,0,0
5,2020-06-05,동화 같고 포근하고 즐겁고 감동적이에요,21,동화 포근하다 즐겁다 감동,5,2020,6,positive,0,0,1,0,0,0,1,0,0,0,0,0,0,0,0,0,0,0,0,0,0,0,0,0,0,0,0,0,0,0
5,2020-06-05,판타지 장르를 좋아해서 이 책의 장르부터 내용까지 다 마음에 들었지만 대사 하나 하나가 예쁜 말들이라서 더 행복하게 읽을 수 있었습니다,75,판타지 장르 좋아하다 장르 내용 마음 대사 하나 하나 예쁘다 말 행복하다,20,2020,6,positive,0,0,0,0,0,1,0,0,1,0,0,0,0,0,0,0,0,0,0,0,0,0,0,0,0,0,0,0,0,0
4,2020-06-05,읽으면 행복해지는 동화 같은 소설,18,행복하다 동화,5,2020,6,positive,0,0,0,0,0,0,1,0,0,0,0,0,0,0,0,0,0,0,0,0,0,0,0,0,0,0,0,0,0,0
5,2020-06-05,"예전에 미국에서 이상한 나라의 앨리스를 각색해서 영화? Tv프로그램?을 만든게 있는데 책을 읽는 내내 그 영화가 생각났어요. 사람들의 감정을 어떠한 방법을 통해 추출하고 그것을 다른 ""인간""이 마시거나 복용함으로써 그 감정을 느껴 볼 수 있는.. 물론 책은 훨씬 온화한 방법으로 모아진 ""감정""을 쓰지만요. 즐거웠어요! 캐릭터들이 전부 따뜻하고 정이 가고.. 오랜만에 눈물도 흘리면서 열심히 읽었네요 ㅠ",225,예전 미국 이상하다 나라 앨리스 각색 영화 프로그램 만들다 내내 영화 생각나다 사람 감정 어떠하다 방법 통해 추출 그것 다른 인간 말다 복용 함 감정 볼 온화하다 방법 모으다 감정 쓰다 요 즐겁다 캐릭터 전부 따뜻하다 정이 가다 눈물 흘리다,53,2020,6,positive,1,0,0,0,0,0,0,1,0,0,0,0,1,0,0,0,0,0,0,0,0,0,0,0,0,0,0,0,0,0
3,2020-06-04,"꿈을 소재로 하여 꾸며 나가는 이야기가 무척 기발해요 아이디어가 좋아요 다만 소설 내용들이 잔잔한 에피소드로 이어진 느낌이라 저에겐 확 끌여들이는 재미는 느끼지 못했어요 큰 사건이라던가.. 그런것들이 있었으면 더 재밌었을텐데, 역시 추리소설 매니아라서 어쩔 수 없이 추리소설로 돌아가야하는 건가보네요 잘읽었어요",173,꿈 소재 꾸미다 나가다 무척 기발하다 아이디어 좋다 다만 내용 잔잔하다 에피소드 이어진 확 끌 들이다 재미 크다 사건 재밌다 역시 추리소설 매니아 추리소설 돌아가다 건가,39,2020,6,neutral,0,0,0,0,0,1,0,0,0,0,0,0,0,0,0,0,1,0,0,0,0,0,0,0,1,0,1,1,0,0
5,2020-06-01,마음 따뜻해지는 꿈 맛집. 강추합니다.,21,마음 따뜻하다 꿈 맛집 강 추하다,5,2020,6,positive,0,0,0,0,0,0,0,1,1,0,0,0,0,0,0,0,0,0,0,0,0,0,0,0,0,0,0,0,0,0
5,2020-06-01,읽으면 포근해지고 기분좋아지는 책. 작가의 상상력에 박수를 보냅니다.,38,포근하다 기분 좋아지다 작가 상상력 박수 보내다,8,2020,6,positive,0,0,0,1,0,0,0,0,0,0,0,0,0,0,1,0,0,0,0,0,0,0,0,1,0,0,0,0,0,0
5,2020-05-31,잠자기 전에 보면 기분이 몽글몽글해지는 책,23,잠자다 전 기분 몽글몽글하다,6,2020,5,positive,0,0,0,1,0,0,0,0,0,0,0,0,0,0,0,0,0,0,0,0,0,0,0,0,0,0,0,0,0,0
5,2020-05-31,감동적인 동화같은 이야기,13,감동 동화,3,2020,5,positive,0,0,1,0,0,0,1,0,0,0,0,0,0,0,0,0,0,0,0,0,0,0,0,0,0,0,0,0,0,0
3,2020-05-31,창의력은 인정 보고나면 기분좋아짐,18,창의력 인정 기분 좋아지다,4,2020,5,neutral,0,0,0,1,0,0,0,0,0,0,0,0,0,0,0,0,0,0,0,0,0,0,0,0,0,0,0,0,0,0
5,2020-05-31,너무 재미있게 읽었습니다. 작가님의 창작력을 극찬합니다~~,32,재미있다 작가 창작 극찬,6,2020,5,positive,0,0,0,0,0,0,0,0,0,0,0,0,0,0,0,0,0,0,0,0,0,0,0,1,0,1,0,0,0,0
5,2020-05-30,동화같은 이야기에 적당한 감동! 강약 조절이 좋았어요!,30,동화 적당하다 감동 강약 조절 좋다,7,2020,5,positive,0,0,1,0,0,0,1,0,0,0,0,0,0,0,0,0,0,0,0,0,0,0,0,0,0,0,0,1,0,0
5,2020-05-30,오랜만에 재미있는 책을 읽었습니다 ;),21,재미있다,5,2020,5,positive,0,0,0,0,0,0,0,0,0,0,0,0,0,0,0,0,0,0,0,0,0,0,0,0,0,1,0,0,0,0
5,2020-05-29,"너무 재밋엇어요 전체적으로 신기한소재로,어렵지 않은 내용으로  가볍게, 기분좋게 읽엇습니다!",51,재밋엇어 전체 신기하다 소재 어렵다 내용 가볍다 기분 좋다 읽엇습니,9,2020,5,positive,0,1,0,1,0,1,0,0,0,0,0,0,0,0,0,0,1,0,0,0,0,0,0,0,0,0,0,1,0,0
2,2020-05-29,참신하고 독창적인 소재를 충분히 살려내지 못한 아쉬움,29,참신하다 독창 소재 충분하다 살리다 못 아쉬움,7,2020,5,negative,0,0,0,0,0,0,0,0,0,0,0,0,0,0,0,0,1,0,0,0,0,0,0,0,0,0,0,0,0,0
5,2020-05-28,오랜만에 재밌게 읽은 소설인것 같아요ㅎㅎ,22,재밌다,5,2020,5,positive,0,0,0,0,0,0,0,0,0,0,0,0,0,0,0,0,0,0,0,0,0,0,0,0,0,0,1,0,0,0
4,2020-05-28,동화같은 책이네요 기분이 너무 좋아지는 책입니다,26,동화 요 기분 좋아지다,6,2020,5,positive,0,0,0,1,0,0,1,0,0,0,0,0,0,0,0,0,0,0,0,0,0,0,0,0,0,0,0,0,0,0
5,2020-05-27,요즘 별점을 못믿겠어서 고민하다가 그냥 구매했는데 최근 리디에서 구매한것들중에서 제일 재밌어요,52,요즘 믿다 고민 그냥 구매 최근 리디 중 제일 재밌다,11,2020,5,positive,0,0,0,0,0,0,0,0,0,0,0,0,0,0,0,0,0,0,0,0,0,0,0,0,0,0,1,0,0,0
5,2020-05-27,에필로그까지 좋네요 세계관이 귀여워서 마음이 따뜻해져요,30,에필로그 좋다 세계관 귀엽다 마음 따뜻하다,6,2020,5,positive,0,0,0,0,0,0,0,1,1,0,0,0,0,0,0,0,0,0,0,0,0,0,0,0,0,0,0,1,0,0
5,2020-05-27,재밌습니다! 동화를 읽은 기분이고 마음이 따뜻해지는 이야기예요,34,재밌다 동화 기분 마음 따뜻하다,7,2020,5,positive,0,0,0,1,0,0,1,1,1,0,0,0,0,0,0,0,0,0,0,0,0,0,0,0,0,0,1,0,0,0
5,2020-05-27,아~ 재미있어요!! 그 와중에 감동도 있고 조카에게 추천하고싶은 책이네요~,41,재미있다 와중 감동 조카 추천 요,9,2020,5,positive,0,0,1,0,0,0,0,0,0,0,0,0,0,0,0,0,0,0,0,0,0,0,0,0,0,1,0,0,1,0
5,2020-05-26,이런거 찾아서 읽어야 겠어요~ 우울함이 달아나네요,27,이렇다 찾다 겠다 우울함 달아나다,6,2020,5,positive,0,0,0,0,0,0,0,0,0,0,0,0,0,0,0,0,0,0,0,0,0,1,0,0,0,0,0,0,0,0
5,2020-05-26,"충분히 공감할 수 있는 내용을 멋진 상상과 막힘없는 필력으로 표현해냈다는게 대단하다고 생각했습니다. 읽으면서 머리속으로 상상이 되니 재밌고, 400여페이지의 책을 이틀만에 읽을 수 있었네요. 흥미와 감동이 있는 오랜만에 재밌게 읽은 소설이었습니다.",138,충분하다 공감 내용 멋지다 상상 막히다 필 표현 해내다 대단하다 생각 머리 속 상상 재밌다 400 페이지 이틀 흥미 감동 재밌다,30,2020,5,positive,0,0,1,0,0,1,0,0,0,0,0,0,0,2,0,1,0,0,0,0,0,0,0,0,0,0,2,0,0,0
5,2020-05-26,책이 동화같고 사랑스러워요. 이런 책을 써주셔서 감사해요.,32,동화 사랑스럽다 이렇다 써주다 감사하다,7,2020,5,positive,0,0,0,0,0,0,1,0,0,0,0,0,0,0,0,0,0,0,0,0,0,1,0,0,0,0,0,0,0,0
5,2020-05-25,읽는 내내 행복했어요,11,내내 행복하다,3,2020,5,positive,0,0,0,0,0,0,0,0,0,0,0,0,0,0,0,0,0,0,0,0,0,0,0,0,0,0,0,0,0,0
4,2020-05-25,행복하고 잔잔한 이야기라 간만에 흐믓한 마음으로 쭉 읽었어요,33,행복하다 잔잔하다 간만 흐믓 마음 쭉,8,2020,5,positive,0,0,0,0,0,0,0,0,1,0,0,0,0,0,0,0,0,0,0,0,0,0,0,0,1,0,0,0,0,0
5,2020-05-23,코코아 한 잔을 마신 것 같은 따뜻하고 부드럽고 달콤한 이야기. 오디오북으로 만들어져서 잠들 때 들으면 너무 좋을 것 같아요.,70,코코아 잔 말다 따뜻하다 부드럽다 달콤하다 오디오북 만들어지다 잠들다 때 좋다,19,2020,5,positive,0,0,0,0,0,0,0,1,0,0,0,0,0,0,0,0,0,0,0,0,0,0,0,0,0,0,0,1,0,0
5,2020-05-23,읽으면서 내내 행복했어요. 좋은 소설 써주셔서 감사합니다.,32,내내 행복하다 좋다 써주다 감사하다,7,2020,5,positive,0,0,0,0,0,0,0,0,0,0,0,0,0,0,0,0,0,0,0,0,0,0,0,0,0,0,0,1,0,0
5,2020-05-22,펀딩 놓쳐서 아쉬웠는데 이북이라니ㅎㅎ 감사합니다,26,펀딩 놓치다 아쉽다 이북 감사하다,5,2020,5,positive,0,0,0,0,0,0,0,0,0,0,0,0,0,0,0,0,0,0,0,0,0,0,0,0,0,0,0,0,0,0
5,2020-05-22,잠들기 전에 보면 좋다.,13,잠들다 전 좋다,4,2020,5,positive,0,0,0,0,0,0,0,0,0,0,0,0,0,0,0,0,0,0,0,0,0,0,0,0,0,0,0,1,0,0
5,2020-05-21,영화로 만들어도 될 것 같아요 너무 신비롭고 재밌어요,29,영화로 만들다 신비 재밌다,8,2020,5,positive,0,0,0,0,0,0,0,0,0,0,0,0,0,0,0,0,0,0,0,0,0,0,0,0,0,0,1,0,0,0
4,2020-05-21,한권으로 끝내기 아쉬운 독창적이고 매력적인 세계관. 다만 이야기가 너무 평온하고 어린이 동화 정도의 시련도 없이 착하기만해서 심심함.,74,권 끝내기 아쉽다 독창 매력 세계관 다만 평온하다 어린이 동화 정도 시련 착하다 만해 심심함,17,2020,5,positive,0,0,0,0,0,0,1,0,0,0,0,0,0,0,0,0,0,0,0,0,0,0,0,0,0,0,0,0,0,0
5,2020-05-20,"달달한 꿈 같은 책입니다, 이렇게 책으로 힐링 받은건 오랜만이라 너무 좋아요",42,달달 꿈 힐링 받다 만이 좋다,11,2020,5,positive,0,0,0,0,0,0,0,0,0,0,0,0,0,0,0,0,0,0,0,0,0,0,0,0,0,0,0,1,0,0
5,2020-05-20,너무 재미있어요 외전도 나오면 좋을꺼 같아요 !,26,재미있다 외전 좋다,7,2020,5,positive,0,0,0,0,0,0,0,0,0,0,0,0,0,0,0,0,0,0,0,0,0,0,0,0,0,1,0,1,0,0
5,2020-05-19,애니메이션으로 만들어지면 참 좋을 것 같다. 자기전에 한 챕터씩 읽고 자면 다음날도 기분이 좋다.,54,애니메이션 만들어지다 차다 좋다 채다 터 다음 날 기분 좋다,14,2020,5,positive,0,0,0,1,0,0,0,0,0,0,0,0,0,0,0,0,0,0,0,0,0,0,0,0,0,0,0,2,0,0
5,2020-05-18,따뜻한 이야기로 가득해서 즐겁게 읽었습니다.,24,따뜻하다 가득하다 즐겁다,5,2020,5,positive,0,0,0,0,0,0,0,1,0,0,0,0,0,0,0,0,0,0,0,0,0,0,0,0,0,0,0,0,0,0
5,2020-05-18,"어른이 읽을 수 있는 동화를 어떻게 써야 하는지 아는 작가다. 강력 추천. 이 세계관의 다른 작품도 좋고, 다른 세계관도 좋다. 이런 상상력이 있는 작가라면 즐거이 기다리겠다.",98,어른 동화 어떻다 써다 알다 작가 강력 추천 세계관 다른 작품 좋다 다른 세계관 좋다 이렇다 상상력 작가라 기다리다,26,2020,5,positive,0,0,0,0,0,0,1,0,0,0,0,0,0,0,1,0,0,0,0,0,1,1,0,1,0,0,0,2,1,0
5,2020-05-18,마지막 에피소드에서 울음이 터졌습니다,20,마지막 에피소드 울음 터지다,4,2020,5,positive,0,0,0,0,0,0,0,0,0,1,0,0,0,0,0,0,0,0,0,0,0,0,0,0,0,0,0,0,0,0
5,2020-05-17,아기자기하고 귀여웠습니다 3시간정도면 다 읽으니까 한번 읽어보세요!,37,아기자기하다 귀엽다 3시간 한번,7,2020,5,positive,0,0,0,0,0,0,0,0,0,0,0,0,0,0,0,0,0,0,0,0,0,0,0,0,0,0,0,0,0,0
5,2020-05-16,아직 읽고있지만 너무 좋아뇨  연말에 읽었으면 더 좋았을 거 같아요,37,좋아뇨 연말 좋다 거,10,2020,5,positive,0,0,0,0,0,0,0,0,0,0,0,0,0,0,0,0,0,0,0,0,0,0,0,0,0,0,0,1,0,0
5,2020-05-16,너무 재밌었어요. 상상 맛집이네요.,19,재밌다 상상 맛집 요,4,2020,5,positive,0,0,0,0,0,0,0,0,0,0,0,0,0,1,0,0,0,0,0,0,0,0,0,0,0,0,1,0,0,0
5,2020-05-16,저는 솔직히 책이랑 그렇게 친한사람은 아닌데..독서좀해보자싶어서 고르다가 끌려서 읽게되었어요. 정말오랜만에 집중해서 단숨에 읽어버렸네요. 이거 왜 종이책없는지 아시는분?ㅜㅜㅜ소장해놓고 집에서 뒹굴뒹굴하면서 보고싶어요!,121,솔직하다 친하다 사람 독서 해보다 고르다 끌리다 되어다 집중 단숨 버리다 거 왜 종이 아시 분 소장 집,20,2020,5,positive,0,0,0,0,0,0,0,0,0,0,0,0,1,0,0,0,0,0,0,0,0,0,0,0,0,0,0,0,0,0
5,2020-05-15,"텀블벅에서 안타깝게 놓친 작품이었는데, 이렇게 만나네요!! 작가님 너무 사랑스럽고 따스한 책이었습니다. 잠들면 달러구트와 페니가 제 눈앞에 나타날 것만 같았어요. 종이책으로도 꼭 소장하고 싶습니다. 출판계획 없으실런지.. ㅠㅠㅠ",127,텀블벅 안타깝다 놓치다 작품 만나다 작가 사랑스럽다 따스하다 잠들다 달러 구트 페니 제 눈앞 나타나다 종이 꼭 소장 출판 계획 런,26,2020,5,positive,0,0,0,0,0,0,0,0,0,0,0,0,0,0,0,0,0,0,0,0,0,0,0,1,0,0,0,0,0,0
5,2020-05-15,잠들고 싶은 책이다. 좋은 꿈을 꿀 수 있을 것 같다.,30,잠들다 좋다 꿈 꿀,10,2020,5,positive,0,0,0,0,0,0,0,0,0,0,0,0,0,0,0,0,0,0,0,0,0,0,0,0,0,0,0,1,0,0
5,2020-05-12,따뜻하고 사랑스러운 책,12,따뜻하다 사랑스럽다,3,2020,5,positive,0,0,0,0,0,0,0,1,0,0,0,0,0,0,0,0,0,0,0,0,0,0,0,0,0,0,0,0,0,0
5,2020-05-11,환상적인 세상에서 펼쳐지는 현실과의 인 세상에서 펼쳐지는 현실과의 달콤한 접촉! 작가님 시리즈로 꼭 내주세요! 조금 일하고 잠 많이 주무시고 돈 많이 버시길!,88,환상 세상 펼쳐지다 현실 인 세상 펼쳐지다 현실 달콤하다 접촉 작가 시리즈 꼭 내주다 조금 일 잠 주무시다 돈 버시길,22,2020,5,positive,0,0,0,0,0,0,0,0,0,0,0,0,0,0,0,0,0,0,0,0,0,0,0,1,0,0,0,0,0,0
5,2020-05-09,"정말 아깝지 않은 별 5개입니다! 정말 새롭고 재밌고 따뜻한 소설인거같아요! 별 10개는 없나요? 정말 한번쯤 이런 세계가 있었다면,하는 겨울이 시작하는 이 나라에서 따듯함을 얻었어요! 원가로 사도 돈 아깝지 않아요!!!!!!! :)",130,아깝다 별 5 개입 니 새 재밌다 따뜻하다 별 10 개다 한번 이렇다 세계 겨울 시작 나라 따다 함 얻다 원가 사도 돈 아깝다,30,2020,5,positive,0,0,0,0,0,0,0,1,0,0,0,0,0,0,0,0,0,0,0,0,0,1,0,0,0,0,1,0,0,0
5,2020-05-08,약간은 허술한 설정부분들이 개의치않게느껴질만큼 따듯한꿈을꾼 느낌이드는 책,40,약간 허다 술 설정 개 의치 느껴지다 따다 꿈 꾼 이드,7,2020,5,positive,0,0,0,0,0,0,0,0,0,0,0,0,0,0,0,0,0,0,0,0,0,0,0,0,0,0,0,0,0,0
5,2020-05-08,재밌어요 보면서 몇번 눈물 주르륵 했습니다ㅎㅎ..... 대여를 했지만 평생 소장하고 싶은 책이네요!,55,재밌다 몇번 눈물 주르륵 대여 평생 소장 요,12,2020,5,positive,0,0,0,0,0,0,0,0,0,0,0,0,0,0,0,0,0,0,0,0,0,0,0,0,0,0,1,0,0,0
5,2020-05-07,볼수록 기분이 좋아지는 소설이네요 잘읽었습니다~,26,기분 좋아지다 요,5,2020,5,positive,0,0,0,1,0,0,0,0,0,0,0,0,0,0,0,0,0,0,0,0,0,0,0,0,0,0,0,0,0,0
5,2020-05-07,오랜만에 제대로 된 소설 읽은 것 같아서 기분이 좋네요^^,32,제대로 기분 좋다,9,2020,5,positive,0,0,0,1,0,0,0,0,0,0,0,0,0,0,0,0,0,0,0,0,0,0,0,0,0,0,0,1,0,0
5,2020-05-07,상상만으로도 즐겁고 멋진 소설을 만났다. 책을 읽다 보면 얼른 잠들고 싶다는 생각이 절로든다. 잠이 잘 오지 않는 분들이 있다면 꼭 읽어보세요! 아직 다 읽지 못했지만 다른 분들 꼭 보시라고 중간 평점 먼저 남깁니다!,121,상상 즐겁다 멋지다 만나다 얼른 잠들다 생각 절로 잠 오지 분 꼭 다른 꼭 보시 중간 평점 먼저 남기다,33,2020,5,positive,0,0,0,0,0,0,0,0,0,0,0,0,0,1,0,1,0,0,0,0,0,0,0,0,0,0,0,0,0,0
5,2020-05-06,순식간에 다 읽으려다가 너무 재밌어서 조금씩 아껴서 읽고있어요!! 굉장히 따뜻하고 솜사탕같은 그런 동화에요! 완전 추천합니다!!!!,73,순식간 재밌다 아끼다 굉장하다 따뜻하다 솜사탕 그렇다 동화 완전 추천,15,2020,5,positive,0,0,0,0,0,0,1,1,0,0,0,0,0,0,0,0,0,0,0,0,0,0,0,0,0,0,1,0,1,0
5,2020-05-03,아직 반 정도 더 남아있지만 리뷰 쓰는걸 참을 수가 없어서 왔어요! 출간한지 얼마 안된 책이라 리뷰도 없고 망설였지만 책 표지에서 알 수 없는 끌림을 받아서 결제 후 읽기 시작했는데 이렇게 몽글몽글 동화 같은 스토리는 처음이네요!! 읽고 있는 내내 내가 그 속에 들어 가 있는거 같고 마음 속에서 따뜻함이 퍼지는 기분이에요. 읽는 내내 힐링이 되고 하드커피를 사서 꼭 두고두고 읽고 싶어요. 책의 전반적인 느낌은 다음에 양말 도깨비라는 웹툰과 비슷했어요. 두 작품 모두 신비로운 동화 속 나라로 들어간 느낌을 주는과 동시에 현대인들이 살면서 지칠때 쉬어가도 된다고 토닥여주는 그런 따뜻한 힐링을 시켜주는 작품이예요. 읽는데 그렇게 부담스럽지 않으니깐 꼭 읽어보셨으면 좋겠어요!!,379,반 정도 남다 리뷰 쓰다 차다 수가 오다 추다 간 한지 얼마 안되다 리뷰 망설이다 표지 알 끌리다 받다 결제 후 시작 동화 스토리 처음 요 내내 내 속 가다 마음 속 따뜻하다 퍼지다 기분 내내 힐링 하드 커피 사서 꼭 두고두고 전반 다음 양말 도깨비 웹툰 비슷하다 두 작품 모두 신비롭다 동화 속 나라 들어가다 주다 동시 현대인 살다 때 쉬다 토닥이다 그렇다 따뜻하다 힐링 시키다 작품 부담 꼭 좋다,97,2020,5,positive,1,0,0,1,0,0,2,2,1,0,0,0,0,0,0,0,0,0,0,0,0,0,0,0,0,0,0,1,0,0
5,2020-04-27,"텀블벅에서 후원했던 글 작품 중에 제일 좋았던 작품입니다. 따뜻한 상상력과 위로가 공존하는 느낌이에요. 꼭 후속작 나오고, 텀블벅 후원판 외에 정식 출판작으로도 나와 많은 사람들이 볼 수 있으면 좋겠어요. 작가님 응원하는 마음으로 구매하고 별점 남깁니다. 오랜만에 소설도 재탕해야겠어요~ (그런데 제목은 원래 버전-주문하신 꿈은 매진입니다-이 훨씬 흥미롭고 좋았던 것 같아요.)",211,텀블벅 후원 글 작품 중 제일 좋다 작품 따뜻하다 상상력 위로 공존 꼭 후속작 텀블벅 후 원판 외 정식 출판 작 많다 사람 볼 좋다 작가 응원 마음 구매 남기다 재탕하다 제목 원래 버전 주문 꿈 매진 흥미 좋다,48,2020,4,positive,0,0,0,0,0,0,0,1,1,0,1,0,1,0,1,0,0,0,0,0,0,0,0,1,0,0,0,3,0,0
