rating,date,content,content_preprocess,content_len,content_word_count,year,month,weekday,sentiment,bow_가다,bow_가볍다,bow_감동,bow_기대,bow_꾸다,bow_내용,bow_동화,bow_따뜻하다,bow_마음,bow_받다,bow_백화점,bow_베스트셀러,bow_상상력,bow_생각,bow_선물,bow_소설,bow_소재,bow_시간,bow_신선하다,bow_아이,bow_이야기,bow_읽히다,bow_자다,bow_재미,bow_재미있다,bow_재밌다,bow_좋다,bow_주문,bow_추천,bow_흥미롭다
1.0,2020-12-20,이상하게 저는 재미가 없네요. 제목과 독서평에 낚인 느낌 마지막에 약간 울컥한 장면은 있었,이상하다 재미 제목 독서 평 낚 마지막 약간 장면,50,13,2020,12,6,negative,0,0,0,0,0,0,0,0,0,0,0,0,0,0,0,0,0,0,0,0,0,0,0,1,0,0,0,0,0,0
1.0,2021-05-06,정말 지루하고... 읽는내내 심심했던 책,지루하다 심심하다,22,5,2021,5,3,negative,0,0,0,0,0,0,0,0,0,0,0,0,0,0,0,0,0,0,0,0,0,0,0,0,0,0,0,0,0,0
2.0,2021-05-21,왜 베스트셀러인지...저에겐 좀...,왜 베스트셀러 좀,20,3,2021,5,4,negative,0,0,0,0,0,0,0,0,0,0,0,1,0,0,0,0,0,0,0,0,0,0,0,0,0,0,0,0,0,0
1.0,2021-05-25,당췌 뭔 내용인지..,당췌 내용,11,3,2021,5,1,negative,0,0,0,0,0,1,0,0,0,0,0,0,0,0,0,0,0,0,0,0,0,0,0,0,0,0,0,0,0,0
1.0,2021-02-01,이게 왜 배스트? 재미? 감동? 아무것도 없는데 .. 돈도 아깝고 시간이 더 아깝고..,왜 배스 트 재미 감동 돈 아깝다 시간 아깝다,48,13,2021,2,0,negative,0,0,1,0,0,0,0,0,0,0,0,0,0,0,0,0,0,1,0,0,0,0,0,1,0,0,0,0,0,0
1.0,2021-02-24,책장이 멈춰버렸다 손이 가지않네.... 왜 베스트셀러이고 이렇게 평정이 좋은걸까....,책장 멈추다 버리다 손 가지 왜 베스트셀러 평정 좋다 끄다,48,9,2021,2,2,negative,0,0,0,0,0,0,0,0,0,0,0,1,0,0,0,0,0,0,0,0,0,0,0,0,0,0,1,0,0,0
1.0,2020-11-28,유치한듯,유치하다,4,1,2020,11,5,negative,0,0,0,0,0,0,0,0,0,0,0,0,0,0,0,0,0,0,0,0,0,0,0,0,0,0,0,0,0,0
5.0,2021-05-05,너무 재미있어서 비슷한책 찾고있어요,재미있다 비슷하다 찾다,19,4,2021,5,2,positive,0,0,0,0,0,0,0,0,0,0,0,0,0,0,0,0,0,0,0,0,0,0,0,0,1,0,0,0,0,0
5.0,2021-01-28,마음이 따뜻해져요. 읽은 뒤 꿈 백화점 가는 상상을 해볼 때면 참 행복해집니다. 감사해요!,마음 따뜻하다 뒤 꿈 백화점 가다 상상 해보다 때 차다 행복하다 지다 감사하다,50,13,2021,1,3,positive,1,0,0,0,0,0,0,1,1,0,1,0,0,0,0,0,0,0,0,0,0,0,0,0,0,0,0,0,0,0
3.0,2020-12-19,글이 잘 읽히고 신선하긴 한데 기승전결에서 다이나믹한 재밋는 부분이 없습니다.,글 자다 읽히다 신선하다 기승 전결 다이나믹 재밋는 부분,43,10,2020,12,5,neutral,0,0,0,0,0,0,0,0,0,0,0,0,0,0,0,0,0,0,1,0,0,1,1,0,0,0,0,0,0,0
2.0,2021-08-04,인내심으로 읽었다. 살 필요까진 없다.,인내심 살 필요,21,5,2021,8,2,negative,0,0,0,0,0,0,0,0,0,0,0,0,0,0,0,0,0,0,0,0,0,0,0,0,0,0,0,0,0,0
2.0,2021-03-30,상상력을 뒷받침해줄 필력의 부재,상상력 뒷받침 해주다 필 부재,17,4,2021,3,1,negative,0,0,0,0,0,0,0,0,0,0,0,0,1,0,0,0,0,0,0,0,0,0,0,0,0,0,0,0,0,0
1.0,2021-01-15,별 1점 주기도 아까워요 엄청 기대했는데 사건이 일어나지도 않고 지루해요,별 1 점 주기도 아깝다 기대하다 사건 일어나지 지루하다,40,10,2021,1,4,negative,0,0,0,0,0,0,0,0,0,0,0,0,0,0,0,0,0,0,0,0,0,0,0,0,0,0,0,0,0,0
1.0,2022-07-06,웹소설 보다 못한 상상력. 한권을 다 읽을 수 없는 유치함.,웹소설 못 상상력 권 유치하다,33,10,2022,7,2,negative,0,0,0,0,0,0,0,0,0,0,0,0,1,0,0,0,0,0,0,0,0,0,0,0,0,0,0,0,0,0
3.0,2021-08-18,엄청 기대했는데 ..너무 평이한 내용에 문장력 좋은줄모르겠고 ..제목만 환상적으로 이쁘네요,기대하다 평이하다 내용 문장 좋다 은줄 모르다 제목 환상 이쁘다,50,10,2021,8,2,neutral,0,0,0,0,0,1,0,0,0,0,0,0,0,0,0,0,0,0,0,0,0,0,0,0,0,0,1,0,0,0
3.0,2021-05-13,별로...,별로,5,1,2021,5,3,neutral,0,0,0,0,0,0,0,0,0,0,0,0,0,0,0,0,0,0,0,0,0,0,0,0,0,0,0,0,0,0
3.0,2021-01-23,소재는 신선하지만 왜 베스트셀러인지 모르겠음,소재 신선하다 왜 베스트셀러 모르다,24,5,2021,1,5,neutral,0,0,0,0,0,0,0,0,0,0,0,1,0,0,0,0,1,0,1,0,0,0,0,0,0,0,0,0,0,0
2.0,2020-12-25,그냥 그래요.. 티비에서 많이보는 사연들 묶어놓은..,그냥 그렇다 티비 보 사연 묶다,29,6,2020,12,4,negative,0,0,0,0,0,0,0,0,0,0,0,0,0,0,0,0,0,0,0,0,0,0,0,0,0,0,0,0,0,0
1.0,2021-01-05,책값아까워 의무감으로 읽은 책... 읽는 내내 재미없다가 연신 나왔네요...,책값 아깝다 의무감 내내 재미없다,42,9,2021,1,1,negative,0,0,0,0,0,0,0,0,0,0,0,0,0,0,0,0,0,0,0,0,0,0,0,0,0,0,0,0,0,0
5.0,2021-07-21,잠들기전에 생각나는 책,잠들다 기전 생각나다,12,3,2021,7,2,positive,0,0,0,0,0,0,0,0,0,0,0,0,0,0,0,0,0,0,0,0,0,0,0,0,0,0,0,0,0,0
4.0,2020-12-13,그냥...한번읽기 좋음.근데 나는 책한권에 내가 인상싶은 한문장만있어도 성공했다고 생각함,그냥 한번 좋다 나 권 내 인상 문장 성공하다 생각 함,49,9,2020,12,6,positive,0,0,0,0,0,0,0,0,0,0,0,0,0,1,0,0,0,0,0,0,0,0,0,0,0,0,1,0,0,0
3.0,2021-05-27,베스트라 샀는데 그냥 그랬다 뭔가 있을까 기대하며 읽었는데 그냥 그게 다였다.,베스트 사다 그냥 그렇다 뭔가 기대하다 그냥 그게,43,11,2021,5,3,neutral,0,0,0,0,0,0,0,0,0,0,0,0,0,0,0,0,0,0,0,0,0,0,0,0,0,0,0,0,0,0
1.0,2021-03-15,시작은 좋으나,시작 좋다,7,2,2021,3,0,negative,0,0,0,0,0,0,0,0,0,0,0,0,0,0,0,0,0,0,0,0,0,0,0,0,0,0,1,0,0,0
5.0,2021-07-06,평소에 긴 글 잘 못 읽는데 거의 3일 만에 다 읽었어요 재밌어요,평소 기다 글 자다 못 거의 3일 재밌다,36,12,2021,7,1,positive,0,0,0,0,0,0,0,0,0,0,0,0,0,0,0,0,0,0,0,0,0,0,1,0,0,1,0,0,0,0
5.0,2021-05-11,좋아요 악몽도 이길수 있을거 같아요^^,좋다 악몽 이기다,21,5,2021,5,1,positive,0,0,0,0,0,0,0,0,0,0,0,0,0,0,0,0,0,0,0,0,0,0,0,0,0,0,1,0,0,0
5.0,2021-05-02,판타지와 현실교훈의 적절한 조화! 읽는내내 재밌고 유쾌해요,판타지 현실 교훈 적절하다 조화 재밌다 유쾌하다,32,7,2021,5,6,positive,0,0,0,0,0,0,0,0,0,0,0,0,0,0,0,0,0,0,0,0,0,0,0,0,0,1,0,0,0,0
5.0,2021-04-29,이 책에서 실제로 한 번씩은 꿔봤던 꿈들이 어떻게 만들어지는지 의미가 무엇인지 알려줘서,실제 번 꾸다 꿈 어떻다 만들어지다 의미 무엇 알다,48,12,2021,4,3,positive,0,0,0,0,1,0,0,0,0,0,0,0,0,0,0,0,0,0,0,0,0,0,0,0,0,0,0,0,0,0
4.0,2020-10-30,추천사에 비해선 그냥 평범한거 같은데;; 나만 그른가,추천사 비 선 그냥 평범하다 나 그른,29,7,2020,10,4,positive,0,0,0,0,0,0,0,0,0,0,0,0,0,0,0,0,0,0,0,0,0,0,0,0,0,0,0,0,0,0
3.0,2021-08-19,다시 읽어봐야 할듯 하네요 전 별로 재미 없던데 ㅠㅠ,다시 전 별로 재미,29,9,2021,8,3,neutral,0,0,0,0,0,0,0,0,0,0,0,0,0,0,0,0,0,0,0,0,0,0,0,1,0,0,0,0,0,0
1.0,2021-01-04,"쉽고재미있게읽히는책,베스트셀러라고해서 구입  다수의생각과 다른 나를 또한번 발견한시간",쉬다 재미있다 읽히다 베스트셀러 구입 다수 생각 다른 나르다 번 발견 시간,47,7,2021,1,0,negative,0,0,0,0,0,0,0,0,0,0,0,1,0,1,0,0,0,1,0,0,0,1,0,0,1,0,0,0,0,0
5.0,2021-11-11,재미있게 잘 읽었습니다.,재미있다 자다,13,3,2021,11,3,positive,0,0,0,0,0,0,0,0,0,0,0,0,0,0,0,0,0,0,0,0,0,0,1,0,1,0,0,0,0,0
5.0,2021-09-13,읽는 내내 소중한 시간을 보낸 기분입니다. 재밌습니다,내내 소중하다 시간 보내다 기분 재밌다,29,7,2021,9,0,positive,0,0,0,0,0,0,0,0,0,0,0,0,0,0,0,0,0,1,0,0,0,0,0,0,0,1,0,0,0,0
5.0,2021-06-11,단숨에 읽은 책. 실제로 달러구트 꿈 백화점이 있기를 소망하며 편안한 잠을 잤습니다.,단숨 실제 달러 구트 꿈 백화점 소망 편안하다 잠 자다,47,12,2021,6,4,positive,0,0,0,0,0,0,0,0,0,0,1,0,0,0,0,0,0,0,0,0,0,0,1,0,0,0,0,0,0,0
5.0,2021-04-22,책이 도착하자마자 하루만에 읽었다. 적극 추천!!,도착 자마자 하루 적극 추천,27,6,2021,4,3,positive,0,0,0,0,0,0,0,0,0,0,0,0,0,0,0,0,0,0,0,0,0,0,0,0,0,0,0,0,1,0
3.0,2021-07-03,한국의 해리포터...이런 마케팅에... 제 기대가 너무 컸어요.,한국 해리포터 이렇다 마케팅 제 기대 크다,35,7,2021,7,5,neutral,0,0,0,1,0,0,0,0,0,0,0,0,0,0,0,0,0,0,0,0,0,0,0,0,0,0,0,0,0,0
3.0,2020-12-21,감동적인 부분이 있긴 한데 평범합니다. 소재는 분명 신선한데 식은 호빵을 먹는 기분?,감동 부분 평범하다 소재 분명 신선하다 식다 호빵 먹다 기분,47,12,2020,12,0,neutral,0,0,1,0,0,0,0,0,0,0,0,0,0,0,0,0,1,0,1,0,0,0,0,0,0,0,0,0,0,0
5.0,2021-06-07,잘 읽겠습니당,자다 습 니당다,7,2,2021,6,0,positive,0,0,0,0,0,0,0,0,0,0,0,0,0,0,0,0,0,0,0,0,0,0,1,0,0,0,0,0,0,0
5.0,2021-06-01,재밌어요 4번 읽음,재밌다 4 번,10,3,2021,6,1,positive,0,0,0,0,0,0,0,0,0,0,0,0,0,0,0,0,0,0,0,0,0,0,0,0,0,1,0,0,0,0
5.0,2021-05-30,너무 재밌어요 베스트는 베스트인 이유가 있네요,재밌다 베스트 베스트 이유,25,6,2021,5,6,positive,0,0,0,0,0,0,0,0,0,0,0,0,0,0,0,0,0,0,0,0,0,0,0,0,0,1,0,0,0,0
5.0,2021-05-29,편하게 읽을만해요,편하다 만해,9,2,2021,5,5,positive,0,0,0,0,0,0,0,0,0,0,0,0,0,0,0,0,0,0,0,0,0,0,0,0,0,0,0,0,0,0
5.0,2021-05-28,읽어보니 딸에게도 추천할 만한 책이네요,딸 추천 만 요,21,5,2021,5,4,positive,0,0,0,0,0,0,0,0,0,0,0,0,0,0,0,0,0,0,0,0,0,0,0,0,0,0,0,0,1,0
5.0,2021-05-18,술술읽히네요,술술 읽히다,6,1,2021,5,1,positive,0,0,0,0,0,0,0,0,0,0,0,0,0,0,0,0,0,0,0,0,0,1,0,0,0,0,0,0,0,0
5.0,2021-05-13,잘보고있어요,,6,1,2021,5,3,positive,0,0,0,0,0,0,0,0,0,0,0,0,0,0,0,0,0,0,0,0,0,0,0,0,0,0,0,0,0,0
5.0,2021-05-13,재밌게 봤어요,재밌다,7,2,2021,5,3,positive,0,0,0,0,0,0,0,0,0,0,0,0,0,0,0,0,0,0,0,0,0,0,0,0,0,1,0,0,0,0
5.0,2021-05-12,재밌습니자,재밌다 습 자,5,1,2021,5,2,positive,0,0,0,0,0,0,0,0,0,0,0,0,0,0,0,0,0,0,0,0,0,0,0,0,0,1,0,0,0,0
5.0,2021-05-11,재밌어요.,재밌다,5,1,2021,5,1,positive,0,0,0,0,0,0,0,0,0,0,0,0,0,0,0,0,0,0,0,0,0,0,0,0,0,1,0,0,0,0
5.0,2021-05-09,좋아요 좋아요 좋아요 좋아요,좋다 좋다 좋다 좋다,15,4,2021,5,6,positive,0,0,0,0,0,0,0,0,0,0,0,0,0,0,0,0,0,0,0,0,0,0,0,0,0,0,4,0,0,0
5.0,2021-05-06,좋음,좋다,2,1,2021,5,3,positive,0,0,0,0,0,0,0,0,0,0,0,0,0,0,0,0,0,0,0,0,0,0,0,0,0,0,1,0,0,0
5.0,2021-05-05,재밌어요,재밌다,4,1,2021,5,2,positive,0,0,0,0,0,0,0,0,0,0,0,0,0,0,0,0,0,0,0,0,0,0,0,0,0,1,0,0,0,0
5.0,2021-05-05,너무 재밌게 읽었고 마지막엔 눈물 흘리면서 읽었어요.. 후속작도 나왔으면 좋겠어요~,재밌다 마지막 눈물 흘리다 후속작 좋다,46,10,2021,5,2,positive,0,0,0,0,0,0,0,0,0,0,0,0,0,0,0,0,0,0,0,0,0,0,0,0,0,1,1,0,0,0
5.0,2021-05-02,중학생 읽고 또 읽고.몰입도가 좋은 책,중학생 또 몰입도 좋다,21,6,2021,5,6,positive,0,0,0,0,0,0,0,0,0,0,0,0,0,0,0,0,0,0,0,0,0,0,0,0,0,0,1,0,0,0
5.0,2021-05-02,어릴때 동화책 읽던 그 느낌,어리다 때 동화책,15,5,2021,5,6,positive,0,0,0,0,0,0,0,0,0,0,0,0,0,0,0,0,0,0,0,0,0,0,0,0,0,0,0,0,0,0
5.0,2021-05-01,배송도 빠르고 너무 좋습니다,배송 빠르다 좋다,15,4,2021,5,5,positive,0,0,0,0,0,0,0,0,0,0,0,0,0,0,0,0,0,0,0,0,0,0,0,0,0,0,1,0,0,0
5.0,2021-05-01,오랜만에 집중해서 책을 읽었습니다!!,만 집중,20,4,2021,5,5,positive,0,0,0,0,0,0,0,0,0,0,0,0,0,0,0,0,0,0,0,0,0,0,0,0,0,0,0,0,0,0
5.0,2021-04-29,너무재밋어용,무재 밋 용,6,1,2021,4,3,positive,0,0,0,0,0,0,0,0,0,0,0,0,0,0,0,0,0,0,0,0,0,0,0,0,0,0,0,0,0,0
5.0,2021-04-29,미소지으며 읽어내려갈 수 있느 기분좋은 소설이었습니다.,미소 지다 내려가다 기분 좋다 소설,30,6,2021,4,3,positive,0,0,0,0,0,0,0,0,0,0,0,0,0,0,0,1,0,0,0,0,0,0,0,0,0,0,1,0,0,0
5.0,2021-04-28,잘받았습니다 좋아요,받다 좋다,10,2,2021,4,2,positive,0,0,0,0,0,0,0,0,0,1,0,0,0,0,0,0,0,0,0,0,0,0,0,0,0,0,1,0,0,0
5.0,2021-04-26,몽글몽글 포근한 소설!너무 재밌게 봤어요^^,포근하다 소설 재밌다,24,5,2021,4,0,positive,0,0,0,0,0,0,0,0,0,0,0,0,0,0,0,1,0,0,0,0,0,0,0,0,0,1,0,0,0,0
5.0,2021-04-22,재밌어요ㅡㅡ,재밌다,6,1,2021,4,3,positive,0,0,0,0,0,0,0,0,0,0,0,0,0,0,0,0,0,0,0,0,0,0,0,0,0,1,0,0,0,0
5.0,2021-04-21,재밌어요,재밌다,4,1,2021,4,2,positive,0,0,0,0,0,0,0,0,0,0,0,0,0,0,0,0,0,0,0,0,0,0,0,0,0,1,0,0,0,0
5.0,2021-04-12,꿈이 두렵지 않게,꿈 두렵다,9,3,2021,4,0,positive,0,0,0,0,0,0,0,0,0,0,0,0,0,0,0,0,0,0,0,0,0,0,0,0,0,0,0,0,0,0
5.0,2021-04-10,재미있게 잘 읽어지는 책이네요. 끝부분이 조금 아쉽지만 재미있었습니다,재미있다 자다 요 끝 부분 조금 아쉽다 재미있다,38,8,2021,4,5,positive,0,0,0,0,0,0,0,0,0,0,0,0,0,0,0,0,0,0,0,0,0,0,1,0,2,0,0,0,0,0
5.0,2021-01-26,딸과 같이 읽으려구요.기대됩니다.,딸 구 기대,18,3,2021,1,1,positive,0,0,0,1,0,0,0,0,0,0,0,0,0,0,0,0,0,0,0,0,0,0,0,0,0,0,0,0,0,0
4.0,2021-05-04,시리즈로 나오면 좋을듯 싶네요,시리즈 좋다,16,4,2021,5,1,positive,0,0,0,0,0,0,0,0,0,0,0,0,0,0,0,0,0,0,0,0,0,0,0,0,0,0,1,0,0,0
4.0,2021-04-29,내가 주문하고 아들에게 빼앗긴 책,내 주문 아들 빼앗기다,18,5,2021,4,3,positive,0,0,0,0,0,0,0,0,0,0,0,0,0,0,0,0,0,0,0,0,0,0,0,0,0,0,0,1,0,0
4.0,2021-04-28,재밌어요,재밌다,4,1,2021,4,2,positive,0,0,0,0,0,0,0,0,0,0,0,0,0,0,0,0,0,0,0,0,0,0,0,0,0,1,0,0,0,0
3.0,2021-08-30,베스트셀러까진 아닌것 같은데?그저그래요ㅎ 뒤에 무슨내용이 더 있을까 하고 봤는데 없네요,베스트셀러 그렇다 뒤 내용,48,10,2021,8,0,neutral,0,0,0,0,0,1,0,0,0,0,0,1,0,0,0,0,0,0,0,0,0,0,0,0,0,0,0,0,0,0
3.0,2021-08-04,생각보다 흥미롭지는 않은 것 같아요,생각 흥미롭다,19,5,2021,8,2,neutral,0,0,0,0,0,0,0,0,0,0,0,0,0,1,0,0,0,0,0,0,0,0,0,0,0,0,0,0,0,1
3.0,2021-08-02,이거저거 섞어놓은듯한 느낌도 들고 뭔가 너무 꾸며진듯한 기분. 겨우겨우 완독했음.,거저 거 섞다 듯 뭔가 꾸미다 기분 겨우 겨우 완독,45,10,2021,8,0,neutral,0,0,0,0,0,0,0,0,0,0,0,0,0,0,0,0,0,0,0,0,0,0,0,0,0,0,0,0,0,0
3.0,2021-03-25,"베스트라 구입해봤는데, 저에게는 흡입력이 조금 떨어지네요.",베스트 구입 해봤다 흡입 조금 떨어지다,32,6,2021,3,3,neutral,0,0,0,0,0,0,0,0,0,0,0,0,0,0,0,0,0,0,0,0,0,0,0,0,0,0,0,0,0,0
3.0,2020-11-06,소재는 재미있으나 한권으로 되어있어서 그런지 디테일이 부족하다는 생각이 드네요,소재 재미있다 권 되어다 그렇다 디테 일이 부족하다 생각 드네,43,9,2020,11,4,neutral,0,0,0,0,0,0,0,0,0,0,0,0,0,1,0,0,1,0,0,0,0,0,0,0,1,0,0,0,0,0
5.0,2024-01-15,"초6딸, 내용이 초반부터 빨려들어간다고 너무 좋아합니다.",초 6 딸 내용 초반 빨다 들어가다 좋아하다,31,6,2024,1,0,positive,0,0,0,0,0,1,0,0,0,0,0,0,0,0,0,0,0,0,0,0,0,0,0,0,0,0,0,0,0,0
5.0,2023-12-23,꿈에 대한 진지한 고찰과 인간사회에 대한 고민이 담겨있네요,꿈 대한 진지하다 고찰 인간 사회 대한 고민 담기다,32,8,2023,12,5,positive,0,0,0,0,0,0,0,0,0,0,0,0,0,0,0,0,0,0,0,0,0,0,0,0,0,0,0,0,0,0
5.0,2021-12-28,재미있게 읽은 책,재미있다,9,3,2021,12,1,positive,0,0,0,0,0,0,0,0,0,0,0,0,0,0,0,0,0,0,0,0,0,0,0,0,1,0,0,0,0,0
5.0,2021-11-07,감사합니다 잘읽었습니다,감사하다,12,2,2021,11,6,positive,0,0,0,0,0,0,0,0,0,0,0,0,0,0,0,0,0,0,0,0,0,0,0,0,0,0,0,0,0,0
5.0,2021-10-06,추천합니다.,추천,6,1,2021,10,2,positive,0,0,0,0,0,0,0,0,0,0,0,0,0,0,0,0,0,0,0,0,0,0,0,0,0,0,0,0,1,0
5.0,2021-09-15,재밌게 잘봤습니다,재밌다,9,2,2021,9,2,positive,0,0,0,0,0,0,0,0,0,0,0,0,0,0,0,0,0,0,0,0,0,0,0,0,0,1,0,0,0,0
5.0,2021-08-26,어른들이 읽기에도 여러 가지 생각할 거리가 있는 책이네여,어른 여러 가지 생각 거리 여,31,8,2021,8,3,positive,0,0,0,0,0,0,0,0,0,0,0,0,0,1,0,0,0,0,0,0,0,0,0,0,0,0,0,0,0,0
5.0,2021-08-22,고2딸래미 휴식시간에 읽겠다고 주문,고 2 딸 래미 휴식시간 주문,19,4,2021,8,6,positive,0,0,0,0,0,0,0,0,0,0,0,0,0,0,0,0,0,0,0,0,0,0,0,0,0,0,0,1,0,0
5.0,2021-07-13,재밋어요~!!,재밋어,7,1,2021,7,1,positive,0,0,0,0,0,0,0,0,0,0,0,0,0,0,0,0,0,0,0,0,0,0,0,0,0,0,0,0,0,0
5.0,2021-07-10,재밋슴다,재밋슴다,4,1,2021,7,5,positive,0,0,0,0,0,0,0,0,0,0,0,0,0,0,0,0,0,0,0,0,0,0,0,0,0,0,0,0,0,0
5.0,2021-07-08,방학 기념 책을 오랜만에 읽었습니다 재밌어요 다른 사람한테 추천해줘도 될 것 같아요,방학 기념 만 재밌다 다른 사람 추천 해주다,46,12,2021,7,3,positive,0,0,0,0,0,0,0,0,0,0,0,0,0,0,0,0,0,0,0,0,0,0,0,0,0,1,0,0,1,0
5.0,2021-07-05,재밌어요.,재밌다,5,1,2021,7,0,positive,0,0,0,0,0,0,0,0,0,0,0,0,0,0,0,0,0,0,0,0,0,0,0,0,0,1,0,0,0,0
5.0,2021-07-04,술술 읽히고 재밌어서 추천 많이 했어요,술술 읽히다 재밌다 추천,21,6,2021,7,6,positive,0,0,0,0,0,0,0,0,0,0,0,0,0,0,0,0,0,0,0,0,0,1,0,0,0,1,0,0,1,0
5.0,2021-07-03,재밌게 잘 읽었어요,재밌다 자다,10,3,2021,7,5,positive,0,0,0,0,0,0,0,0,0,0,0,0,0,0,0,0,0,0,0,0,0,0,1,0,0,1,0,0,0,0
5.0,2021-06-18,재미있어요,재미있다,5,1,2021,6,4,positive,0,0,0,0,0,0,0,0,0,0,0,0,0,0,0,0,0,0,0,0,0,0,0,0,1,0,0,0,0,0
5.0,2021-06-14,소재도 독특하고 재밌어요.,소재 독특하다 재밌다,14,3,2021,6,0,positive,0,0,0,0,0,0,0,0,0,0,0,0,0,0,0,0,1,0,0,0,0,0,0,0,0,1,0,0,0,0
5.0,2021-06-13,정말 기대하고 구매했습니다.. 재미있게 잘 읽어질것 같아요,기대하다 재미있다 자다,32,7,2021,6,6,positive,0,0,0,0,0,0,0,0,0,0,0,0,0,0,0,0,0,0,0,0,0,0,1,0,1,0,0,0,0,0
5.0,2021-06-13,아이가 그자리에서 다 읽네요,아이 자리,15,4,2021,6,6,positive,0,0,0,0,0,0,0,0,0,0,0,0,0,0,0,0,0,0,0,1,0,0,0,0,0,0,0,0,0,0
5.0,2021-06-11,재밌어요,재밌다,4,1,2021,6,4,positive,0,0,0,0,0,0,0,0,0,0,0,0,0,0,0,0,0,0,0,0,0,0,0,0,0,1,0,0,0,0
5.0,2021-06-11,넘 재미있게 잘  읽었습니다,넘다 재미있다 자다,15,4,2021,6,4,positive,0,0,0,0,0,0,0,0,0,0,0,0,0,0,0,0,0,0,0,0,0,0,1,0,1,0,0,0,0,0
5.0,2021-06-11,오랫만에 재미있는 책을 만났네요. 적극 추천합니다,만 재미있다 만나다 적극 추천,27,6,2021,6,4,positive,0,0,0,0,0,0,0,0,0,0,0,0,0,0,0,0,0,0,0,0,0,0,0,0,1,0,0,0,1,0
5.0,2021-06-10,재미있어요-~^^,재미있다,9,1,2021,6,3,positive,0,0,0,0,0,0,0,0,0,0,0,0,0,0,0,0,0,0,0,0,0,0,0,0,1,0,0,0,0,0
5.0,2021-06-10,잘 읽겠습니다.,자다,8,2,2021,6,3,positive,0,0,0,0,0,0,0,0,0,0,0,0,0,0,0,0,0,0,0,0,0,0,1,0,0,0,0,0,0,0
5.0,2021-06-07,기발한 상상력 그 안에 따뜻한 위로가 있는 책이었어요,기발하다 상상력 안 따뜻하다 위로,29,8,2021,6,0,positive,0,0,0,0,0,0,0,1,0,0,0,0,1,0,0,0,0,0,0,0,0,0,0,0,0,0,0,0,0,0
5.0,2021-06-06,재밌게 읽었어요.,재밌다,9,2,2021,6,6,positive,0,0,0,0,0,0,0,0,0,0,0,0,0,0,0,0,0,0,0,0,0,0,0,0,0,1,0,0,0,0
5.0,2021-06-06,주변에서 많이 추천받아서 구입하게 되었어요. 기대됩니다!,주변 추천 받다 구입 되어다 기대,31,6,2021,6,6,positive,0,0,0,1,0,0,0,0,0,1,0,0,0,0,0,0,0,0,0,0,0,0,0,0,0,0,0,0,1,0
5.0,2021-06-06,아이가 재미있었는지 단숨에 다 읽었습니다.,아이 재미있다 단숨,23,5,2021,6,6,positive,0,0,0,0,0,0,0,0,0,0,0,0,0,0,0,0,0,0,0,1,0,0,0,0,1,0,0,0,0,0
5.0,2021-06-04,잘 받았습니다.  넘넘 기대돼요~~^^,자다 받다 넘다 넘다 기대 돼다,21,4,2021,6,4,positive,0,0,0,1,0,0,0,0,0,1,0,0,0,0,0,0,0,0,0,0,0,0,1,0,0,0,0,0,0,0
5.0,2021-06-04,초등5학년 아들을 위한 책.잼있어 하네요,초등 5 학년 아들 위 재다,22,5,2021,6,4,positive,0,0,0,0,0,0,0,0,0,0,0,0,0,0,0,0,0,0,0,0,0,0,0,0,0,0,0,0,0,0
5.0,2021-06-04,잊고있었던 꿈을 다시 꾸게 되었어요. 코로나블루로 지친 마음에 힐링되는 책이에요.,잊다 꿈 다시 꾸다 되어다 코로나 블루 지치다 마음 힐링,45,10,2021,6,4,positive,0,0,0,0,1,0,0,0,1,0,0,0,0,0,0,0,0,0,0,0,0,0,0,0,0,0,0,0,0,0
5.0,2021-06-03,완전 강추합니다^^,완전 강 추하다,10,2,2021,6,3,positive,0,0,0,0,0,0,0,0,0,0,0,0,0,0,0,0,0,0,0,0,0,0,0,0,0,0,0,0,0,0
5.0,2021-06-03,딸아이가 원해서 구입한 도서입니다. 재미있게 읽는 모습이 보기 좋으네요.,딸아이 원하다 구입 도서 재미있다 모습 보기 좋다,40,9,2021,6,3,positive,0,0,0,0,0,0,0,0,0,0,0,0,0,0,0,0,0,0,0,0,0,0,0,0,1,0,1,0,0,0
5.0,2021-06-03,아들 독서서평책으로 구매,아들 독서 서평,13,3,2021,6,3,positive,0,0,0,0,0,0,0,0,0,0,0,0,0,0,0,0,0,0,0,0,0,0,0,0,0,0,0,0,0,0
5.0,2021-06-01,재밌게 읽었어요 추천합니다.,재밌다 추천,15,3,2021,6,1,positive,0,0,0,0,0,0,0,0,0,0,0,0,0,0,0,0,0,0,0,0,0,0,0,0,0,1,0,0,1,0
5.0,2021-06-01,심신이 지친 요즘 책 한권이 제인생의 터닝포린트가 되었어요~^^,심신 지치다 요즘 권 인생 터닝 포린트 되어다,35,8,2021,6,1,positive,0,0,0,0,0,0,0,0,0,0,0,0,0,0,0,0,0,0,0,0,0,0,0,0,0,0,0,0,0,0
5.0,2021-06-01,너무재밌게잘읽었습니다!!,재밌다,13,1,2021,6,1,positive,0,0,0,0,0,0,0,0,0,0,0,0,0,0,0,0,0,0,0,0,0,0,0,0,0,1,0,0,0,0
5.0,2021-05-31,생각지도 못한 백화점 이네요,생각 지도 못 백화점,15,4,2021,5,0,positive,0,0,0,0,0,0,0,0,0,0,1,0,0,1,0,0,0,0,0,0,0,0,0,0,0,0,0,0,0,0
5.0,2021-05-30,베스트셀러라길래 궁금해서^^,베스트셀러 길 궁금하다,15,2,2021,5,6,positive,0,0,0,0,0,0,0,0,0,0,0,1,0,0,0,0,0,0,0,0,0,0,0,0,0,0,0,0,0,0
5.0,2021-05-30,남녀노소 누구나 다  재밌게 볼 수 있는 책입니다 올해가 가기전 맘껏  꿈꿔 보세요,남녀 노소 누구 재밌다 볼 올해 가다 맘껏 꿈꾸다,46,13,2021,5,6,positive,1,0,0,0,0,0,0,0,0,0,0,0,0,0,0,0,0,0,0,0,0,0,0,0,0,1,0,0,0,0
5.0,2021-05-29,소재가 독특해서 마음에 들었어요,소재 독특하다 마음,17,4,2021,5,5,positive,0,0,0,0,0,0,0,0,1,0,0,0,0,0,0,0,1,0,0,0,0,0,0,0,0,0,0,0,0,0
5.0,2021-05-28,베스트셀러 이유가 있네요,베스트셀러 이유,13,3,2021,5,4,positive,0,0,0,0,0,0,0,0,0,0,0,1,0,0,0,0,0,0,0,0,0,0,0,0,0,0,0,0,0,0
5.0,2021-05-27,"평소에 꿈에 대한 상상을 많이 하고 있는데, 설정이 매우 흥미로워 구입하게 되었습니다.",평소 꿈 대한 상상 설정 매우 흥미롭다 구입 되어다,48,12,2021,5,3,positive,0,0,0,0,0,0,0,0,0,0,0,0,0,0,0,0,0,0,0,0,0,0,0,0,0,0,0,0,0,1
5.0,2021-05-26,왜 인기가 많은지 알겠어요!!소장각!,왜 인기 많다 알다 장각,20,4,2021,5,2,positive,0,0,0,0,0,0,0,0,0,0,0,0,0,0,0,0,0,0,0,0,0,0,0,0,0,0,0,0,0,0
5.0,2021-05-24,부담되지않고 잘읽힌책이에요 비슷한류책을더읽고싶어서찾아봐야겠어요,부담 읽히다 비슷하다 류책 찾아보다,34,3,2021,5,0,positive,0,0,0,0,0,0,0,0,0,0,0,0,0,0,0,0,0,0,0,0,0,1,0,0,0,0,0,0,0,0
5.0,2021-05-24,읽는 내내 기분좋은~ 고교생 아이에게도 추천한 소설입니다~,내내 기분 좋다 고교생 아이 추천 소설,32,7,2021,5,0,positive,0,0,0,0,0,0,0,0,0,0,0,0,0,0,0,1,0,0,0,1,0,0,0,0,0,0,1,0,1,0
5.0,2021-05-22,"마음이 몽글몽글, 나도 꿈을 살 수 있다면 좋겠다.",마음 나다 꿈 살 좋다,28,8,2021,5,5,positive,0,0,0,0,0,0,0,0,1,0,0,0,0,0,0,0,0,0,0,0,0,0,0,0,0,0,1,0,0,0
5.0,2021-05-21,마음이 따듯해지는 책이었습니다.,마음 따다 해지,17,3,2021,5,4,positive,0,0,0,0,0,0,0,0,1,0,0,0,0,0,0,0,0,0,0,0,0,0,0,0,0,0,0,0,0,0
5.0,2021-05-17,감동과 재미를 모두 잡은 작품이에요 읽으면서 행복했습니다,감동 재미 모두 잡다 작품 행복하다,31,7,2021,5,0,positive,0,0,1,0,0,0,0,0,0,0,0,0,0,0,0,0,0,0,0,0,0,0,0,1,0,0,0,0,0,0
5.0,2021-05-16,오늘 밤 꿈을 기대하며 잠자리에 드는것조차 설레게 만드는 책...꿈! 새로운 세계로의 여행,오늘 밤 꿈 기대하다 잠자리 설레다 만들다 꿈 새롭다 계로 여행,50,12,2021,5,6,positive,0,0,0,0,0,0,0,0,0,0,0,0,0,0,0,0,0,0,0,0,0,0,0,0,0,0,0,0,0,0
5.0,2021-05-15,몇번을 다시 읽었는지...제가 읽다 우니 우리집 12살이 그 파트를 읽고 우네요.,몇번 다시 제 울다 우리 집 12 살이 파트 요,45,11,2021,5,5,positive,0,0,0,0,0,0,0,0,0,0,0,0,0,0,0,0,0,0,0,0,0,0,0,0,0,0,0,0,0,0
5.0,2021-04-20,좋습니다 너무 좋아요,좋다 좋다,11,3,2021,4,1,positive,0,0,0,0,0,0,0,0,0,0,0,0,0,0,0,0,0,0,0,0,0,0,0,0,0,0,2,0,0,0
5.0,2021-04-20,좋아요!,좋다,4,1,2021,4,1,positive,0,0,0,0,0,0,0,0,0,0,0,0,0,0,0,0,0,0,0,0,0,0,0,0,0,0,1,0,0,0
5.0,2021-04-19,재밌어요,재밌다,4,1,2021,4,0,positive,0,0,0,0,0,0,0,0,0,0,0,0,0,0,0,0,0,0,0,0,0,0,0,0,0,1,0,0,0,0
5.0,2021-04-18,재미있게 잘 봤어요. 어른도 학생도 재미있게 볼 수 있는 책이에요.,재미있다 자다 어른 학생 재미있다 볼,37,10,2021,4,6,positive,0,0,0,0,0,0,0,0,0,0,0,0,0,0,0,0,0,0,0,0,0,0,1,0,2,0,0,0,0,0
5.0,2021-04-18,기대하던 책입니다.,기대하다,10,2,2021,4,6,positive,0,0,0,0,0,0,0,0,0,0,0,0,0,0,0,0,0,0,0,0,0,0,0,0,0,0,0,0,0,0
5.0,2021-04-15,재미있고 흥미롭게 읽었어요,재미있다 흥미롭다,14,3,2021,4,3,positive,0,0,0,0,0,0,0,0,0,0,0,0,0,0,0,0,0,0,0,0,0,0,0,0,1,0,0,0,0,1
5.0,2021-04-13,만족합니다,만족하다,5,1,2021,4,1,positive,0,0,0,0,0,0,0,0,0,0,0,0,0,0,0,0,0,0,0,0,0,0,0,0,0,0,0,0,0,0
5.0,2021-04-12,매일밤 잠들기가 설레일듯합니다.. 너무 잼있게 읽었어요^^,일밤 잠들다 기 설레다 재다,32,6,2021,4,0,positive,0,0,0,0,0,0,0,0,0,0,0,0,0,0,0,0,0,0,0,0,0,0,0,0,0,0,0,0,0,0
5.0,2021-04-10,재미있었어요,재미있다,6,1,2021,4,5,positive,0,0,0,0,0,0,0,0,0,0,0,0,0,0,0,0,0,0,0,0,0,0,0,0,1,0,0,0,0,0
5.0,2021-04-10,재밌어요!!!,재밌다,7,1,2021,4,5,positive,0,0,0,0,0,0,0,0,0,0,0,0,0,0,0,0,0,0,0,0,0,0,0,0,0,1,0,0,0,0
5.0,2021-04-10,책이 흥미진진하고 재밌어요! 왜 베스트셀러인지 알겠네요,흥미진진 재밌다 왜 베스트셀러 알다,30,6,2021,4,5,positive,0,0,0,0,0,0,0,0,0,0,0,1,0,0,0,0,0,0,0,0,0,0,0,0,0,1,0,0,0,0
5.0,2021-04-09,재밌게 잘 읽었습니다  꿈,재밌다 자다 꿈,14,4,2021,4,4,positive,0,0,0,0,0,0,0,0,0,0,0,0,0,0,0,0,0,0,0,0,0,0,1,0,0,1,0,0,0,0
5.0,2021-04-09,판타지이면서 현실적인 교훈이 많은 책이네요,판타지 면서 현실 교훈 많다 요,23,5,2021,4,4,positive,0,0,0,0,0,0,0,0,0,0,0,0,0,0,0,0,0,0,0,0,0,0,0,0,0,0,0,0,0,0
5.0,2021-04-08,추리소설만 읽다가 계속 눈에 띄어서 구매해봤는데요 정말 잘 샀다는 생각이들었어요 강추합니다,추리소설 계속 눈 띄다 해봤다 자다 사다 생각 강 추하다,50,11,2021,4,3,positive,0,0,0,0,0,0,0,0,0,0,0,0,0,1,0,0,0,0,0,0,0,0,1,0,0,0,0,0,0,0
5.0,2021-04-07,생각을 많이 했어요,생각,10,3,2021,4,2,positive,0,0,0,0,0,0,0,0,0,0,0,0,0,1,0,0,0,0,0,0,0,0,0,0,0,0,0,0,0,0
5.0,2021-04-07,모처럼 나온 어른 동화 같아서 색다르다,모처럼 어른 동화 색다르다,21,6,2021,4,2,positive,0,0,0,0,0,0,1,0,0,0,0,0,0,0,0,0,0,0,0,0,0,0,0,0,0,0,0,0,0,0
5.0,2021-04-07,책읽다가 운적은 없었는데 재밌으면서 감동적입니다~ 추천합니다.,운 재밌다 감동 추천,34,6,2021,4,2,positive,0,0,1,0,0,0,0,0,0,0,0,0,0,0,0,0,0,0,0,0,0,0,0,0,0,1,0,0,1,0
5.0,2021-04-06,아이가 세번째 읽고 있습니다.~^^,아이 세번,19,4,2021,4,1,positive,0,0,0,0,0,0,0,0,0,0,0,0,0,0,0,0,0,0,0,1,0,0,0,0,0,0,0,0,0,0
5.0,2021-04-06,아이와 읽으려고 샀어요,아이 사다,12,3,2021,4,1,positive,0,0,0,0,0,0,0,0,0,0,0,0,0,0,0,0,0,0,0,1,0,0,0,0,0,0,0,0,0,0
5.0,2021-03-19,장면이 머릿속에 그려지고 따뜻한느낌의 책. 읽고난뒤론 잘때마다 생각남,장면 머릿속 그려지다 따뜻하다 뒤론 자다 때 생각나다,38,8,2021,3,4,positive,0,0,0,0,0,0,0,1,0,0,0,0,0,0,0,0,0,0,0,0,0,0,1,0,0,0,0,0,0,0
5.0,2021-03-10,너무 재미있어요,재미있다,8,2,2021,3,2,positive,0,0,0,0,0,0,0,0,0,0,0,0,0,0,0,0,0,0,0,0,0,0,0,0,1,0,0,0,0,0
5.0,2021-01-27,너무 매력적인 책. 현실반영과 동시에 꿈 속 백화점이라는 신선한 세계관!,매력 현실 반영 동시 꿈 속 백화점 신선하다 세계관,40,10,2021,1,2,positive,0,0,0,0,0,0,0,0,0,0,1,0,0,0,0,0,0,0,1,0,0,0,0,0,0,0,0,0,0,0
5.0,2021-01-27,잘봤습니다.,,6,1,2021,1,2,positive,0,0,0,0,0,0,0,0,0,0,0,0,0,0,0,0,0,0,0,0,0,0,0,0,0,0,0,0,0,0
5.0,2021-01-27,"자기전에 읽기 좋은책, 오랜만에 책을 읽는데도 술술 읽혀요 종이가 독특해서 촉감이 좋아요",자다 좋다 만 술술 읽히다 종이 독특하다 촉감 좋다,49,12,2021,1,2,positive,0,0,0,0,0,0,0,0,0,0,0,0,0,0,0,0,0,0,0,0,0,1,1,0,0,0,2,0,0,0
5.0,2021-01-26,잘 봤습니다,자다,6,2,2021,1,1,positive,0,0,0,0,0,0,0,0,0,0,0,0,0,0,0,0,0,0,0,0,0,0,1,0,0,0,0,0,0,0
5.0,2021-01-26,잘봤습니다,,5,1,2021,1,1,positive,0,0,0,0,0,0,0,0,0,0,0,0,0,0,0,0,0,0,0,0,0,0,0,0,0,0,0,0,0,0
5.0,2021-01-26,잘 봤어요,자다,5,2,2021,1,1,positive,0,0,0,0,0,0,0,0,0,0,0,0,0,0,0,0,0,0,0,0,0,0,1,0,0,0,0,0,0,0
5.0,2021-01-26,작가의 상상력이 대박이네요 너무 재미있게 읽었어요~~ 강추합니다!!,작가 상상력 대박 요 재미있다 강 추하다,37,7,2021,1,1,positive,0,0,0,0,0,0,0,0,0,0,0,0,1,0,0,0,0,0,0,0,0,0,0,0,1,0,0,0,0,0
5.0,2021-01-26,가볍게 읽기 괜찮았습니다,가볍다 괜찮다,13,3,2021,1,1,positive,0,1,0,0,0,0,0,0,0,0,0,0,0,0,0,0,0,0,0,0,0,0,0,0,0,0,0,0,0,0
5.0,2021-01-22,잘읽었습니다,,6,1,2021,1,4,positive,0,0,0,0,0,0,0,0,0,0,0,0,0,0,0,0,0,0,0,0,0,0,0,0,0,0,0,0,0,0
5.0,2021-01-16,정말 대만족해요,대다 만족하다,8,2,2021,1,5,positive,0,0,0,0,0,0,0,0,0,0,0,0,0,0,0,0,0,0,0,0,0,0,0,0,0,0,0,0,0,0
5.0,2021-01-12,애니메이션으로 만들어도 재미있을 것 같다. 후속작도 나오면좋겠다.,애니메이션 만들다 재미있다 후속작 좋다,36,7,2021,1,1,positive,0,0,0,0,0,0,0,0,0,0,0,0,0,0,0,0,0,0,0,0,0,0,0,0,1,0,1,0,0,0
5.0,2021-01-09,가독성이 좋은 책이라 잘 읽힙니다,가독성 좋다 자다 읽히다,18,5,2021,1,5,positive,0,0,0,0,0,0,0,0,0,0,0,0,0,0,0,0,0,0,0,0,0,1,1,0,0,0,1,0,0,0
5.0,2021-01-07,아이가 순식간에 읽어치우네요 재미나서 친구한테도 추천하고요,아이 순식간 재미나 친구 도 추천,32,6,2021,1,3,positive,0,0,0,0,0,0,0,0,0,0,0,0,0,0,0,0,0,0,0,1,0,0,0,0,0,0,0,0,1,0
5.0,2020-12-30,후기가 좋아 구매했는데 기대됩니다,후기 좋다 기대,18,4,2020,12,2,positive,0,0,0,1,0,0,0,0,0,0,0,0,0,0,0,0,0,0,0,0,0,0,0,0,0,0,1,0,0,0
5.0,2020-12-29,꿈이라는걸 다시 생각하게 해보는?,꿈 는걸 다시 생각 해보다,18,4,2020,12,1,positive,0,0,0,0,0,0,0,0,0,0,0,0,0,1,0,0,0,0,0,0,0,0,0,0,0,0,0,0,0,0
5.0,2020-12-27,힐링책이였어요,힐링,7,1,2020,12,6,positive,0,0,0,0,0,0,0,0,0,0,0,0,0,0,0,0,0,0,0,0,0,0,0,0,0,0,0,0,0,0
5.0,2020-12-26,재밌어요~,재밌다,5,1,2020,12,5,positive,0,0,0,0,0,0,0,0,0,0,0,0,0,0,0,0,0,0,0,0,0,0,0,0,0,1,0,0,0,0
4.0,2021-08-26,잔잔한 꿈을 꾸는 듯한 귀여운 소설입니다,잔잔하다 꿈 꾸다 듯 귀엽다 소설,22,6,2021,8,3,positive,0,0,0,0,1,0,0,0,0,0,0,0,0,0,0,1,0,0,0,0,0,0,0,0,0,0,0,0,0,0
4.0,2021-05-09,어른들을 위한 동화 재밌다,어른 위 동화 재밌다,14,4,2021,5,6,positive,0,0,0,0,0,0,1,0,0,0,0,0,0,0,0,0,0,0,0,0,0,0,0,0,0,1,0,0,0,0
4.0,2021-04-26,잠든 시간을 들여다본 기발한 이야기,잠들다 시간 들여다보다 기발하다 이야기,19,5,2021,4,0,positive,0,0,0,0,0,0,0,0,0,0,0,0,0,0,0,0,0,1,0,0,1,0,0,0,0,0,0,0,0,0
4.0,2021-04-25,잠자기 전에 읽으면 기분좋게 잠들수 있어요,잠자다 전 기분 좋다 잠들다,23,6,2021,4,6,positive,0,0,0,0,0,0,0,0,0,0,0,0,0,0,0,0,0,0,0,0,0,0,0,0,0,0,1,0,0,0
4.0,2021-04-23,우리가 마주한 현실과 꿈이라는 소재가 만나니 재미있네요...,우리 마주 현실 꿈 소재 만나다 재미있다,33,7,2021,4,4,positive,0,0,0,0,0,0,0,0,0,0,0,0,0,0,0,0,1,0,0,0,0,0,0,0,1,0,0,0,0,0
3.0,2021-07-27,재밌다는 평을 너무 많이 보고 사서 그런지 저는 생각보다 별로였어요..읽다 덮어서 완독못함,재밌다 평 보고 사서 그렇다 생각 별로 덮어서 완독,50,12,2021,7,1,neutral,0,0,0,0,0,0,0,0,0,0,0,0,0,1,0,0,0,0,0,0,0,0,0,0,0,1,0,0,0,0
3.0,2021-06-07,기발한 상상력!,기발하다 상상력,8,2,2021,6,0,neutral,0,0,0,0,0,0,0,0,0,0,0,0,1,0,0,0,0,0,0,0,0,0,0,0,0,0,0,0,0,0
3.0,2021-05-04,좋아요.,좋다,4,1,2021,5,1,neutral,0,0,0,0,0,0,0,0,0,0,0,0,0,0,0,0,0,0,0,0,0,0,0,0,0,0,1,0,0,0
3.0,2021-04-24,엄청 재밌는 건 아니지만 킬링타임용으로 추천,재밌다 건 킬링타임 용 추천,24,6,2021,4,5,neutral,0,0,0,0,0,0,0,0,0,0,0,0,0,0,0,0,0,0,0,0,0,0,0,0,0,1,0,0,1,0
3.0,2021-03-17,전 별로......,전 별로,10,2,2021,3,2,neutral,0,0,0,0,0,0,0,0,0,0,0,0,0,0,0,0,0,0,0,0,0,0,0,0,0,0,0,0,0,0
3.0,2021-02-05,엄청난 기대를해서인지 기대만큼은 아니다 재미없는건 아니지만,엄청나다 기대 기대 재미없다,32,6,2021,2,4,neutral,0,0,0,2,0,0,0,0,0,0,0,0,0,0,0,0,0,0,0,0,0,0,0,0,0,0,0,0,0,0
3.0,2021-02-04,그다지 재미있거나 흥미롭진 않았어요,그다지 재미있다 흥미롭다,19,4,2021,2,3,neutral,0,0,0,0,0,0,0,0,0,0,0,0,0,0,0,0,0,0,0,0,0,0,0,0,1,0,0,0,0,1
3.0,2020-12-01,소재는 기발했으나 그렇게 재미는 없었어요,소재 기발하다 재미,22,5,2020,12,1,neutral,0,0,0,0,0,0,0,0,0,0,0,0,0,0,0,0,1,0,0,0,0,0,0,1,0,0,0,0,0,0
3.0,2020-11-29,소재는 좋지만 생각보다 흥미로운 내용은 아니에요,소재 좋다 생각 흥미롭다 내용,26,6,2020,11,6,neutral,0,0,0,0,0,1,0,0,0,0,0,0,0,1,0,0,1,0,0,0,0,0,0,0,0,0,1,0,0,1
3.0,2020-11-24,저에게는 큰 재미는 없었습니다,크다 재미,16,4,2020,11,1,neutral,0,0,0,0,0,0,0,0,0,0,0,0,0,0,0,0,0,0,0,0,0,0,0,1,0,0,0,0,0,0
3.0,2020-11-18,초반엔 내용에 대한 호기심에 좀 읽히는데 중반 넘어가니 책장이 안넘어가네요.,초반 내용 대한 호기심 좀 읽히다 중반 넘어가다 책장 넘어가다,42,10,2020,11,2,neutral,0,0,0,0,0,1,0,0,0,0,0,0,0,0,0,0,0,0,0,0,0,1,0,0,0,0,0,0,0,0
2.0,2021-10-22,그냥 그랬어요,그냥 그렇다,7,2,2021,10,4,negative,0,0,0,0,0,0,0,0,0,0,0,0,0,0,0,0,0,0,0,0,0,0,0,0,0,0,0,0,0,0
2.0,2021-03-16,소재는 참신하나...뭔가 용두사미 느낌...,소재 참신하다 뭔가 용두사미,24,4,2021,3,1,negative,0,0,0,0,0,0,0,0,0,0,0,0,0,0,0,0,1,0,0,0,0,0,0,0,0,0,0,0,0,0
1.0,2021-08-12,책은 완독하지 않아도 된다는 걸 깨우쳐줌에 감사함. 펼쳐보지도 않은 2편 환불 안되나요?ㅠ,완독 걸 깨우치다 줌 감사하다 펼치다 보지 2 편 환불 안되다,50,12,2021,8,3,negative,0,0,0,0,0,0,0,0,0,0,0,0,0,0,0,0,0,0,0,0,0,0,0,0,0,0,0,0,0,0
5.0,2021-10-28,그다지....,그다지,7,1,2021,10,3,positive,0,0,0,0,0,0,0,0,0,0,0,0,0,0,0,0,0,0,0,0,0,0,0,0,0,0,0,0,0,0
5.0,2021-06-11,남편이 읽고 싶어해서 주문. 왜 베스트셀러인지는 궁금하다. 근데 사고나니 리커버 ㅜ,남편 주문 왜 베스트셀러 궁금하다 사다 리 커버,46,11,2021,6,4,positive,0,0,0,0,0,0,0,0,0,0,0,1,0,0,0,0,0,0,0,0,0,0,0,0,0,0,0,1,0,0
5.0,2020-12-24,재밋습니다.순식간에읽어내려감,재밋습니 순식간 내려가다,15,1,2020,12,3,positive,0,0,0,0,0,0,0,0,0,0,0,0,0,0,0,0,0,0,0,0,0,0,0,0,0,0,0,0,0,0
5.0,2020-12-24,어른이읽어도재밌어요~,어른 재밌다,11,1,2020,12,3,positive,0,0,0,0,0,0,0,0,0,0,0,0,0,0,0,0,0,0,0,0,0,0,0,0,0,1,0,0,0,0
5.0,2020-12-22,재밌게 잘 봤습니다.,재밌다 자다,11,3,2020,12,1,positive,0,0,0,0,0,0,0,0,0,0,0,0,0,0,0,0,0,0,0,0,0,0,1,0,0,1,0,0,0,0
5.0,2020-12-18,초등아이도 즐겁게 읽을 수 있는 책이에요^^,초등 아이 즐겁다,24,6,2020,12,4,positive,0,0,0,0,0,0,0,0,0,0,0,0,0,0,0,0,0,0,0,1,0,0,0,0,0,0,0,0,0,0
5.0,2020-12-15,동화같은 따뜻한 판타지 좋아하는데 딱 제가 원하던 소설이고 이야기도 재밌었어요 ㅠㅠ,동화 따뜻하다 판타지 좋아하다 제 원하다 소설 이야기 재밌다,46,11,2020,12,1,positive,0,0,0,0,0,0,1,1,0,0,0,0,0,0,0,1,0,0,0,0,1,0,0,0,0,1,0,0,0,0
5.0,2020-12-10,단순한 판타지 소설이라 생각했으나 심신에 위안을 주는 따뜻한 책,단순하다 판타지 소설 생각 심신 위안 주다 따뜻하다,35,9,2020,12,3,positive,0,0,0,0,0,0,0,1,0,0,0,0,0,1,0,1,0,0,0,0,0,0,0,0,0,0,0,0,0,0
5.0,2020-12-05,간만에 마음 따뜻해지는 책을 읽었어요,간만 마음 따뜻하다,20,5,2020,12,5,positive,0,0,0,0,0,0,0,1,1,0,0,0,0,0,0,0,0,0,0,0,0,0,0,0,0,0,0,0,0,0
5.0,2020-12-04,너무 무겁지 않아서 좋아요~,무겁다 좋다,15,4,2020,12,4,positive,0,0,0,0,0,0,0,0,0,0,0,0,0,0,0,0,0,0,0,0,0,0,0,0,0,0,1,0,0,0
5.0,2020-12-03,현실로 존재했으면..,현실 존재,11,2,2020,12,3,positive,0,0,0,0,0,0,0,0,0,0,0,0,0,0,0,0,0,0,0,0,0,0,0,0,0,0,0,0,0,0
5.0,2020-11-30,꼭 보세요 재밌습니다ㅠㅠ,꼭 재밌다,13,3,2020,11,0,positive,0,0,0,0,0,0,0,0,0,0,0,0,0,0,0,0,0,0,0,0,0,0,0,0,0,1,0,0,0,0
5.0,2020-11-29,조금 어린 내용이지만 재미있네요,조금 어리다 내용 재미있다,17,4,2020,11,6,positive,0,0,0,0,0,1,0,0,0,0,0,0,0,0,0,0,0,0,0,0,0,0,0,0,1,0,0,0,0,0
5.0,2020-11-19,어른들을 위한 동화. 이마를 탁 치게 되는 상상력에 웃음이 절로 나온다,어른 위 동화 이마 탁 치 상상력 웃음 절로,39,11,2020,11,3,positive,0,0,0,0,0,0,1,0,0,0,0,0,1,0,0,0,0,0,0,0,0,0,0,0,0,0,0,0,0,0
5.0,2020-11-12,진짜 한장한장이 너무 아까워서 빨리 읽기 싫은 책,진짜 한장 한장 아깝다 싫다,27,8,2020,11,3,positive,0,0,0,0,0,0,0,0,0,0,0,0,0,0,0,0,0,0,0,0,0,0,0,0,0,0,0,0,0,0
5.0,2020-10-29,참신합니다  꿈을 이렇게 해석할 수 있다니 감동입니다,참신하다 꿈 해석 감동,29,7,2020,10,3,positive,0,0,1,0,0,0,0,0,0,0,0,0,0,0,0,0,0,0,0,0,0,0,0,0,0,0,0,0,0,0
5.0,2020-10-28,함께 읽으면 좋은 책,좋다,11,4,2020,10,2,positive,0,0,0,0,0,0,0,0,0,0,0,0,0,0,0,0,0,0,0,0,0,0,0,0,0,0,1,0,0,0
5.0,2020-10-24,아들이 잼있어 보인다고해서 구매해요 재미있겠죠~~,아들 재다 보이다 재미있다,27,5,2020,10,5,positive,0,0,0,0,0,0,0,0,0,0,0,0,0,0,0,0,0,0,0,0,0,0,0,0,1,0,0,0,0,0
5.0,2020-10-15,꿈을 소재로 한 책이라기에 호기심에 구입했는데 기대 이상으로 재미있게 읽고 있어요.,꿈 소재 이르다 호기심 구입 기대 이상 재미있다,46,11,2020,10,3,positive,0,0,0,1,0,0,0,0,0,0,0,0,0,0,0,0,1,0,0,0,0,0,0,0,1,0,0,0,0,0
5.0,2020-10-12,Good!!!,,7,1,2020,10,0,positive,0,0,0,0,0,0,0,0,0,0,0,0,0,0,0,0,0,0,0,0,0,0,0,0,0,0,0,0,0,0
5.0,2020-09-19,평점이 좋아서 너무 기대되요,평점 좋다 기대다 요,15,4,2020,9,5,positive,0,0,0,0,0,0,0,0,0,0,0,0,0,0,0,0,0,0,0,0,0,0,0,0,0,0,1,0,0,0
5.0,2020-09-01,재밌어요!,재밌다,5,1,2020,9,1,positive,0,0,0,0,0,0,0,0,0,0,0,0,0,0,0,0,0,0,0,0,0,0,0,0,0,1,0,0,0,0
4.0,2022-01-21,발상이 정말 신선하다. 읽고 있으면 몽글몽글한 사랑스러운 느낌이 가득하다.^^,발상 신선하다 몽글몽글하다 사랑스럽다 가득하다,43,9,2022,1,4,positive,0,0,0,0,0,0,0,0,0,0,0,0,0,0,0,0,0,0,1,0,0,0,0,0,0,0,0,0,0,0
4.0,2021-09-27,읽기전인데 리뷰보고 놀랐네요 1은 읽을만하다고 친구에게 소개받았는데... 읽어봐야지요,리뷰 보고 놀라다 1 은 친구 소개 받다,47,8,2021,9,0,positive,0,0,0,0,0,0,0,0,0,1,0,0,0,0,0,0,0,0,0,0,0,0,0,0,0,0,0,0,0,0
4.0,2021-09-08,초중고대를 아우르는 소설. 카르페디엠이 생각난다,초 중고 아우르다 소설 카르페디엠 생각나다,26,5,2021,9,2,positive,0,0,0,0,0,0,0,0,0,0,0,0,0,0,0,1,0,0,0,0,0,0,0,0,0,0,0,0,0,0
4.0,2021-08-16,"좀 유치한가 싶었지만, 몇몇 에피소드는 눈물이 ㅜ 다 읽기도 전에 이미 2권 구매함..",좀 유치하다 몇몇 에피소드 눈물 전 2 권 함,48,13,2021,8,0,positive,0,0,0,0,0,0,0,0,0,0,0,0,0,0,0,0,0,0,0,0,0,0,0,0,0,0,0,0,0,0
4.0,2021-07-07,잘받았습니다감사합니다,받다 감사하다,11,1,2021,7,2,positive,0,0,0,0,0,0,0,0,0,1,0,0,0,0,0,0,0,0,0,0,0,0,0,0,0,0,0,0,0,0
4.0,2021-07-07,아직 읽지 못했어요. 제목의 호기심? 재미 있을듯해서 그만ㅋㅋ,제목 호기심 재미,34,8,2021,7,2,positive,0,0,0,0,0,0,0,0,0,0,0,0,0,0,0,0,0,0,0,0,0,0,0,1,0,0,0,0,0,0
4.0,2021-06-24,내용이 재미있어 금방 다 읽었어요~,내용 재미있다 금방,19,5,2021,6,3,positive,0,0,0,0,0,1,0,0,0,0,0,0,0,0,0,0,0,0,0,0,0,0,0,0,1,0,0,0,0,0
4.0,2021-06-07,꿈은 쓸모없는 거라 생각했던 내 생각을 완전히 바꾸어준 신선한 변화를 준 책!,꿈 쓸모없다 거 생각 내 생각 완전하다 바꾸다 준 신선하다 변화 준,43,12,2021,6,0,positive,0,0,0,0,0,0,0,0,0,0,0,0,0,2,0,0,0,0,1,0,0,0,0,0,0,0,0,0,0,0
4.0,2021-05-27,어른들을 위한 동화,어른 위 동화,10,3,2021,5,3,positive,0,0,0,0,0,0,1,0,0,0,0,0,0,0,0,0,0,0,0,0,0,0,0,0,0,0,0,0,0,0
4.0,2021-05-25,큰딸아이가 재미있다고 하네요,큰딸 아이 재미있다,15,3,2021,5,1,positive,0,0,0,0,0,0,0,0,0,0,0,0,0,0,0,0,0,0,0,1,0,0,0,0,1,0,0,0,0,0
4.0,2021-05-24,평온해지는 이야기  재미있게 읽었어요.,평온하다 이야기 재미있다,21,4,2021,5,0,positive,0,0,0,0,0,0,0,0,0,0,0,0,0,0,0,0,0,0,0,0,1,0,0,0,1,0,0,0,0,0
4.0,2021-04-17,잘 봤네요,자다,5,2,2021,4,5,positive,0,0,0,0,0,0,0,0,0,0,0,0,0,0,0,0,0,0,0,0,0,0,1,0,0,0,0,0,0,0
4.0,2021-04-14,무난하게 잘 봤습니다,무난 자다,11,3,2021,4,2,positive,0,0,0,0,0,0,0,0,0,0,0,0,0,0,0,0,0,0,0,0,0,0,1,0,0,0,0,0,0,0
4.0,2021-04-11,가독성짱~~!  재미 200배,가독성 재미 200 배,16,3,2021,4,6,positive,0,0,0,0,0,0,0,0,0,0,0,0,0,0,0,0,0,0,0,0,0,0,0,1,0,0,0,0,0,0
4.0,2021-04-10,"기발한 상상력, 유머와 위로!",기발하다 상상력 유머 위로,16,4,2021,4,5,positive,0,0,0,0,0,0,0,0,0,0,0,0,1,0,0,0,0,0,0,0,0,0,0,0,0,0,0,0,0,0
4.0,2021-04-08,잘 받았어요~  재밌을 것 같아요,자다 받다 재밌다,18,5,2021,4,3,positive,0,0,0,0,0,0,0,0,0,1,0,0,0,0,0,0,0,0,0,0,0,0,1,0,0,1,0,0,0,0
4.0,2021-02-05,꿈을 사고 판다는 설정이 독특하고 신선하다.,꿈 사고 판다 설정 독특하다 신선하다,24,6,2021,2,4,positive,0,0,0,0,0,0,0,0,0,0,0,0,0,0,0,0,0,0,1,0,0,0,0,0,0,0,0,0,0,0
4.0,2021-02-04,연휴에 몰아읽으려고 구매했습니다!,연휴 몰다,18,3,2021,2,3,positive,0,0,0,0,0,0,0,0,0,0,0,0,0,0,0,0,0,0,0,0,0,0,0,0,0,0,0,0,0,0
4.0,2021-01-25,한 편의 동화같은 이야기. 왠지 겨울분위기와 어울리는 책,편의 동화 이야기 겨울 분위기 어울리다,31,8,2021,1,0,positive,0,0,0,0,0,0,1,0,0,0,0,0,0,0,0,0,0,0,0,0,1,0,0,0,0,0,0,0,0,0
4.0,2021-01-20,재밌게 잘 봤습니당,재밌다 자다 습 니당다,10,3,2021,1,2,positive,0,0,0,0,0,0,0,0,0,0,0,0,0,0,0,0,0,0,0,0,0,0,1,0,0,1,0,0,0,0
4.0,2020-12-30,꿈 백화점이라는 설정이 특이해서 책을 읽자마자 그 자리에서 다 읽어버렸다,꿈 백화점 설정 특이하다 자리 버리다,40,10,2020,12,2,positive,0,0,0,0,0,0,0,0,0,0,1,0,0,0,0,0,0,0,0,0,0,0,0,0,0,0,0,0,0,0
4.0,2020-10-24,표지만 봐도 꿈이 이루어 질 것 같네요...,표지 꿈 이루다 질,24,7,2020,10,5,positive,0,0,0,0,0,0,0,0,0,0,0,0,0,0,0,0,0,0,0,0,0,0,0,0,0,0,0,0,0,0
4.0,2020-10-17,재밌어요!!!!,재밌다,8,1,2020,10,5,positive,0,0,0,0,0,0,0,0,0,0,0,0,0,0,0,0,0,0,0,0,0,0,0,0,0,1,0,0,0,0
4.0,2020-08-20,좀 찍혀서 구겨져서 와서 별하나뺍니다 재밌게 볼게요!,좀 찍히다 구기다 오다 별하나 빼다 재밌다,29,7,2020,8,3,positive,0,0,0,0,0,0,0,0,0,0,0,0,0,0,0,0,0,0,0,0,0,0,0,0,0,1,0,0,0,0
3.0,2021-08-10,마음이 왠지 따뜻해지는..,마음 따뜻하다,14,3,2021,8,1,neutral,0,0,0,0,0,0,0,1,1,0,0,0,0,0,0,0,0,0,0,0,0,0,0,0,0,0,0,0,0,0
3.0,2021-08-06,마지막까지 읽어야하는 책이네요. 꿈은 소중하니까.,마지막 야하다 요 꿈 소중하다,27,5,2021,8,4,neutral,0,0,0,0,0,0,0,0,0,0,0,0,0,0,0,0,0,0,0,0,0,0,0,0,0,0,0,0,0,0
3.0,2021-07-31,꿈에 대한 이야기 전개가 신선하네요. 진부하거나 유치할 수도 있는 모티브를 오묘하게 풀었네,꿈 대한 이야기 전개 신선하다 진부하다 유치하다 수도 모티브 오묘하다 풀다,50,12,2021,7,5,neutral,0,0,0,0,0,0,0,0,0,0,0,0,0,0,0,0,0,0,1,0,1,0,0,0,0,0,0,0,0,0
3.0,2021-05-27,어른이 읽는 동화같은 소설,어른 동화 소설,14,4,2021,5,3,neutral,0,0,0,0,0,0,1,0,0,0,0,0,0,0,0,1,0,0,0,0,0,0,0,0,0,0,0,0,0,0
3.0,2021-05-14,보고싶던 책이었어요,,10,2,2021,5,4,neutral,0,0,0,0,0,0,0,0,0,0,0,0,0,0,0,0,0,0,0,0,0,0,0,0,0,0,0,0,0,0
3.0,2021-04-11,청소년에게 추천합니다,청소년 추천,11,2,2021,4,6,neutral,0,0,0,0,0,0,0,0,0,0,0,0,0,0,0,0,0,0,0,0,0,0,0,0,0,0,0,0,1,0
3.0,2021-04-10,끝맺음이 아쉽네요. 색다른 맛이 있는 동화책,끝 맺다 아쉽다 색다르다 맛 동화책,24,6,2021,4,5,neutral,0,0,0,0,0,0,0,0,0,0,0,0,0,0,0,0,0,0,0,0,0,0,0,0,0,0,0,0,0,0
3.0,2021-04-07,책 내용은 되게 다양했는데 저는 그렇게 재미가 있다고는 느끼진 못해서 아쉬운 책이였습니다ㅠ,내용 다양하다 재미 아쉽다,50,12,2021,4,2,neutral,0,0,0,0,0,1,0,0,0,0,0,0,0,0,0,0,0,0,0,0,0,0,0,1,0,0,0,0,0,0
3.0,2021-03-20,운도 맞아야 하나 부나,운 맞다 하나 부,12,4,2021,3,5,neutral,0,0,0,0,0,0,0,0,0,0,0,0,0,0,0,0,0,0,0,0,0,0,0,0,0,0,0,0,0,0
3.0,2021-03-15,가볍게 읽기 좋은 책,가볍다 좋다,11,4,2021,3,0,neutral,0,1,0,0,0,0,0,0,0,0,0,0,0,0,0,0,0,0,0,0,0,0,0,0,0,0,1,0,0,0
3.0,2021-02-06,상상력은 뛰어나지만 기억에 남는 것은 없는. 자극은 다채롭고 다양하지만 깊이는 없는.,상상력 뛰어나다 기억 남다 자극 채 다양하다 깊이,47,11,2021,2,5,neutral,0,0,0,0,0,0,0,0,0,0,0,0,1,0,0,0,0,0,0,0,0,0,0,0,0,0,0,0,0,0
3.0,2021-01-02,"베스트셀러라 기대를 했던 건지, 저는 좀 아쉬웠어요. 그래도 영화로 만들면 좋겠다 싶어요.",베스트셀러 기대 건지다 좀 아쉽다 영화로 만들다 좋다,50,12,2021,1,5,neutral,0,0,0,1,0,0,0,0,0,0,0,1,0,0,0,0,0,0,0,0,0,0,0,0,0,0,1,0,0,0
3.0,2020-12-11,동화같은이야기,동화 이야기,7,1,2020,12,4,neutral,0,0,0,0,0,0,1,0,0,0,0,0,0,0,0,0,0,0,0,0,1,0,0,0,0,0,0,0,0,0
3.0,2020-12-11,자주 언급되길래 궁금해서 구매,자주 언급 궁금하다,16,4,2020,12,4,neutral,0,0,0,0,0,0,0,0,0,0,0,0,0,0,0,0,0,0,0,0,0,0,0,0,0,0,0,0,0,0
3.0,2020-12-03,아직 읽고 있는데 속독이라 많이 와 닿지 않아요...그래도 완돋해보렵니다,속독 오다 닿다 완돋해보렵니,40,9,2020,12,3,neutral,0,0,0,0,0,0,0,0,0,0,0,0,0,0,0,0,0,0,0,0,0,0,0,0,0,0,0,0,0,0
3.0,2020-11-25,꿈속에서만 존재하는 마을이라...그곳 사람들은 계속 자고 있다는 건가?,꿈속 존재 마을 곳 사람 계속 자고 건가,39,8,2020,11,2,neutral,0,0,0,0,0,0,0,0,0,0,0,0,0,0,0,0,0,0,0,0,0,0,0,0,0,0,0,0,0,0
2.0,2021-07-18,인기가 너무 많아 궁금해 구입했습니다. 제 취향은 아니네요,인기 많다 궁금하다 구입 제 취향,32,8,2021,7,6,negative,0,0,0,0,0,0,0,0,0,0,0,0,0,0,0,0,0,0,0,0,0,0,0,0,0,0,0,0,0,0
5.0,2024-03-31,좋습니다,좋다,4,1,2024,3,6,positive,0,0,0,0,0,0,0,0,0,0,0,0,0,0,0,0,0,0,0,0,0,0,0,0,0,0,1,0,0,0
5.0,2024-02-12,잘읽었습니다,,6,1,2024,2,0,positive,0,0,0,0,0,0,0,0,0,0,0,0,0,0,0,0,0,0,0,0,0,0,0,0,0,0,0,0,0,0
5.0,2024-01-28,몽환적인 분위기의 책!,몽환 분위기,12,3,2024,1,6,positive,0,0,0,0,0,0,0,0,0,0,0,0,0,0,0,0,0,0,0,0,0,0,0,0,0,0,0,0,0,0
5.0,2023-11-14,간만에 재미있게 봤어요,간만 재미있다,12,3,2023,11,1,positive,0,0,0,0,0,0,0,0,0,0,0,0,0,0,0,0,0,0,0,0,0,0,0,0,1,0,0,0,0,0
5.0,2023-11-04,몰입해서 계속 보게됩니다~,몰입 계속,14,3,2023,11,5,positive,0,0,0,0,0,0,0,0,0,0,0,0,0,0,0,0,0,0,0,0,0,0,0,0,0,0,0,0,0,0
5.0,2023-11-03,그럭저럭,,4,1,2023,11,4,positive,0,0,0,0,0,0,0,0,0,0,0,0,0,0,0,0,0,0,0,0,0,0,0,0,0,0,0,0,0,0
5.0,2023-10-10,나도 가고 싶은 꿈 백화점,나다 가다 꿈 백화점,14,5,2023,10,1,positive,1,0,0,0,0,0,0,0,0,0,1,0,0,0,0,0,0,0,0,0,0,0,0,0,0,0,0,0,0,0
5.0,2023-09-19,재미있어요.,재미있다,6,1,2023,9,1,positive,0,0,0,0,0,0,0,0,0,0,0,0,0,0,0,0,0,0,0,0,0,0,0,0,1,0,0,0,0,0
5.0,2023-09-18,꿀잼,꿀잼,2,1,2023,9,0,positive,0,0,0,0,0,0,0,0,0,0,0,0,0,0,0,0,0,0,0,0,0,0,0,0,0,0,0,0,0,0
5.0,2023-09-13,최고입니다,최고,5,1,2023,9,2,positive,0,0,0,0,0,0,0,0,0,0,0,0,0,0,0,0,0,0,0,0,0,0,0,0,0,0,0,0,0,0
5.0,2023-08-25,"정말이지, 완벽한 하루야.",완벽하다 하루,14,3,2023,8,4,positive,0,0,0,0,0,0,0,0,0,0,0,0,0,0,0,0,0,0,0,0,0,0,0,0,0,0,0,0,0,0
5.0,2023-08-24,잘 일었습니다,자다,7,2,2023,8,3,positive,0,0,0,0,0,0,0,0,0,0,0,0,0,0,0,0,0,0,0,0,0,0,1,0,0,0,0,0,0,0
5.0,2023-06-30,내용도 좋고 감동적이였습니다.,내용 좋다 감동 적다,16,3,2023,6,4,positive,0,0,1,0,0,1,0,0,0,0,0,0,0,0,0,0,0,0,0,0,0,0,0,0,0,0,1,0,0,0
5.0,2023-06-04,"너무나 재미있게 잘 읽었고요, 초등 고학년 아이도 재밌다고 합니다",재미있다 자다 초등 고학년 아이 재밌다,36,9,2023,6,6,positive,0,0,0,0,0,0,0,0,0,0,0,0,0,0,0,0,0,0,0,1,0,0,1,0,1,1,0,0,0,0
5.0,2023-06-02,우연히 눈에 띈 책. 아직 읽어 보진 않았지만 기대됩니다.,눈 띄다 기대,32,9,2023,6,4,positive,0,0,0,1,0,0,0,0,0,0,0,0,0,0,0,0,0,0,0,0,0,0,0,0,0,0,0,0,0,0
5.0,2023-05-29,추천이 많아서 소설 2000원 교환권 주길래 사봤는데 재밌게 잘 봤어요,추천 많다 소설 200원 교환 주다 사보다 재밌다 자다,39,10,2023,5,0,positive,0,0,0,0,0,0,0,0,0,0,0,0,0,0,0,1,0,0,0,0,0,0,1,0,0,1,0,0,1,0
5.0,2023-05-29,재미있어요,재미있다,5,1,2023,5,0,positive,0,0,0,0,0,0,0,0,0,0,0,0,0,0,0,0,0,0,0,0,0,0,0,0,1,0,0,0,0,0
5.0,2023-05-25,술술 읽혀서 무방비상태로 읽다가 눈물 주륵주륵,술술 읽히다 무방비 상태 눈물,25,6,2023,5,3,positive,0,0,0,0,0,0,0,0,0,0,0,0,0,0,0,0,0,0,0,0,0,1,0,0,0,0,0,0,0,0
5.0,2023-05-22,정말 무의식 속의 이야기 같아요 ㅎㅎ 놀라면서 재밌게 읽었습니다,무의식 속 이야기 놀라다 재밌다,35,9,2023,5,0,positive,0,0,0,0,0,0,0,0,0,0,0,0,0,0,0,0,0,0,0,0,1,0,0,0,0,1,0,0,0,0
5.0,2023-05-11,아직 읽진 않았지만 재밌다고 하니 기대됩니다.,재밌다 하니 기대,25,6,2023,5,3,positive,0,0,0,1,0,0,0,0,0,0,0,0,0,0,0,0,0,0,0,0,0,0,0,0,0,1,0,0,0,0
5.0,2023-05-01,재밌어요!,재밌다,5,1,2023,5,0,positive,0,0,0,0,0,0,0,0,0,0,0,0,0,0,0,0,0,0,0,0,0,0,0,0,0,1,0,0,0,0
5.0,2023-04-26,좋아요 추천합니다,좋다 추천,9,2,2023,4,2,positive,0,0,0,0,0,0,0,0,0,0,0,0,0,0,0,0,0,0,0,0,0,0,0,0,0,0,1,0,1,0
5.0,2023-04-18,꿈에 대한 생각을 바꿔준 책. 밤에 잠 안 와서 읽다가 밤 새서 한 번에 다 읽음,꿈 대한 생각 바꾸다 준 밤 잠 안 오다 밤 새다 번,45,16,2023,4,1,positive,0,0,0,0,0,0,0,0,0,0,0,0,0,1,0,0,0,0,0,0,0,0,0,0,0,0,0,0,0,0
5.0,2023-04-15,이 책을 읽는 동안 시간이 가는 줄 몰랐다.,동안 시간 가다 줄 모르다,24,8,2023,4,5,positive,1,0,0,0,0,0,0,0,0,0,0,0,0,0,0,0,0,1,0,0,0,0,0,0,0,0,0,0,0,0
5.0,2023-04-05,너무 좋은 내용이네요,좋다 용이,11,3,2023,4,2,positive,0,0,0,0,0,0,0,0,0,0,0,0,0,0,0,0,0,0,0,0,0,0,0,0,0,0,1,0,0,0
5.0,2023-03-12,"몽글몽글 귀여운, 힐링이 되는 소설이었습니다.",귀엽다 힐링 소설,25,5,2023,3,6,positive,0,0,0,0,0,0,0,0,0,0,0,0,0,0,0,1,0,0,0,0,0,0,0,0,0,0,0,0,0,0
5.0,2023-02-06,.,,1,1,2023,2,0,positive,0,0,0,0,0,0,0,0,0,0,0,0,0,0,0,0,0,0,0,0,0,0,0,0,0,0,0,0,0,0
5.0,2023-02-06,피곤하다고만 느끼게 했던 꿈에 대한 새로운 시각을 가지게 해준다 .,피곤하다 꿈 대한 새롭다 시각 가지 해주다,37,10,2023,2,0,positive,0,0,0,0,0,0,0,0,0,0,0,0,0,0,0,0,0,0,0,0,0,0,0,0,0,0,0,0,0,0
5.0,2023-02-03,너무 재밌다,재밌다,6,2,2023,2,4,positive,0,0,0,0,0,0,0,0,0,0,0,0,0,0,0,0,0,0,0,0,0,0,0,0,0,1,0,0,0,0
5.0,2023-01-22,재미있어요,재미있다,5,1,2023,1,6,positive,0,0,0,0,0,0,0,0,0,0,0,0,0,0,0,0,0,0,0,0,0,0,0,0,1,0,0,0,0,0
5.0,2023-01-20,표지에 반한 책,표지 반한,8,3,2023,1,4,positive,0,0,0,0,0,0,0,0,0,0,0,0,0,0,0,0,0,0,0,0,0,0,0,0,0,0,0,0,0,0
5.0,2023-01-09,재밌어요,재밌다,4,1,2023,1,0,positive,0,0,0,0,0,0,0,0,0,0,0,0,0,0,0,0,0,0,0,0,0,0,0,0,0,1,0,0,0,0
5.0,2022-12-31,제목부터 저를 끌어당겨서 읽개됐는데 시간가는줄 모르고 읽었습니다.,제목 끌어당기다 개 돼다 시간 가다 모르다,36,7,2022,12,5,positive,1,0,0,0,0,0,0,0,0,0,0,0,0,0,0,0,0,1,0,0,0,0,0,0,0,0,0,0,0,0
5.0,2022-12-19,재밌을거 같아서 주문했는데 시간가는줄 모르고 읽었어요~ 술술 넘어가는 책이었습니다~,재밌다 주문 시간 가다 모르다 술술 넘어가다,46,9,2022,12,0,positive,1,0,0,0,0,0,0,0,0,0,0,0,0,0,0,0,0,1,0,0,0,0,0,0,0,1,0,1,0,0
5.0,2022-12-18,좋아요,좋다,3,1,2022,12,6,positive,0,0,0,0,0,0,0,0,0,0,0,0,0,0,0,0,0,0,0,0,0,0,0,0,0,0,1,0,0,0
5.0,2022-12-12,"꿈속에서 느끼는 것 들, 깨어나면 어느샌가 잊어버리는 것들을  잘 표현해주었어요.",꿈속 깨어나다 어느새다 잊어버리다 자다 표현 해주다,45,10,2022,12,0,positive,0,0,0,0,0,0,0,0,0,0,0,0,0,0,0,0,0,0,0,0,0,0,1,0,0,0,0,0,0,0
5.0,2022-12-10,울고 웃으며 읽었어요. 크리스마스와 잘 어울리는 책이라서 선물하려고 또 주문했습니다.,울 웃다 크리스마스 자다 어울리다 선물 또 주문,47,10,2022,12,5,positive,0,0,0,0,0,0,0,0,0,0,0,0,0,0,1,0,0,0,0,0,0,0,1,0,0,0,0,1,0,0
5.0,2022-11-29,굿,굿,1,1,2022,11,1,positive,0,0,0,0,0,0,0,0,0,0,0,0,0,0,0,0,0,0,0,0,0,0,0,0,0,0,0,0,0,0
5.0,2022-11-26,재미있었어요!,재미있다,7,1,2022,11,5,positive,0,0,0,0,0,0,0,0,0,0,0,0,0,0,0,0,0,0,0,0,0,0,0,0,1,0,0,0,0,0
5.0,2022-11-23,출근길에 읽었는데 꿈꾸러 가고 싶어지는 책,출근길 꿈꾸다 가다,23,6,2022,11,2,positive,1,0,0,0,0,0,0,0,0,0,0,0,0,0,0,0,0,0,0,0,0,0,0,0,0,0,0,0,0,0
5.0,2022-11-21,394 페이지 동안 행복하고 신기한 꿈을 꿨습니다,394 페이지 동안 행복하다 신기하다 꿈 끄다,27,7,2022,11,0,positive,0,0,0,0,0,0,0,0,0,0,0,0,0,0,0,0,0,0,0,0,0,0,0,0,0,0,0,0,0,0
5.0,2022-11-18,잘 읽었습니다.,자다,8,2,2022,11,4,positive,0,0,0,0,0,0,0,0,0,0,0,0,0,0,0,0,0,0,0,0,0,0,1,0,0,0,0,0,0,0
5.0,2022-11-16,꿈이라는 내용으로 이루어진 이 책은 나에게 많은 깨달음을 주었다.,꿈 내용 이루어지다 나 많다 깨달음 주다,36,9,2022,11,2,positive,0,0,0,0,0,1,0,0,0,0,0,0,0,0,0,0,0,0,0,0,0,0,0,0,0,0,0,0,0,0
5.0,2022-11-16,추천합니다,추천,5,1,2022,11,2,positive,0,0,0,0,0,0,0,0,0,0,0,0,0,0,0,0,0,0,0,0,0,0,0,0,0,0,0,0,1,0
5.0,2022-10-22,등장인물들의 이름은 어렵고 헷갈리지만 재밌게 잘 읽었습니다.,등장인물 이름 어렵다 헷갈리다 재밌다 자다,33,7,2022,10,5,positive,0,0,0,0,0,0,0,0,0,0,0,0,0,0,0,0,0,0,0,0,0,0,1,0,0,1,0,0,0,0
5.0,2022-10-22,여행중에 읽으려고 구입했습니다 읽으면서 공감이되는 부분이 많았습니다,여행 구입 공감 부분 많다,37,7,2022,10,5,positive,0,0,0,0,0,0,0,0,0,0,0,0,0,0,0,0,0,0,0,0,0,0,0,0,0,0,0,0,0,0
5.0,2022-10-18,재미있게 봤어요 2편도 곧 읽으려구요,재미있다 2 편도 곧 구,20,5,2022,10,1,positive,0,0,0,0,0,0,0,0,0,0,0,0,0,0,0,0,0,0,0,0,0,0,0,0,1,0,0,0,0,0
5.0,2022-10-16,재밌다고 하네요 추천합니다,재밌다 추천,14,3,2022,10,6,positive,0,0,0,0,0,0,0,0,0,0,0,0,0,0,0,0,0,0,0,0,0,0,0,0,0,1,0,0,1,0
5.0,2022-10-15,잘 읽을게요.,자다,7,2,2022,10,5,positive,0,0,0,0,0,0,0,0,0,0,0,0,0,0,0,0,0,0,0,0,0,0,1,0,0,0,0,0,0,0
5.0,2022-10-01,생각하게 하는 좋은 책,생각 좋다,12,4,2022,10,5,positive,0,0,0,0,0,0,0,0,0,0,0,0,0,1,0,0,0,0,0,0,0,0,0,0,0,0,1,0,0,0
5.0,2022-09-29,잘봤습니다,,5,1,2022,9,3,positive,0,0,0,0,0,0,0,0,0,0,0,0,0,0,0,0,0,0,0,0,0,0,0,0,0,0,0,0,0,0
5.0,2022-09-27,재미 있었어요,재미,7,2,2022,9,1,positive,0,0,0,0,0,0,0,0,0,0,0,0,0,0,0,0,0,0,0,0,0,0,0,1,0,0,0,0,0,0
5.0,2022-09-19,잘 읽었습니다,자다,7,2,2022,9,0,positive,0,0,0,0,0,0,0,0,0,0,0,0,0,0,0,0,0,0,0,0,0,0,1,0,0,0,0,0,0,0
5.0,2022-08-30,건조했던 삶에 단비같은 책이였습니다.,건조하다 삶 단비,20,4,2022,8,1,positive,0,0,0,0,0,0,0,0,0,0,0,0,0,0,0,0,0,0,0,0,0,0,0,0,0,0,0,0,0,0
5.0,2022-08-29,큰애가 도서관에서 전에 읽었는데 학교에서 이걸로 수업해서 구입했어요,크다 애가 도서관 전 학교 걸 수업 구입,37,8,2022,8,0,positive,0,0,0,0,0,0,0,0,0,0,0,0,0,0,0,0,0,0,0,0,0,0,0,0,0,0,0,0,0,0
5.0,2022-08-28,꿈백화점이 있다면 문지방 닳게 드나들거에요. VVIP가 될때까지.,꿈 백화점 문지방 닳다 드나들다 가다 때,36,7,2022,8,6,positive,1,0,0,0,0,0,0,0,0,0,1,0,0,0,0,0,0,0,0,0,0,0,0,0,0,0,0,0,0,0
5.0,2022-08-25,재밌어요,재밌다,4,1,2022,8,3,positive,0,0,0,0,0,0,0,0,0,0,0,0,0,0,0,0,0,0,0,0,0,0,0,0,0,1,0,0,0,0
5.0,2022-08-25,재밌어요,재밌다,4,1,2022,8,3,positive,0,0,0,0,0,0,0,0,0,0,0,0,0,0,0,0,0,0,0,0,0,0,0,0,0,1,0,0,0,0
5.0,2022-08-22,재밌게 잘봤어요,재밌다,8,2,2022,8,0,positive,0,0,0,0,0,0,0,0,0,0,0,0,0,0,0,0,0,0,0,0,0,0,0,0,0,1,0,0,0,0
5.0,2022-08-17,마지막에 살짝 울컥,마지막 살짝,10,3,2022,8,2,positive,0,0,0,0,0,0,0,0,0,0,0,0,0,0,0,0,0,0,0,0,0,0,0,0,0,0,0,0,0,0
5.0,2022-08-17,내용은 잘 모르겠지만 초등딸아이가 사달라고해서 구매했습니다 어린이들 읽어도 되는 거겠죠?,내용 자다 모르다 초등 딸아이 달라 고해 어린이 거 겠다,49,10,2022,8,2,positive,0,0,0,0,0,1,0,0,0,0,0,0,0,0,0,0,0,0,0,0,0,0,1,0,0,0,0,0,0,0
5.0,2022-08-15,꿈속에서몽글몽글,꿈속,8,1,2022,8,0,positive,0,0,0,0,0,0,0,0,0,0,0,0,0,0,0,0,0,0,0,0,0,0,0,0,0,0,0,0,0,0
5.0,2022-08-15,새롭다... 진짜 정말 재밌어요,새롭다 진짜 재밌다,17,4,2022,8,0,positive,0,0,0,0,0,0,0,0,0,0,0,0,0,0,0,0,0,0,0,0,0,0,0,0,0,1,0,0,0,0
5.0,2022-08-13,상상력에 감탄했어요.,상상력 감탄,11,2,2022,8,5,positive,0,0,0,0,0,0,0,0,0,0,0,0,1,0,0,0,0,0,0,0,0,0,0,0,0,0,0,0,0,0
5.0,2022-08-12,겨울에 읽으면 더 좋을 것 같은 따뜻한 분위기의 책. 즐겁게 읽었습니다,겨울 좋다 따뜻하다 분위기 즐겁다,39,11,2022,8,4,positive,0,0,0,0,0,0,0,1,0,0,0,0,0,0,0,0,0,0,0,0,0,0,0,0,0,0,1,0,0,0
5.0,2022-08-11,참 좋은 책 입니다,차다 좋다,10,4,2022,8,3,positive,0,0,0,0,0,0,0,0,0,0,0,0,0,0,0,0,0,0,0,0,0,0,0,0,0,0,1,0,0,0
5.0,2022-08-10,잘봤습니다,,5,1,2022,8,2,positive,0,0,0,0,0,0,0,0,0,0,0,0,0,0,0,0,0,0,0,0,0,0,0,0,0,0,0,0,0,0
5.0,2022-08-10,유명한 소설이길래 도전해봤습니다,유명하다 소설 이기다 도전 해봤다,17,3,2022,8,2,positive,0,0,0,0,0,0,0,0,0,0,0,0,0,0,0,1,0,0,0,0,0,0,0,0,0,0,0,0,0,0
5.0,2022-08-08,중간에 지루한 부분이 있어 읽다가 며칠동안 안 읽었지만 다시 읽었다. 재밌었다!,중간 지루하다 부분 며칠 동안 안 다시 재밌다,44,11,2022,8,0,positive,0,0,0,0,0,0,0,0,0,0,0,0,0,0,0,0,0,0,0,0,0,0,0,0,0,1,0,0,0,0
5.0,2022-08-06,짱재밌당,재밌다,4,1,2022,8,5,positive,0,0,0,0,0,0,0,0,0,0,0,0,0,0,0,0,0,0,0,0,0,0,0,0,0,1,0,0,0,0
5.0,2022-08-03,재미있게 읽고 있어요,재미있다,11,3,2022,8,2,positive,0,0,0,0,0,0,0,0,0,0,0,0,0,0,0,0,0,0,0,0,0,0,0,0,1,0,0,0,0,0
5.0,2022-07-28,자는 것을 좋아하는 이유를 찾았다,자다 좋아하다 이유 찾다,18,5,2022,7,3,positive,0,0,0,0,0,0,0,0,0,0,0,0,0,0,0,0,0,0,0,0,0,0,1,0,0,0,0,0,0,0
5.0,2022-07-27,잘 읽었습니다.,자다,8,2,2022,7,2,positive,0,0,0,0,0,0,0,0,0,0,0,0,0,0,0,0,0,0,0,0,0,0,1,0,0,0,0,0,0,0
5.0,2022-07-16,너무 재미있어서 순식간에 다읽고 2권까지 읽기 시작합니다,재미있다 순식간 2 권 시작,31,7,2022,7,5,positive,0,0,0,0,0,0,0,0,0,0,0,0,0,0,0,0,0,0,0,0,0,0,0,0,1,0,0,0,0,0
5.0,2022-07-10,괜찮아요,괜찮다,4,1,2022,7,6,positive,0,0,0,0,0,0,0,0,0,0,0,0,0,0,0,0,0,0,0,0,0,0,0,0,0,0,0,0,0,0
5.0,2022-07-09,재미있어요,재미있다,5,1,2022,7,5,positive,0,0,0,0,0,0,0,0,0,0,0,0,0,0,0,0,0,0,0,0,0,0,0,0,1,0,0,0,0,0
5.0,2022-07-06,재밌어여,재밌다,4,1,2022,7,2,positive,0,0,0,0,0,0,0,0,0,0,0,0,0,0,0,0,0,0,0,0,0,0,0,0,0,1,0,0,0,0
5.0,2022-07-06,재밌어요,재밌다,4,1,2022,7,2,positive,0,0,0,0,0,0,0,0,0,0,0,0,0,0,0,0,0,0,0,0,0,0,0,0,0,1,0,0,0,0
5.0,2022-07-05,"유명한데는 이유가 있었네요, 너무 재미있게 잘 읽었어요! 추천합니다~",유명하다 이유 재미있다 자다 추천,38,8,2022,7,1,positive,0,0,0,0,0,0,0,0,0,0,0,0,0,0,0,0,0,0,0,0,0,0,1,0,1,0,0,0,1,0
5.0,2022-07-04,굿굿,굿굿,2,1,2022,7,0,positive,0,0,0,0,0,0,0,0,0,0,0,0,0,0,0,0,0,0,0,0,0,0,0,0,0,0,0,0,0,0
5.0,2022-06-24,"좋은 책, 잘 봤습니다~",좋다 자다,13,4,2022,6,4,positive,0,0,0,0,0,0,0,0,0,0,0,0,0,0,0,0,0,0,0,0,0,0,1,0,0,0,1,0,0,0
5.0,2022-06-08,잘봤어요,,4,1,2022,6,2,positive,0,0,0,0,0,0,0,0,0,0,0,0,0,0,0,0,0,0,0,0,0,0,0,0,0,0,0,0,0,0
5.0,2022-06-08,잘 읽겠습니다,자다,7,2,2022,6,2,positive,0,0,0,0,0,0,0,0,0,0,0,0,0,0,0,0,0,0,0,0,0,0,1,0,0,0,0,0,0,0
5.0,2022-06-08,좋은 책 입니다,좋다,8,3,2022,6,2,positive,0,0,0,0,0,0,0,0,0,0,0,0,0,0,0,0,0,0,0,0,0,0,0,0,0,0,1,0,0,0
5.0,2022-06-02,어른들이 필수로 읽어야하는 동화책,어른 필수 야하다 동화책,18,4,2022,6,3,positive,0,0,0,0,0,0,0,0,0,0,0,0,0,0,0,0,0,0,0,0,0,0,0,0,0,0,0,0,0,0
5.0,2022-06-01,☆☆☆☆☆,,5,1,2022,6,2,positive,0,0,0,0,0,0,0,0,0,0,0,0,0,0,0,0,0,0,0,0,0,0,0,0,0,0,0,0,0,0
5.0,2022-05-25,좋아요,좋다,3,1,2022,5,2,positive,0,0,0,0,0,0,0,0,0,0,0,0,0,0,0,0,0,0,0,0,0,0,0,0,0,0,1,0,0,0
5.0,2022-05-25,재밌게잘읽었습니다.,재밌다,10,1,2022,5,2,positive,0,0,0,0,0,0,0,0,0,0,0,0,0,0,0,0,0,0,0,0,0,0,0,0,0,1,0,0,0,0
5.0,2022-05-18,재밌게 읽었어요~,재밌다,9,2,2022,5,2,positive,0,0,0,0,0,0,0,0,0,0,0,0,0,0,0,0,0,0,0,0,0,0,0,0,0,1,0,0,0,0
5.0,2022-05-16,몰입감도 좋고 재미있는 주제라 재미있게 읽었음,몰입 감다 좋다 재미있다 주제 재미있다,25,6,2022,5,0,positive,0,0,0,0,0,0,0,0,0,0,0,0,0,0,0,0,0,0,0,0,0,0,0,0,2,0,1,0,0,0
5.0,2022-05-14,재밌어요. 2권은 언제 나올까요?,재밌다 2 권 언제 요,18,4,2022,5,5,positive,0,0,0,0,0,0,0,0,0,0,0,0,0,0,0,0,0,0,0,0,0,0,0,0,0,1,0,0,0,0
5.0,2022-05-13,재밌습니다,재밌다,5,1,2022,5,4,positive,0,0,0,0,0,0,0,0,0,0,0,0,0,0,0,0,0,0,0,0,0,0,0,0,0,1,0,0,0,0
5.0,2022-05-10,진짜 시간 가는 줄 모르고 집중해서 읽어버렸어요....,진짜 시간 가다 줄 모르다 집중 버리다,30,7,2022,5,1,positive,1,0,0,0,0,0,0,0,0,0,0,0,0,0,0,0,0,1,0,0,0,0,0,0,0,0,0,0,0,0
5.0,2022-05-02,너무 재미있습니다,재미있다,9,2,2022,5,0,positive,0,0,0,0,0,0,0,0,0,0,0,0,0,0,0,0,0,0,0,0,0,0,0,0,1,0,0,0,0,0
5.0,2022-04-30,만족스러운 소설이었다 참신,만족스럽다 소설 참신,14,3,2022,4,5,positive,0,0,0,0,0,0,0,0,0,0,0,0,0,0,0,1,0,0,0,0,0,0,0,0,0,0,0,0,0,0
5.0,2022-04-30,판타지와 꿈의 대화의 오묘한 경계를 넘나드는 감동 소설,판타지 꿈 대화 오묘하다 경계 넘다 감동 소설,30,8,2022,4,5,positive,0,0,1,0,0,0,0,0,0,0,0,0,0,0,0,1,0,0,0,0,0,0,0,0,0,0,0,0,0,0
5.0,2022-04-27,너무 재밌게 읽었어요. 아이디어가 너무 좋아요,재밌다 아이디어 좋다,25,6,2022,4,2,positive,0,0,0,0,0,0,0,0,0,0,0,0,0,0,0,0,0,0,0,0,0,0,0,0,0,1,1,0,0,0
5.0,2022-04-26,기발한 아이디어! 잼있어요,기발하다 아이디어 재다,14,3,2022,4,1,positive,0,0,0,0,0,0,0,0,0,0,0,0,0,0,0,0,0,0,0,0,0,0,0,0,0,0,0,0,0,0
5.0,2022-04-24,소재가 독특하고 재밌네요,소재 독특하다 재밌다,13,3,2022,4,6,positive,0,0,0,0,0,0,0,0,0,0,0,0,0,0,0,0,1,0,0,0,0,0,0,0,0,1,0,0,0,0
5.0,2022-04-24,너무 재미있게 읽었어요,재미있다,12,3,2022,4,6,positive,0,0,0,0,0,0,0,0,0,0,0,0,0,0,0,0,0,0,0,0,0,0,0,0,1,0,0,0,0,0
5.0,2022-04-20,훈훈한 느낌의 이야기라서 힐링이 됩니다.,훈훈하다 이야기 힐링,22,5,2022,4,2,positive,0,0,0,0,0,0,0,0,0,0,0,0,0,0,0,0,0,0,0,0,1,0,0,0,0,0,0,0,0,0
5.0,2022-04-20,좋아요,좋다,3,1,2022,4,2,positive,0,0,0,0,0,0,0,0,0,0,0,0,0,0,0,0,0,0,0,0,0,0,0,0,0,0,1,0,0,0
5.0,2022-04-18,잘읽었습니다,,6,1,2022,4,0,positive,0,0,0,0,0,0,0,0,0,0,0,0,0,0,0,0,0,0,0,0,0,0,0,0,0,0,0,0,0,0
5.0,2022-04-15,꿈에 대해 좀더 흥미롭게 바라볼수 있는 책이예요,꿈 대해 좀더 흥미롭다 바라보다,26,7,2022,4,4,positive,0,0,0,0,0,0,0,0,0,0,0,0,0,0,0,0,0,0,0,0,0,0,0,0,0,0,0,0,0,1
5.0,2022-04-12,유명한덴 이유가 있다,유명하다 덴 이유,11,3,2022,4,1,positive,0,0,0,0,0,0,0,0,0,0,0,0,0,0,0,0,0,0,0,0,0,0,0,0,0,0,0,0,0,0
5.0,2022-04-03,좋아요,좋다,3,1,2022,4,6,positive,0,0,0,0,0,0,0,0,0,0,0,0,0,0,0,0,0,0,0,0,0,0,0,0,0,0,1,0,0,0
5.0,2022-04-03,좋아요,좋다,3,1,2022,4,6,positive,0,0,0,0,0,0,0,0,0,0,0,0,0,0,0,0,0,0,0,0,0,0,0,0,0,0,1,0,0,0
5.0,2022-03-31,읽기 편하고 잔잔한 감동까지 있는 좋은 작품,편하다 잔잔하다 감동 좋다 작품,24,7,2022,3,3,positive,0,0,1,0,0,0,0,0,0,0,0,0,0,0,0,0,0,0,0,0,0,0,0,0,0,0,1,0,0,0
5.0,2022-03-29,너.무.좋.아.,너 무 좋다,8,1,2022,3,1,positive,0,0,0,0,0,0,0,0,0,0,0,0,0,0,0,0,0,0,0,0,0,0,0,0,0,0,1,0,0,0
5.0,2022-03-28,시간 가는 줄 모으고 읽었어요 재밌습니다,시간 가다 줄 모으다 재밌다,22,6,2022,3,0,positive,1,0,0,0,0,0,0,0,0,0,0,0,0,0,0,0,0,1,0,0,0,0,0,0,0,1,0,0,0,0
5.0,2022-03-28,이 책을 읽으면서 많은 위로를 받았고 많은 공감을 하게 되었습니다.,많다 위로 받다 많다 공감 되어다,37,10,2022,3,0,positive,0,0,0,0,0,0,0,0,0,1,0,0,0,0,0,0,0,0,0,0,0,0,0,0,0,0,0,0,0,0
5.0,2022-03-27,"기발한 상상력과 현실의 유기적인 조합, 탄탄하고 세심한 세계관, 사랑스럽고 신비로운 인물들",기발하다 상상력 현실 유기 조합 탄탄하다 세심 세계관 사랑스럽다 신비롭다 인물,50,11,2022,3,6,positive,0,0,0,0,0,0,0,0,0,0,0,0,1,0,0,0,0,0,0,0,0,0,0,0,0,0,0,0,0,0
5.0,2022-03-26,가볍게읽기좋아요,가볍다 좋다,8,1,2022,3,5,positive,0,1,0,0,0,0,0,0,0,0,0,0,0,0,0,0,0,0,0,0,0,0,0,0,0,0,1,0,0,0
5.0,2022-03-26,너무 좋아요. 작가님 좋은 글 감사드려요,좋다 작가 좋다 글 감사 드리다,22,6,2022,3,5,positive,0,0,0,0,0,0,0,0,0,0,0,0,0,0,0,0,0,0,0,0,0,0,0,0,0,0,2,0,0,0
5.0,2022-03-23,딸랑구가 꼭 읽어보고 싶다고 해서 주문했습니다,딸 구가 꼭 보고 주문,25,6,2022,3,2,positive,0,0,0,0,0,0,0,0,0,0,0,0,0,0,0,0,0,0,0,0,0,0,0,0,0,0,0,1,0,0
5.0,2022-03-20,꿈을 꾸는듯한 가볍게 읽기 좋은 책입니다.,꿈 꾸다 가볍다 좋다,23,6,2022,3,6,positive,0,1,0,0,1,0,0,0,0,0,0,0,0,0,0,0,0,0,0,0,0,0,0,0,0,0,1,0,0,0
5.0,2022-03-20,아이가 꼭 읽어 보고 싶다고 해서 주문했어요. 좋아하네요^^,아이 꼭 보고 주문 좋아하다,33,8,2022,3,6,positive,0,0,0,0,0,0,0,0,0,0,0,0,0,0,0,0,0,0,0,1,0,0,0,0,0,0,0,1,0,0
5.0,2022-03-20,잠자리에서 펼쳤는데 잠 못 들게 만드는 이야기,잠자리 펼치다 잠 못 만들다 이야기,25,7,2022,3,6,positive,0,0,0,0,0,0,0,0,0,0,0,0,0,0,0,0,0,0,0,0,1,0,0,0,0,0,0,0,0,0
5.0,2022-03-18,꿈에 대해 생각해보게 되고 흥미로웠어요,꿈 대해 생각 해보다 흥미롭다,21,5,2022,3,4,positive,0,0,0,0,0,0,0,0,0,0,0,0,0,1,0,0,0,0,0,0,0,0,0,0,0,0,0,0,0,1
5.0,2022-03-17,영화로 나왔으면 좋겠어요 ㅠㅠ 마음을 울리는 주옥같은 말들이 너무 많아요.,영화로 좋다 마음 울리다 주옥 말 많다,41,10,2022,3,3,positive,0,0,0,0,0,0,0,0,1,0,0,0,0,0,0,0,0,0,0,0,0,0,0,0,0,0,1,0,0,0
5.0,2022-03-16,재밌어요,재밌다,4,1,2022,3,2,positive,0,0,0,0,0,0,0,0,0,0,0,0,0,0,0,0,0,0,0,0,0,0,0,0,0,1,0,0,0,0
5.0,2022-03-16,재밌어요,재밌다,4,1,2022,3,2,positive,0,0,0,0,0,0,0,0,0,0,0,0,0,0,0,0,0,0,0,0,0,0,0,0,0,1,0,0,0,0
5.0,2022-03-15,재미있게 읽음,재미있다,7,2,2022,3,1,positive,0,0,0,0,0,0,0,0,0,0,0,0,0,0,0,0,0,0,0,0,0,0,0,0,1,0,0,0,0,0
5.0,2022-03-14,잘 보겠습니다,자다,7,2,2022,3,0,positive,0,0,0,0,0,0,0,0,0,0,0,0,0,0,0,0,0,0,0,0,0,0,1,0,0,0,0,0,0,0
5.0,2022-03-14,회사에서 점심시간마다 한두장이라도 꼭 읽었습니다. 정말재밌어요ㅎㅎ,회사 점심시간 장 꼭 재밌다,36,6,2022,3,0,positive,0,0,0,0,0,0,0,0,0,0,0,0,0,0,0,0,0,0,0,0,0,0,0,0,0,1,0,0,0,0
5.0,2022-03-14,잘 읽었어요.,자다,7,2,2022,3,0,positive,0,0,0,0,0,0,0,0,0,0,0,0,0,0,0,0,0,0,0,0,0,0,1,0,0,0,0,0,0,0
5.0,2022-03-14,오랜만에 홀린듯이 재밌게 읽은 책,만 홀린 듯이 재밌다,18,5,2022,3,0,positive,0,0,0,0,0,0,0,0,0,0,0,0,0,0,0,0,0,0,0,0,0,0,0,0,0,1,0,0,0,0
5.0,2022-03-12,꿈을 많이 꾸는 입장으로 정말 즐겁게 읽음. 중간중간 건네주는 위로는 마음을 따뜻하게 한다.,꿈 꾸다 입장 즐겁다 중간 중간 건네주다 위로 마음 따뜻하다,51,13,2022,3,5,positive,0,0,0,0,1,0,0,1,1,0,0,0,0,0,0,0,0,0,0,0,0,0,0,0,0,0,0,0,0,0
5.0,2022-03-11,"아이가 너무 읽고 싶어해서 1,2권 다 구매했는데 재밌다고 하네요",아이 12 권 재밌다,36,9,2022,3,4,positive,0,0,0,0,0,0,0,0,0,0,0,0,0,0,0,0,0,0,0,1,0,0,0,0,0,1,0,0,0,0
5.0,2022-03-11,기분좋아지는 책이었어요 ^^,기분 좋아지다,15,3,2022,3,4,positive,0,0,0,0,0,0,0,0,0,0,0,0,0,0,0,0,0,0,0,0,0,0,0,0,0,0,0,0,0,0
5.0,2022-03-06,흥미로운 소재 가볍게 읽기 좋아요~,흥미롭다 소재 가볍다 좋다,19,5,2022,3,6,positive,0,1,0,0,0,0,0,0,0,0,0,0,0,0,0,0,1,0,0,0,0,0,0,0,0,0,1,0,0,1
5.0,2022-03-03,아직 안 읽어봤는데 얼른 읽고싶네요,안 얼른,19,5,2022,3,3,positive,0,0,0,0,0,0,0,0,0,0,0,0,0,0,0,0,0,0,0,0,0,0,0,0,0,0,0,0,0,0
5.0,2022-02-28,오랜만에 소설을!,만 소설,9,2,2022,2,0,positive,0,0,0,0,0,0,0,0,0,0,0,0,0,0,0,1,0,0,0,0,0,0,0,0,0,0,0,0,0,0
5.0,2022-02-21,재미있게 읽었어요.,재미있다,10,2,2022,2,0,positive,0,0,0,0,0,0,0,0,0,0,0,0,0,0,0,0,0,0,0,0,0,0,0,0,1,0,0,0,0,0
5.0,2022-02-21,흥미로운 소재라서 너무 재밌게 읽혀요,흥미롭다 소재 재밌다 읽히다,20,5,2022,2,0,positive,0,0,0,0,0,0,0,0,0,0,0,0,0,0,0,0,1,0,0,0,0,1,0,0,0,1,0,0,0,1
5.0,2022-02-21,시간 가는줄도 모르고 읽은 재미있는 책,시간 가다 모르다 재미있다,21,6,2022,2,0,positive,1,0,0,0,0,0,0,0,0,0,0,0,0,0,0,0,0,1,0,0,0,0,0,0,1,0,0,0,0,0
5.0,2022-02-19,진짜 추천하고 싶은 책,진짜 추천,12,4,2022,2,5,positive,0,0,0,0,0,0,0,0,0,0,0,0,0,0,0,0,0,0,0,0,0,0,0,0,0,0,0,0,1,0
5.0,2022-02-18,달러구트 꿈 백화점,달러 구트 꿈 백화점,10,3,2022,2,4,positive,0,0,0,0,0,0,0,0,0,0,1,0,0,0,0,0,0,0,0,0,0,0,0,0,0,0,0,0,0,0
5.0,2022-02-14,소재도 신선하고 기분좋게 재밌어요.,소재 신선하다 기분 좋다 재밌다,19,4,2022,2,0,positive,0,0,0,0,0,0,0,0,0,0,0,0,0,0,0,0,1,0,1,0,0,0,0,0,0,1,1,0,0,0
5.0,2022-02-12,몰입이 너무 잘되는 책 ㅠㅠ,몰입,15,5,2022,2,5,positive,0,0,0,0,0,0,0,0,0,0,0,0,0,0,0,0,0,0,0,0,0,0,0,0,0,0,0,0,0,0
5.0,2022-02-10,꿈을 소재로하여 몽환적이지만 짜임새있는 구성이 인상적이었습니다.,꿈 소재 몽환 짜임새 구성 인상,35,6,2022,2,3,positive,0,0,0,0,0,0,0,0,0,0,0,0,0,0,0,0,1,0,0,0,0,0,0,0,0,0,0,0,0,0
5.0,2022-02-09,아이가 재미있어 하네요.,아이 재미있다,13,3,2022,2,2,positive,0,0,0,0,0,0,0,0,0,0,0,0,0,0,0,0,0,0,0,1,0,0,0,0,1,0,0,0,0,0
5.0,2022-02-07,잘 읽겠습니다,자다,7,2,2022,2,0,positive,0,0,0,0,0,0,0,0,0,0,0,0,0,0,0,0,0,0,0,0,0,0,1,0,0,0,0,0,0,0
5.0,2022-02-04,잘볼게요,,4,1,2022,2,4,positive,0,0,0,0,0,0,0,0,0,0,0,0,0,0,0,0,0,0,0,0,0,0,0,0,0,0,0,0,0,0
5.0,2022-02-02,진짜 재미있게 읽고 있는중이예요!!,진짜 재미있다 중이,19,4,2022,2,2,positive,0,0,0,0,0,0,0,0,0,0,0,0,0,0,0,0,0,0,0,0,0,0,0,0,1,0,0,0,0,0
5.0,2022-01-29,재밌다고해서 구매,재밌다 고해,9,2,2022,1,5,positive,0,0,0,0,0,0,0,0,0,0,0,0,0,0,0,0,0,0,0,0,0,0,0,0,0,1,0,0,0,0
5.0,2022-01-29,잘 읽었어요,자다,6,2,2022,1,5,positive,0,0,0,0,0,0,0,0,0,0,0,0,0,0,0,0,0,0,0,0,0,0,1,0,0,0,0,0,0,0
5.0,2022-01-28,재미있어요,재미있다,5,1,2022,1,4,positive,0,0,0,0,0,0,0,0,0,0,0,0,0,0,0,0,0,0,0,0,0,0,0,0,1,0,0,0,0,0
5.0,2022-01-22,어른과 아이 모두 가볍게 읽기 좋은 내용의 책입니다,어른 아이 모두 가볍다 좋다 내용,28,8,2022,1,5,positive,0,1,0,0,0,1,0,0,0,0,0,0,0,0,0,0,0,0,0,1,0,0,0,0,0,0,1,0,0,0
5.0,2022-01-21,동생한테 선물했는데 재밌게 읽었다네요^^,동생 선물 재밌다,22,4,2022,1,4,positive,0,0,0,0,0,0,0,0,0,0,0,0,0,0,1,0,0,0,0,0,0,0,0,0,0,1,0,0,0,0
5.0,2022-01-20,꿈에대한 이견을 일러주어 재밌네요,꿈 대한 이견 이르다 재밌다,18,4,2022,1,3,positive,0,0,0,0,0,0,0,0,0,0,0,0,0,0,0,0,0,0,0,0,0,0,0,0,0,1,0,0,0,0
5.0,2022-01-16,도사관에서 못구해서요,도 사관 못 구해 서요,11,2,2022,1,6,positive,0,0,0,0,0,0,0,0,0,0,0,0,0,0,0,0,0,0,0,0,0,0,0,0,0,0,0,0,0,0
5.0,2022-01-12,아이가 재미있게 읽었어요,아이 재미있다,13,3,2022,1,2,positive,0,0,0,0,0,0,0,0,0,0,0,0,0,0,0,0,0,0,0,1,0,0,0,0,1,0,0,0,0,0
5.0,2022-01-06,재밌어요,재밌다,4,1,2022,1,3,positive,0,0,0,0,0,0,0,0,0,0,0,0,0,0,0,0,0,0,0,0,0,0,0,0,0,1,0,0,0,0
5.0,2022-01-05,중학생 딸아이가 아주 재미있게 잘 읽었어요.,중학생 딸아이 아주 재미있다 자다,24,6,2022,1,2,positive,0,0,0,0,0,0,0,0,0,0,0,0,0,0,0,0,0,0,0,0,0,0,1,0,1,0,0,0,0,0
5.0,2022-01-03,재미있게 잘봤어요!!,재미있다,11,2,2022,1,0,positive,0,0,0,0,0,0,0,0,0,0,0,0,0,0,0,0,0,0,0,0,0,0,0,0,1,0,0,0,0,0
5.0,2022-01-03,영화보는것처럼 읽다보면 눈앞에 그려짐,영화 눈앞 그려지다,20,4,2022,1,0,positive,0,0,0,0,0,0,0,0,0,0,0,0,0,0,0,0,0,0,0,0,0,0,0,0,0,0,0,0,0,0
5.0,2022-01-02,재밌게 잘 읽었어요 ! 책 표지가 참 예쁘네요 ~,재밌다 자다 표지 차다 예쁘다,27,9,2022,1,6,positive,0,0,0,0,0,0,0,0,0,0,0,0,0,0,0,0,0,0,0,0,0,0,1,0,0,1,0,0,0,0
5.0,2022-01-02,"잔잔하게 마음을 울리는 책, 읽는 동안 꿈 같았던 책",잔잔하다 마음 울리다 동안 꿈,29,9,2022,1,6,positive,0,0,0,0,0,0,0,0,1,0,0,0,0,0,0,0,0,0,0,0,0,0,0,0,0,0,0,0,0,0
5.0,2022-01-01,아이들과 함께 읽으려고 샀어요,아이 사다,16,4,2022,1,5,positive,0,0,0,0,0,0,0,0,0,0,0,0,0,0,0,0,0,0,0,1,0,0,0,0,0,0,0,0,0,0
5.0,2021-12-30,너무 재미읽게 읽었습니다,재미,13,3,2021,12,3,positive,0,0,0,0,0,0,0,0,0,0,0,0,0,0,0,0,0,0,0,0,0,0,0,1,0,0,0,0,0,0
5.0,2021-12-26,딸에게 선물했어요,딸 선물,9,2,2021,12,6,positive,0,0,0,0,0,0,0,0,0,0,0,0,0,0,1,0,0,0,0,0,0,0,0,0,0,0,0,0,0,0
5.0,2021-12-24,재밌게 잘 읽었습니다,재밌다 자다,11,3,2021,12,4,positive,0,0,0,0,0,0,0,0,0,0,0,0,0,0,0,0,0,0,0,0,0,0,1,0,0,1,0,0,0,0
5.0,2021-12-23,재밌었어요~ 아들도 같이 읽었어요^^,재밌다 아들,20,4,2021,12,3,positive,0,0,0,0,0,0,0,0,0,0,0,0,0,0,0,0,0,0,0,0,0,0,0,0,0,1,0,0,0,0
5.0,2021-12-21,최고입니다!!!,최고,8,1,2021,12,1,positive,0,0,0,0,0,0,0,0,0,0,0,0,0,0,0,0,0,0,0,0,0,0,0,0,0,0,0,0,0,0
5.0,2021-12-20,잘 읽었습니다,자다,7,2,2021,12,0,positive,0,0,0,0,0,0,0,0,0,0,0,0,0,0,0,0,0,0,0,0,0,0,1,0,0,0,0,0,0,0
5.0,2021-12-19,자는시간이 기대되요!! 실제로 꿈백화점이있으면 좋겠고 너무너무너무 재밌어요!!!,자다 시간 기대다 요 실제 꿈 백화점 좋다 재밌다,44,7,2021,12,6,positive,0,0,0,0,0,0,0,0,0,0,1,0,0,0,0,0,0,1,0,0,0,0,1,0,0,1,1,0,0,0
5.0,2021-12-14,꿈을 잃어버린 이에게 추천해요,꿈 잃어버리다 추천,16,4,2021,12,1,positive,0,0,0,0,0,0,0,0,0,0,0,0,0,0,0,0,0,0,0,0,0,0,0,0,0,0,0,0,1,0
5.0,2021-12-10,재밌었습니다,재밌다,6,1,2021,12,4,positive,0,0,0,0,0,0,0,0,0,0,0,0,0,0,0,0,0,0,0,0,0,0,0,0,0,1,0,0,0,0
5.0,2021-12-09,잘 봤습니다,자다,6,2,2021,12,3,positive,0,0,0,0,0,0,0,0,0,0,0,0,0,0,0,0,0,0,0,0,0,0,1,0,0,0,0,0,0,0
5.0,2021-12-09,소장용으로 구매했습니다,장용,12,2,2021,12,3,positive,0,0,0,0,0,0,0,0,0,0,0,0,0,0,0,0,0,0,0,0,0,0,0,0,0,0,0,0,0,0
5.0,2021-12-07,아이들이 너무 재미있게 읽었어요. 진짜 베스트셀러,아이 재미있다 진짜 베스트셀러,27,6,2021,12,1,positive,0,0,0,0,0,0,0,0,0,0,0,1,0,0,0,0,0,0,0,1,0,0,0,0,1,0,0,0,0,0
5.0,2021-12-03,재미있어요,재미있다,5,1,2021,12,4,positive,0,0,0,0,0,0,0,0,0,0,0,0,0,0,0,0,0,0,0,0,0,0,0,0,1,0,0,0,0,0
5.0,2021-11-22,좋아요,좋다,3,1,2021,11,0,positive,0,0,0,0,0,0,0,0,0,0,0,0,0,0,0,0,0,0,0,0,0,0,0,0,0,0,1,0,0,0
5.0,2021-11-14,재밌게 잘 읽었어요:),재밌다 자다,12,3,2021,11,6,positive,0,0,0,0,0,0,0,0,0,0,0,0,0,0,0,0,0,0,0,0,0,0,1,0,0,1,0,0,0,0
5.0,2021-11-11,"흥미롭게,잼있게 잘 읽었습니다",흥미롭다 재다 자다,16,3,2021,11,3,positive,0,0,0,0,0,0,0,0,0,0,0,0,0,0,0,0,0,0,0,0,0,0,1,0,0,0,0,0,0,1
5.0,2021-11-09,5학년 기대이상으로 잘읽고 용돈으로  2권 사달라합니다. 2권 주문완료 ^^,5 학년 이상 용돈 2 권 달라 2 권 주문 완료,42,9,2021,11,1,positive,0,0,0,0,0,0,0,0,0,0,0,0,0,0,0,0,0,0,0,0,0,0,0,0,0,0,0,1,0,0
5.0,2021-11-09,6학년 아들이 재미있어하면 2권다 사달라고 조르네요!!,6 학년 아들 재미있다 2 권 달라 조르다,30,6,2021,11,1,positive,0,0,0,0,0,0,0,0,0,0,0,0,0,0,0,0,0,0,0,0,0,0,0,0,1,0,0,0,0,0
5.0,2021-11-09,아이를위해  주문했어요,아이 위해 주문,12,2,2021,11,1,positive,0,0,0,0,0,0,0,0,0,0,0,0,0,0,0,0,0,0,0,1,0,0,0,0,0,0,0,1,0,0
5.0,2021-11-09,재밌게 읽었다,재밌다,7,2,2021,11,1,positive,0,0,0,0,0,0,0,0,0,0,0,0,0,0,0,0,0,0,0,0,0,0,0,0,0,1,0,0,0,0
5.0,2021-11-07,아이가 좋아해요,아이 좋아하다,8,2,2021,11,6,positive,0,0,0,0,0,0,0,0,0,0,0,0,0,0,0,0,0,0,0,1,0,0,0,0,0,0,0,0,0,0
5.0,2021-11-07,재미있게 읽은 책입니다.,재미있다,13,3,2021,11,6,positive,0,0,0,0,0,0,0,0,0,0,0,0,0,0,0,0,0,0,0,0,0,0,0,0,1,0,0,0,0,0
5.0,2021-11-02,좋아요 선물하기 좋은 책이네요,좋다 선물 좋다 요,16,4,2021,11,1,positive,0,0,0,0,0,0,0,0,0,0,0,0,0,0,1,0,0,0,0,0,0,0,0,0,0,0,2,0,0,0
5.0,2021-10-31,어른도 읽는 동화,어른 동화,9,3,2021,10,6,positive,0,0,0,0,0,0,1,0,0,0,0,0,0,0,0,0,0,0,0,0,0,0,0,0,0,0,0,0,0,0
5.0,2021-10-31,마음을 움ㅈㄱ이는 책,마음 움,11,3,2021,10,6,positive,0,0,0,0,0,0,0,0,1,0,0,0,0,0,0,0,0,0,0,0,0,0,0,0,0,0,0,0,0,0
5.0,2021-10-27,재밌어요! 추천합니다,재밌다 추천,11,2,2021,10,2,positive,0,0,0,0,0,0,0,0,0,0,0,0,0,0,0,0,0,0,0,0,0,0,0,0,0,1,0,0,1,0
5.0,2021-10-20,잘 읽을게요,자다,6,2,2021,10,2,positive,0,0,0,0,0,0,0,0,0,0,0,0,0,0,0,0,0,0,0,0,0,0,1,0,0,0,0,0,0,0
5.0,2021-10-19,도움이 됩니다.,도움,8,2,2021,10,1,positive,0,0,0,0,0,0,0,0,0,0,0,0,0,0,0,0,0,0,0,0,0,0,0,0,0,0,0,0,0,0
5.0,2021-10-19,너무 재밌어서 금방 읽었어요~!,재밌다 금방,17,4,2021,10,1,positive,0,0,0,0,0,0,0,0,0,0,0,0,0,0,0,0,0,0,0,0,0,0,0,0,0,1,0,0,0,0
5.0,2021-10-17,너무 좋아요,좋다,6,2,2021,10,6,positive,0,0,0,0,0,0,0,0,0,0,0,0,0,0,0,0,0,0,0,0,0,0,0,0,0,0,1,0,0,0
5.0,2021-10-17,평이좋아 제가 볼려고 주문했는데 초등학교 아이가 먼저 읽고 재밌어하네요ㅎ,평이 좋다 제 주문 초등학교 아이 먼저 재밌다,40,9,2021,10,6,positive,0,0,0,0,0,0,0,0,0,0,0,0,0,0,0,0,0,0,0,1,0,0,0,0,0,1,1,1,0,0
5.0,2021-10-17,즐겁게 후루룩 읽을 수 있는 책입니다,즐겁다 후루룩,20,6,2021,10,6,positive,0,0,0,0,0,0,0,0,0,0,0,0,0,0,0,0,0,0,0,0,0,0,0,0,0,0,0,0,0,0
5.0,2021-10-17,몽글몽글한 내용이라 상상하면서 읽다보니 금방 읽네요 좋아요,몽글몽글하다 내용 상상 금방 좋다,32,7,2021,10,6,positive,0,0,0,0,0,1,0,0,0,0,0,0,0,0,0,0,0,0,0,0,0,0,0,0,0,0,1,0,0,0
5.0,2021-10-16,아이가 읽고싶다고 고른책 ㅎ하루에 읽었네요,아이 고르다 하루,23,5,2021,10,5,positive,0,0,0,0,0,0,0,0,0,0,0,0,0,0,0,0,0,0,0,1,0,0,0,0,0,0,0,0,0,0
5.0,2021-10-14,꿈을 소재로 또 다른 삶과 세계를 보여주는 내용이 너무 신선하고 좋았습니다,꿈 소재 또 다른 삶 세계 보여주다 내용 신선하다 좋다,41,11,2021,10,3,positive,0,0,0,0,0,1,0,0,0,0,0,0,0,0,0,0,1,0,1,0,0,0,0,0,0,0,1,0,0,0
5.0,2021-10-14,좋아요,좋다,3,1,2021,10,3,positive,0,0,0,0,0,0,0,0,0,0,0,0,0,0,0,0,0,0,0,0,0,0,0,0,0,0,1,0,0,0
5.0,2021-10-06,초등5학년 아이가 재미있게 잘보내요. 다음편도 구매예정입니다.,초등 5 학년 아이 재미있다 보내다 다음 편도 예정,34,6,2021,10,2,positive,0,0,0,0,0,0,0,0,0,0,0,0,0,0,0,0,0,0,0,1,0,0,0,0,1,0,0,0,0,0
5.0,2021-10-05,잘 읽었습니다,자다,7,2,2021,10,1,positive,0,0,0,0,0,0,0,0,0,0,0,0,0,0,0,0,0,0,0,0,0,0,1,0,0,0,0,0,0,0
5.0,2021-10-05,좋아요~,좋다,4,1,2021,10,1,positive,0,0,0,0,0,0,0,0,0,0,0,0,0,0,0,0,0,0,0,0,0,0,0,0,0,0,1,0,0,0
5.0,2021-10-03,재밌게 읽었어요~,재밌다,9,2,2021,10,6,positive,0,0,0,0,0,0,0,0,0,0,0,0,0,0,0,0,0,0,0,0,0,0,0,0,0,1,0,0,0,0
5.0,2021-10-02,재밌게 봤어요. 뒷이야기가 궁금해서 빨리 읽어지는 책입니다,재밌다 뒷이야기 궁금하다,32,7,2021,10,5,positive,0,0,0,0,0,0,0,0,0,0,0,0,0,0,0,0,0,0,0,0,0,0,0,0,0,1,0,0,0,0
5.0,2021-09-29,가슴 따뜻한 어른들의 동화,가슴 따뜻하다 어른 동화,14,4,2021,9,2,positive,0,0,0,0,0,0,1,1,0,0,0,0,0,0,0,0,0,0,0,0,0,0,0,0,0,0,0,0,0,0
5.0,2021-09-28,추천드립니다.,추천 드리다,7,1,2021,9,1,positive,0,0,0,0,0,0,0,0,0,0,0,0,0,0,0,0,0,0,0,0,0,0,0,0,0,0,0,0,1,0
5.0,2021-09-26,재밌어용,재밌다,4,1,2021,9,6,positive,0,0,0,0,0,0,0,0,0,0,0,0,0,0,0,0,0,0,0,0,0,0,0,0,0,1,0,0,0,0
5.0,2021-09-24,재밌습니다.,재밌다,6,1,2021,9,4,positive,0,0,0,0,0,0,0,0,0,0,0,0,0,0,0,0,0,0,0,0,0,0,0,0,0,1,0,0,0,0
5.0,2021-09-20,재미난 작품입니다.,재미 작품,10,2,2021,9,0,positive,0,0,0,0,0,0,0,0,0,0,0,0,0,0,0,0,0,0,0,0,0,0,0,1,0,0,0,0,0,0
5.0,2021-09-18,넘 재미있어요,넘다 재미있다,7,2,2021,9,5,positive,0,0,0,0,0,0,0,0,0,0,0,0,0,0,0,0,0,0,0,0,0,0,0,0,1,0,0,0,0,0
5.0,2021-09-14,아이를 위해 샀으나 내가 더 푹 빠진 책,아이 위해 사다 내 푹 빠지다,22,8,2021,9,1,positive,0,0,0,0,0,0,0,0,0,0,0,0,0,0,0,0,0,0,0,1,0,0,0,0,0,0,0,0,0,0
5.0,2021-09-13,정말 재밌게 읽었습니다. 저도 꿈백화점에 여러번 갔다왔겠죠?,재밌다 꿈 백화점 번 가다 오다,33,7,2021,9,0,positive,1,0,0,0,0,0,0,0,0,0,1,0,0,0,0,0,0,0,0,0,0,0,0,0,0,1,0,0,0,0
5.0,2021-09-11,재밌고 따뜻하게 읽었어요,재밌다 따뜻하다,13,3,2021,9,5,positive,0,0,0,0,0,0,0,1,0,0,0,0,0,0,0,0,0,0,0,0,0,0,0,0,0,1,0,0,0,0
5.0,2021-09-11,아이들과 같이 읽으려고 주문했어요^^,아이 주문,20,4,2021,9,5,positive,0,0,0,0,0,0,0,0,0,0,0,0,0,0,0,0,0,0,0,1,0,0,0,0,0,0,0,1,0,0
5.0,2021-09-11,맛있는 사탕을 하나씩 까먹는 느낌..,맛있다 사탕 하나 까먹다,20,5,2021,9,5,positive,0,0,0,0,0,0,0,0,0,0,0,0,0,0,0,0,0,0,0,0,0,0,0,0,0,0,0,0,0,0
5.0,2021-09-09,가볍게 읽기 좋음. 기분 좋아지는 이야기.,가볍다 좋다 기분 좋아지다 이야기,23,6,2021,9,3,positive,0,1,0,0,0,0,0,0,0,0,0,0,0,0,0,0,0,0,0,0,1,0,0,0,0,0,1,0,0,0
5.0,2021-09-08,재미있어요,재미있다,5,1,2021,9,2,positive,0,0,0,0,0,0,0,0,0,0,0,0,0,0,0,0,0,0,0,0,0,0,0,0,1,0,0,0,0,0
5.0,2021-09-08,이유있는 베스트셀러,이유 베스트셀러,10,2,2021,9,2,positive,0,0,0,0,0,0,0,0,0,0,0,1,0,0,0,0,0,0,0,0,0,0,0,0,0,0,0,0,0,0
5.0,2021-09-07,내용이 궁금해서 구입했어요,내용 궁금하다 구입,14,3,2021,9,1,positive,0,0,0,0,0,1,0,0,0,0,0,0,0,0,0,0,0,0,0,0,0,0,0,0,0,0,0,0,0,0
5.0,2021-09-04,선물하기 좋은 책이에요,선물 좋다,12,3,2021,9,5,positive,0,0,0,0,0,0,0,0,0,0,0,0,0,0,1,0,0,0,0,0,0,0,0,0,0,0,1,0,0,0
5.0,2021-09-01,없어져 버린 나의 동심을 되찾을 수 있었던 기회,없어지다 버리다 나 동심 되찾다 기회,26,8,2021,9,2,positive,0,0,0,0,0,0,0,0,0,0,0,0,0,0,0,0,0,0,0,0,0,0,0,0,0,0,0,0,0,0
5.0,2021-08-30,정말 재밌게 쉼없이 책장을 넘겨보며 읽었습니다. 상상력  풍부한 작가님의 센스가 돋보이는,재밌다 쉬다 책장 넘겨보다 상상력 풍부하다 작가 센스 돋보이다,49,11,2021,8,0,positive,0,0,0,0,0,0,0,0,0,0,0,0,1,0,0,0,0,0,0,0,0,0,0,0,0,1,0,0,0,0
5.0,2021-08-29,몽글몽글 따듯한 느낌이 좋네요. 어린 시절에 이 소설을 만났다면 너무나 좋아했을 것 같아요,따다 좋다 어리다 시절 소설 만나다 좋아하다,50,13,2021,8,6,positive,0,0,0,0,0,0,0,0,0,0,0,0,0,0,0,1,0,0,0,0,0,0,0,0,0,0,1,0,0,0
5.0,2021-08-27,꿈에서 꼭 가보고싶은 곳 :) 상상하며 읽는 재미가 있었어요 귀엽고 설레이는 책이었습니다,꿈 꼭 가보다 곳 상상 재미 귀엽다 설레다,49,12,2021,8,4,positive,0,0,0,0,0,0,0,0,0,0,0,0,0,0,0,0,0,0,0,0,0,0,0,1,0,0,0,0,0,0
5.0,2021-08-26,재밌어요,재밌다,4,1,2021,8,3,positive,0,0,0,0,0,0,0,0,0,0,0,0,0,0,0,0,0,0,0,0,0,0,0,0,0,1,0,0,0,0
5.0,2021-08-25,왜 인기가 많고 2가 나왓는지 알거 같다 상상력을 더해주는것만 같다,왜 인기 많다 2 가다 나왓는 알다 상상력 해주다,37,10,2021,8,2,positive,1,0,0,0,0,0,0,0,0,0,0,0,1,0,0,0,0,0,0,0,0,0,0,0,0,0,0,0,0,0
5.0,2021-08-25,행복한 꿈을 꾸고싶게 만든책.,행복하다 꿈 꾸다 만들다,16,4,2021,8,2,positive,0,0,0,0,1,0,0,0,0,0,0,0,0,0,0,0,0,0,0,0,0,0,0,0,0,0,0,0,0,0
5.0,2021-08-24,재밌어요! 2권도 구매하러 가야겠군요..,재밌다 2 권 가다,22,4,2021,8,1,positive,1,0,0,0,0,0,0,0,0,0,0,0,0,0,0,0,0,0,0,0,0,0,0,0,0,1,0,0,0,0
5.0,2021-08-22,상품 배송 가격대비 만족합니다.^^,상품 배송 가격 대비 만족하다,19,4,2021,8,6,positive,0,0,0,0,0,0,0,0,0,0,0,0,0,0,0,0,0,0,0,0,0,0,0,0,0,0,0,0,0,0
5.0,2021-08-21,기발하고 재밌어서 지인에게 선물로도 줬습니다.,기발하다 재밌다 지인 선물 도 주다,25,5,2021,8,5,positive,0,0,0,0,0,0,0,0,0,0,0,0,0,0,1,0,0,0,0,0,0,0,0,0,0,1,0,0,0,0
5.0,2021-08-20,배송이 빨리 와서 좋습니다.,배송 오다 좋다,15,4,2021,8,4,positive,0,0,0,0,0,0,0,0,0,0,0,0,0,0,0,0,0,0,0,0,0,0,0,0,0,0,1,0,0,0
5.0,2021-08-19,"재미있을꺼같아요  아직못읽….,근데책표지가오ㅐ다르지",재미있다 책표지 가오 다르다,28,2,2021,8,3,positive,0,0,0,0,0,0,0,0,0,0,0,0,0,0,0,0,0,0,0,0,0,0,0,0,1,0,0,0,0,0
5.0,2021-08-18,기대됩니다,기대,5,1,2021,8,2,positive,0,0,0,1,0,0,0,0,0,0,0,0,0,0,0,0,0,0,0,0,0,0,0,0,0,0,0,0,0,0
5.0,2021-08-16,잠을 자는 시간이 설레게 만들어주는 책,잠 자다 시간 설레다 만들다,21,6,2021,8,0,positive,0,0,0,0,0,0,0,0,0,0,0,0,0,0,0,0,0,1,0,0,0,0,1,0,0,0,0,0,0,0
5.0,2021-08-15,읽다보면 시간가는줄도 모르고 읽게되는 책 2권이 나왔다는 소식에 얼른 읽고 2권도 사야겠다,시간 가다 모르다 2 권 소식 얼른 2 권 사다,50,12,2021,8,6,positive,1,0,0,0,0,0,0,0,0,0,0,0,0,0,0,0,0,1,0,0,0,0,0,0,0,0,0,0,0,0
5.0,2021-08-14,정말 시간가는줄 모르고 읽었네요~,시간 가다 모르다,18,4,2021,8,5,positive,1,0,0,0,0,0,0,0,0,0,0,0,0,0,0,0,0,1,0,0,0,0,0,0,0,0,0,0,0,0
5.0,2021-08-12,재밌게 읽었어요~ 2편도 궁금하네요~^,재밌다 2 편도 궁금하다,21,4,2021,8,3,positive,0,0,0,0,0,0,0,0,0,0,0,0,0,0,0,0,0,0,0,0,0,0,0,0,0,1,0,0,0,0
5.0,2021-08-12,꿈에 대한 새로운 생각과 상상력을 발휘할수있는 좋은시간이였네요 2편도궁금하네요,꿈 대한 새롭다 생각 상상력 발휘 좋다 시간 2 편도 궁금하다,43,8,2021,8,3,positive,0,0,0,0,0,0,0,0,0,0,0,0,1,1,0,0,0,1,0,0,0,0,0,0,0,0,1,0,0,0
5.0,2021-08-11,잘봤습니다.!,,7,1,2021,8,2,positive,0,0,0,0,0,0,0,0,0,0,0,0,0,0,0,0,0,0,0,0,0,0,0,0,0,0,0,0,0,0
5.0,2021-08-08,서점에 갈 때마다 베스트셀러 코너에 있어서 읽었는데 그 이유를 알겠어요.,서점 갈다 때 베스트셀러 코너 이유 알다,40,10,2021,8,6,positive,0,0,0,0,0,0,0,0,0,0,0,1,0,0,0,0,0,0,0,0,0,0,0,0,0,0,0,0,0,0
5.0,2021-08-07,너무재미있어서 다시2권구매완료 읽고또읽고있습니다,재미있다 다시 2 권 완료 또,26,3,2021,8,5,positive,0,0,0,0,0,0,0,0,0,0,0,0,0,0,0,0,0,0,0,0,0,0,0,0,1,0,0,0,0,0
5.0,2021-08-05,재밌어요~,재밌다,5,1,2021,8,3,positive,0,0,0,0,0,0,0,0,0,0,0,0,0,0,0,0,0,0,0,0,0,0,0,0,0,1,0,0,0,0
5.0,2021-08-04,잘 읽겠습니다,자다,7,2,2021,8,2,positive,0,0,0,0,0,0,0,0,0,0,0,0,0,0,0,0,0,0,0,0,0,0,1,0,0,0,0,0,0,0
5.0,2021-08-04,판타지이지만 믿고싶은 세상이네요~ 마지막에 전 많이 울었습니다 .....,판타지 믿다 상이 마지막 전 울다,40,8,2021,8,2,positive,0,0,0,0,0,0,0,0,0,0,0,0,0,0,0,0,0,0,0,0,0,0,0,0,0,0,0,0,0,0
5.0,2021-08-04,너무너무 오래 핫한책이라 궁금합니다 2편도 벌써기대,핫 궁금하다 2 편도 벌써 기대,28,6,2021,8,2,positive,0,0,0,1,0,0,0,0,0,0,0,0,0,0,0,0,0,0,0,0,0,0,0,0,0,0,0,0,0,0
5.0,2021-08-03,재밌고 소재가 신선하고 꼭 영화 한편 보는  느낌 이네요  2권도 기대 됩니다,재밌다 소재 신선하다 꼭 영화 한편 2 권 기대,43,12,2021,8,1,positive,0,0,0,1,0,0,0,0,0,0,0,0,0,0,0,0,1,0,1,0,0,0,0,0,0,1,0,0,0,0
5.0,2021-08-03,아이들과 읽을려도 구매했네요,아이 려,15,3,2021,8,1,positive,0,0,0,0,0,0,0,0,0,0,0,0,0,0,0,0,0,0,0,1,0,0,0,0,0,0,0,0,0,0
5.0,2021-08-02,저도 달러구트 꿈 백화점에서 쇼핑하고 싶네요. 신비하고 잼났어요~,달러 구트 꿈 백화점 쇼핑 신비하다 잼 나다,36,8,2021,8,0,positive,0,0,0,0,0,0,0,0,0,0,1,0,0,0,0,0,0,0,0,0,0,0,0,0,0,0,0,0,0,0
5.0,2021-08-01,재밌게 잘 읽었습니다.,재밌다 자다,12,3,2021,8,6,positive,0,0,0,0,0,0,0,0,0,0,0,0,0,0,0,0,0,0,0,0,0,0,1,0,0,1,0,0,0,0
5.0,2021-08-01,재미 있으면서 힐링도 돼요.,재미 힐링 돼다,15,4,2021,8,6,positive,0,0,0,0,0,0,0,0,0,0,0,0,0,0,0,0,0,0,0,0,0,0,0,1,0,0,0,0,0,0
5.0,2021-07-30,그저 지나쳐 왔던 나의 꿈 속에서 소중한 의미를 되찾게 해주는 마법같은 책.,지나치다 오다 나 꿈 속 소중하다 의미 되찾다 해주다 마법,42,12,2021,7,4,positive,0,0,0,0,0,0,0,0,0,0,0,0,0,0,0,0,0,0,0,0,0,0,0,0,0,0,0,0,0,0
5.0,2021-07-30,딸아이의 주문요청. 딸아이의 후기에 의하면 참 잼나는 책이란다.2편도 주문 .좋은책인가보다,딸아이 주문 요청 딸아이 후기 의하다 차다 재다 2 편도 주문 좋다,50,10,2021,7,4,positive,0,0,0,0,0,0,0,0,0,0,0,0,0,0,0,0,0,0,0,0,0,0,0,0,0,0,1,2,0,0
5.0,2021-07-29,책 재밌고 흥미진진하네요. 가볍게 읽기 좋아요. 좋은 책 읽어서 기분이 매우 좋았답니다.,재밌다 흥미진진 가볍다 좋다 좋다 기분 매우 좋다,49,12,2021,7,3,positive,0,1,0,0,0,0,0,0,0,0,0,0,0,0,0,0,0,0,0,0,0,0,0,0,0,1,3,0,0,0
5.0,2021-07-27,좋아요,좋다,3,1,2021,7,1,positive,0,0,0,0,0,0,0,0,0,0,0,0,0,0,0,0,0,0,0,0,0,0,0,0,0,0,1,0,0,0
5.0,2021-07-27,너무너무 재미있었어요^^,재미있다,13,2,2021,7,1,positive,0,0,0,0,0,0,0,0,0,0,0,0,0,0,0,0,0,0,0,0,0,0,0,0,1,0,0,0,0,0
5.0,2021-07-27,"중3, 초6 아이 재미있게 잘읽었어요~",중 3 초 6 아이 재미있다,21,5,2021,7,1,positive,0,0,0,0,0,0,0,0,0,0,0,0,0,0,0,0,0,0,0,1,0,0,0,0,1,0,0,0,0,0
5.0,2021-07-26,꿈 백화점안에서 일어나는 이야기여서 그런지 자기전에 읽으면 더 재밌고 좋은거같아요~,꿈 백화점 안 일어나다 이야기 그렇다 자다 재밌다 좋다 거,46,10,2021,7,0,positive,0,0,0,0,0,0,0,0,0,0,1,0,0,0,0,0,0,0,0,0,1,0,1,0,0,1,1,0,0,0
5.0,2021-07-26,오랜만에 재밌는 책을 읽은것 같네요,만 재밌다,19,5,2021,7,0,positive,0,0,0,0,0,0,0,0,0,0,0,0,0,0,0,0,0,0,0,0,0,0,0,0,0,1,0,0,0,0
5.0,2021-07-26,오랜만에 잼있는 책이였어요^^,만 재다,16,3,2021,7,0,positive,0,0,0,0,0,0,0,0,0,0,0,0,0,0,0,0,0,0,0,0,0,0,0,0,0,0,0,0,0,0
5.0,2021-07-24,학교에서 추천 받아 구매했어요... 재미 있다는 데...,학교 추천 받다 재미 데,31,7,2021,7,5,positive,0,0,0,0,0,0,0,0,0,1,0,0,0,0,0,0,0,0,0,0,0,0,0,1,0,0,0,0,1,0
5.0,2021-07-23,역시나 재밌어요.  꿈을통해 인생을 보아요,역시 재밌다 꿈 통해 인생 보아,23,5,2021,7,4,positive,0,0,0,0,0,0,0,0,0,0,0,0,0,0,0,0,0,0,0,0,0,0,0,0,0,1,0,0,0,0
5.0,2021-07-23,신선한 발상에.. 잔잔한 스토리 재밌었어요,신선하다 발상 잔잔하다 스토리 재밌다,23,5,2021,7,4,positive,0,0,0,0,0,0,0,0,0,0,0,0,0,0,0,0,0,0,1,0,0,0,0,0,0,1,0,0,0,0
5.0,2021-07-21,나는 무슨 꿈을 꾸고 싶을까 생각해 봅니다. 추천해요~~,나 무슨 꿈 꾸다 생각 추천,31,8,2021,7,2,positive,0,0,0,0,1,0,0,0,0,0,0,0,0,1,0,0,0,0,0,0,0,0,0,0,0,0,0,0,1,0
5.0,2021-07-20,기발한 순간...꿈이었어요 행복한 꿈입니다^^,기발하다 순간 꾸다 행복하다 꿈,25,4,2021,7,1,positive,0,0,0,0,1,0,0,0,0,0,0,0,0,0,0,0,0,0,0,0,0,0,0,0,0,0,0,0,0,0
5.0,2021-07-20,제목부터 기대가 됩니다,제목 기대,12,3,2021,7,1,positive,0,0,0,1,0,0,0,0,0,0,0,0,0,0,0,0,0,0,0,0,0,0,0,0,0,0,0,0,0,0
5.0,2021-07-20,아이가 정말 재미있다고 하네요~  추전해요~,아이 재미있다 추 전해,24,5,2021,7,1,positive,0,0,0,0,0,0,0,0,0,0,0,0,0,0,0,0,0,0,0,1,0,0,0,0,1,0,0,0,0,0
5.0,2021-07-19,따뜻하고 좋은 생각이 들게 하는 책. 아이들이 읽어도 괜찮을 것 같아요,따뜻하다 좋다 생각 아이 괜찮다,39,11,2021,7,0,positive,0,0,0,0,0,0,0,1,0,0,0,0,0,1,0,0,0,0,0,1,0,0,0,0,0,0,1,0,0,0
5.0,2021-07-19,따뜻하고 좋은 생각이 들게 하는 책. 아이들이 읽어도 괜찮을 것 같아요,따뜻하다 좋다 생각 아이 괜찮다,39,11,2021,7,0,positive,0,0,0,0,0,0,0,1,0,0,0,0,0,1,0,0,0,0,0,1,0,0,0,0,0,0,1,0,0,0
5.0,2021-07-19,E북으로 읽고 소장하고 싶어서 주문했어요 ㅎㅎ 진짜 재밌게 읽어서 2편도 살거예요~|!!!,북 소장 주문 진짜 재밌다 2 편도 살다,50,11,2021,7,0,positive,0,0,0,0,0,0,0,0,0,0,0,0,0,0,0,0,0,0,0,0,0,0,0,0,0,1,0,1,0,0
5.0,2021-07-17,초등학생 아이도 너무 재밌다고하네요.,초등학생 아이 재밌다,20,4,2021,7,5,positive,0,0,0,0,0,0,0,0,0,0,0,0,0,0,0,0,0,0,0,1,0,0,0,0,0,1,0,0,0,0
5.0,2021-07-17,재밌다는 상품평으로 구매했습니다  기대됩니다,재밌다 상품 평 기대,24,4,2021,7,5,positive,0,0,0,1,0,0,0,0,0,0,0,0,0,0,0,0,0,0,0,0,0,0,0,0,0,1,0,0,0,0
5.0,2021-07-16,어린이들이 보는 소설인줄 알았는데 울림이 큰 책이네요,어린이 소설 줄 알다 울림 크다 요,29,7,2021,7,4,positive,0,0,0,0,0,0,0,0,0,0,0,0,0,0,0,1,0,0,0,0,0,0,0,0,0,0,0,0,0,0
5.0,2021-07-15,친구의 추천으로 읽게되었는데 재미있고 지루함없이 읽을수 있는 책이었어요!!,친구 추천 되어다 재미있다 지루함,41,8,2021,7,3,positive,0,0,0,0,0,0,0,0,0,0,0,0,0,0,0,0,0,0,0,0,0,0,0,0,1,0,0,0,1,0
5.0,2021-07-15,너무 재밌고 좋았어요!!!!,재밌다 좋다,15,3,2021,7,3,positive,0,0,0,0,0,0,0,0,0,0,0,0,0,0,0,0,0,0,0,0,0,0,0,0,0,1,1,0,0,0
5.0,2021-07-15,재미 있어요,재미,6,2,2021,7,3,positive,0,0,0,0,0,0,0,0,0,0,0,0,0,0,0,0,0,0,0,0,0,0,0,1,0,0,0,0,0,0
5.0,2021-07-15,당신이 꿈을 선택해 구매할 수 있다면 어떤 꿈을 가지고 싶은가요? 흥미로운 상상과 감동♡,당신 꿈 선택 어떻다 꿈 가지 흥미롭다 상상 감동,49,13,2021,7,3,positive,0,0,1,0,0,0,0,0,0,0,0,0,0,0,0,0,0,0,0,0,0,0,0,0,0,0,0,0,0,1
5.0,2021-07-14,너무 재미있게 본책이에요 초딩 과 중등 아이들이랑  함께 여러번읽었어요 !!  아이들이 좋,재미있다 초딩 과 중등 아이 번 아이 좋다,50,12,2021,7,2,positive,0,0,0,0,0,0,0,0,0,0,0,0,0,0,0,0,0,0,0,2,0,0,0,0,1,0,1,0,0,0
5.0,2021-07-13,진짜 재미있어요!!,진짜 재미있다,10,2,2021,7,1,positive,0,0,0,0,0,0,0,0,0,0,0,0,0,0,0,0,0,0,0,0,0,0,0,0,1,0,0,0,0,0
5.0,2021-07-12,잘 읽었어요,자다,6,2,2021,7,0,positive,0,0,0,0,0,0,0,0,0,0,0,0,0,0,0,0,0,0,0,0,0,0,1,0,0,0,0,0,0,0
5.0,2021-07-12,읽고 너무 재밌고 좋아서 친구에게도 선물했습니다,재밌다 좋다 친구 선물,26,6,2021,7,0,positive,0,0,0,0,0,0,0,0,0,0,0,0,0,0,1,0,0,0,0,0,0,0,0,0,0,1,1,0,0,0
5.0,2021-07-01,흥미로운 책,흥미롭다,6,2,2021,7,3,positive,0,0,0,0,0,0,0,0,0,0,0,0,0,0,0,0,0,0,0,0,0,0,0,0,0,0,0,0,0,1
5.0,2021-07-01,편하게 즐겁게 상상하며 읽었어요 동화읽는 느낌이었어요,편하다 즐겁다 상상 동화,29,6,2021,7,3,positive,0,0,0,0,0,0,1,0,0,0,0,0,0,0,0,0,0,0,0,0,0,0,0,0,0,0,0,0,0,0
5.0,2021-07-01,굿,굿,1,1,2021,7,3,positive,0,0,0,0,0,0,0,0,0,0,0,0,0,0,0,0,0,0,0,0,0,0,0,0,0,0,0,0,0,0
5.0,2021-06-30,상상하면서 읽으니깐 즐거웠어요,상상 즐겁다,16,3,2021,6,2,positive,0,0,0,0,0,0,0,0,0,0,0,0,0,0,0,0,0,0,0,0,0,0,0,0,0,0,0,0,0,0
5.0,2021-06-29,재밌게 읽었어요,재밌다,8,2,2021,6,1,positive,0,0,0,0,0,0,0,0,0,0,0,0,0,0,0,0,0,0,0,0,0,0,0,0,0,1,0,0,0,0
5.0,2021-06-26,딸이 너무 좋다고 하네요,딸 좋다,13,4,2021,6,5,positive,0,0,0,0,0,0,0,0,0,0,0,0,0,0,0,0,0,0,0,0,0,0,0,0,0,0,1,0,0,0
5.0,2021-06-26,재밌게 잘 읽었어요!,재밌다 자다,11,3,2021,6,5,positive,0,0,0,0,0,0,0,0,0,0,0,0,0,0,0,0,0,0,0,0,0,0,1,0,0,1,0,0,0,0
5.0,2021-06-26,추천해요,추천,4,1,2021,6,5,positive,0,0,0,0,0,0,0,0,0,0,0,0,0,0,0,0,0,0,0,0,0,0,0,0,0,0,0,0,1,0
5.0,2021-06-26,딸아이가 만족하며 읽었습니다 ^^,딸아이 만족하다,18,4,2021,6,5,positive,0,0,0,0,0,0,0,0,0,0,0,0,0,0,0,0,0,0,0,0,0,0,0,0,0,0,0,0,0,0
5.0,2021-06-23,기발한 상상력이 돋보이는 책..ㅋㅋ 나는 어떤 꿈을 주문하고 싶은건지 생각해 보게 되었음.,기발하다 상상력 돋보이다 나 어떻다 꿈 주문 건지다 생각 되어다,50,12,2021,6,2,positive,0,0,0,0,0,0,0,0,0,0,0,0,1,1,0,0,0,0,0,0,0,0,0,0,0,0,0,1,0,0
5.0,2021-06-21,재미있어요!,재미있다,6,1,2021,6,0,positive,0,0,0,0,0,0,0,0,0,0,0,0,0,0,0,0,0,0,0,0,0,0,0,0,1,0,0,0,0,0
5.0,2021-06-21,좋아요 추천합니다~~,좋다 추천,11,2,2021,6,0,positive,0,0,0,0,0,0,0,0,0,0,0,0,0,0,0,0,0,0,0,0,0,0,0,0,0,0,1,0,1,0
5.0,2021-06-20,어른들도 보고 마음 따뜻해지는 책이에요^^,어른 보고 마음 따뜻하다,23,5,2021,6,6,positive,0,0,0,0,0,0,0,1,1,0,0,0,0,0,0,0,0,0,0,0,0,0,0,0,0,0,0,0,0,0
5.0,2021-06-20,감명깊게 읽은 책입니다.,감명 깊다,13,3,2021,6,6,positive,0,0,0,0,0,0,0,0,0,0,0,0,0,0,0,0,0,0,0,0,0,0,0,0,0,0,0,0,0,0
5.0,2021-06-19,아이들과 돌려읽고 재밌다고 한 책!,아이 돌리다 재밌다,19,5,2021,6,5,positive,0,0,0,0,0,0,0,0,0,0,0,0,0,0,0,0,0,0,0,1,0,0,0,0,0,1,0,0,0,0
5.0,2021-06-19,잘 읽었습니다^^,자다,9,2,2021,6,5,positive,0,0,0,0,0,0,0,0,0,0,0,0,0,0,0,0,0,0,0,0,0,0,1,0,0,0,0,0,0,0
5.0,2021-06-18,재미있게 읽었습니다 ~추천합니다,재미있다 추천,17,3,2021,6,4,positive,0,0,0,0,0,0,0,0,0,0,0,0,0,0,0,0,0,0,0,0,0,0,0,0,1,0,0,0,1,0
5.0,2021-06-16,좋아요,좋다,3,1,2021,6,2,positive,0,0,0,0,0,0,0,0,0,0,0,0,0,0,0,0,0,0,0,0,0,0,0,0,0,0,1,0,0,0
5.0,2021-06-16,"힐링되는 책이었어요. 너무 좋았어요,",힐링 좋다,20,4,2021,6,2,positive,0,0,0,0,0,0,0,0,0,0,0,0,0,0,0,0,0,0,0,0,0,0,0,0,0,0,1,0,0,0
5.0,2021-06-15,유명해서 구매해봤어요,유명하다 해봤다,11,2,2021,6,1,positive,0,0,0,0,0,0,0,0,0,0,0,0,0,0,0,0,0,0,0,0,0,0,0,0,0,0,0,0,0,0
5.0,2021-04-06,받기전부터 벌써 기대됩니다.,받다 벌써 기대,15,3,2021,4,1,positive,0,0,0,1,0,0,0,0,0,1,0,0,0,0,0,0,0,0,0,0,0,0,0,0,0,0,0,0,0,0
5.0,2021-04-04,도서관 대기예약이 길어 구매완료,도서관 예약 길다 완료,17,4,2021,4,6,positive,0,0,0,0,0,0,0,0,0,0,0,0,0,0,0,0,0,0,0,0,0,0,0,0,0,0,0,0,0,0
5.0,2021-04-04,좋네요,좋다,3,1,2021,4,6,positive,0,0,0,0,0,0,0,0,0,0,0,0,0,0,0,0,0,0,0,0,0,0,0,0,0,0,1,0,0,0
5.0,2021-04-03,많은 생각응 하게 해주는책.,많다 생각 응 해주다,15,4,2021,4,5,positive,0,0,0,0,0,0,0,0,0,0,0,0,0,1,0,0,0,0,0,0,0,0,0,0,0,0,0,0,0,0
5.0,2021-04-03,흥미롭고 재밌어요~!,흥미 재밌다,11,2,2021,4,5,positive,0,0,0,0,0,0,0,0,0,0,0,0,0,0,0,0,0,0,0,0,0,0,0,0,0,1,0,0,0,0
5.0,2021-04-02,재밌어요,재밌다,4,1,2021,4,4,positive,0,0,0,0,0,0,0,0,0,0,0,0,0,0,0,0,0,0,0,0,0,0,0,0,0,1,0,0,0,0
5.0,2021-04-02,잠이라는 순간을 또 다른 내가 이어서 살아간다는 컨셉이 참신했습니다.,잠 순간 또 다른 내 살아가다 컨셉 참신하다,38,9,2021,4,4,positive,0,0,0,0,0,0,0,0,0,0,0,0,0,0,0,0,0,0,0,0,0,0,0,0,0,0,0,0,0,0
5.0,2021-03-30,기대가 됩ㄴ디아,기대 디아,8,2,2021,3,1,positive,0,0,0,1,0,0,0,0,0,0,0,0,0,0,0,0,0,0,0,0,0,0,0,0,0,0,0,0,0,0
5.0,2021-03-30,가볍게 읽기 좋아요,가볍다 좋다,10,3,2021,3,1,positive,0,1,0,0,0,0,0,0,0,0,0,0,0,0,0,0,0,0,0,0,0,0,0,0,0,0,1,0,0,0
5.0,2021-03-30,"5점으로는 부족한,읽지 않으면 후회할 책 입니다",5 점 부족하다 후회,26,6,2021,3,1,positive,0,0,0,0,0,0,0,0,0,0,0,0,0,0,0,0,0,0,0,0,0,0,0,0,0,0,0,0,0,0
5.0,2021-03-29,지치고 힘든 현실에서 벗어나고 싶을 때 읽으면 힐링입니다.,지치다 힘드다 현실 벗어나다 때 힐링,32,8,2021,3,0,positive,0,0,0,0,0,0,0,0,0,0,0,0,0,0,0,0,0,0,0,0,0,0,0,0,0,0,0,0,0,0
5.0,2021-03-29,따뜻한책,따뜻하다,4,1,2021,3,0,positive,0,0,0,0,0,0,0,1,0,0,0,0,0,0,0,0,0,0,0,0,0,0,0,0,0,0,0,0,0,0
5.0,2021-03-29,재미있네요!!,재미있다,7,1,2021,3,0,positive,0,0,0,0,0,0,0,0,0,0,0,0,0,0,0,0,0,0,0,0,0,0,0,0,1,0,0,0,0,0
5.0,2021-03-28,하루에 꿈을 2~3개씩 꿔서 스트레스를 받았는데 이책을 읽고 부터 꿈을 좀 편하게 꾸는 느,하루 꿈 23 개 꾸다 스트레스 받다 부터 꿈 좀 편하다 꾸다 느,50,14,2021,3,6,positive,0,0,0,0,2,0,0,0,0,1,0,0,0,0,0,0,0,0,0,0,0,0,0,0,0,0,0,0,0,0
5.0,2021-03-28,추천합니다,추천,5,1,2021,3,6,positive,0,0,0,0,0,0,0,0,0,0,0,0,0,0,0,0,0,0,0,0,0,0,0,0,0,0,0,0,1,0
5.0,2021-03-28,달러구트~ 꿈백화점. 재밌는 소재로  술술 읽히고 새로운 소재! 참신했어요~^^,달러 구트 꿈 백화점 재밌다 소재 술술 읽히다 새롭다 소재 참신하다,44,9,2021,3,6,positive,0,0,0,0,0,0,0,0,0,0,1,0,0,0,0,0,2,0,0,0,0,1,0,0,0,1,0,0,0,0
5.0,2021-03-28,중학생 아이 흥미있고 재밌었다고 하네요.,중학생 아이 흥미 재밌다,22,5,2021,3,6,positive,0,0,0,0,0,0,0,0,0,0,0,0,0,0,0,0,0,0,0,1,0,0,0,0,0,1,0,0,0,0
5.0,2021-03-28,초5아이가 재밌게 잘봐요 제가 보려고 산건데~~^^ 책 강추드립니다,초 5 아이 재밌다 제 사다 강추 드리다,37,8,2021,3,6,positive,0,0,0,0,0,0,0,0,0,0,0,0,0,0,0,0,0,0,0,1,0,0,0,0,0,1,0,0,0,0
5.0,2021-03-28,"아이 학교 필독도서라고, 수업시간에  필요하다고 해서 구매했어요~",아이 학교 필독 도서 수업 시간 필요하다,36,7,2021,3,6,positive,0,0,0,0,0,0,0,0,0,0,0,0,0,0,0,0,0,1,0,1,0,0,0,0,0,0,0,0,0,0
5.0,2021-03-27,재밌고 좋아요,재밌다 좋다,7,2,2021,3,5,positive,0,0,0,0,0,0,0,0,0,0,0,0,0,0,0,0,0,0,0,0,0,0,0,0,0,1,1,0,0,0
5.0,2021-03-27,재밌어요,재밌다,4,1,2021,3,5,positive,0,0,0,0,0,0,0,0,0,0,0,0,0,0,0,0,0,0,0,0,0,0,0,0,0,1,0,0,0,0
5.0,2021-03-26,재미있어요~,재미있다,6,1,2021,3,4,positive,0,0,0,0,0,0,0,0,0,0,0,0,0,0,0,0,0,0,0,0,0,0,0,0,1,0,0,0,0,0
5.0,2021-03-25,잘봤습니다,,5,1,2021,3,3,positive,0,0,0,0,0,0,0,0,0,0,0,0,0,0,0,0,0,0,0,0,0,0,0,0,0,0,0,0,0,0
5.0,2021-03-25,처음엔 이게뭐지? 하다가 ㅋㅋ 중1아이 정말재밌게 봤어요~,처음 게뭐 중 1 아이 재밌다,32,7,2021,3,3,positive,0,0,0,0,0,0,0,0,0,0,0,0,0,0,0,0,0,0,0,1,0,0,0,0,0,1,0,0,0,0
5.0,2021-03-23,아직 읽어보진 않았는데 배송 빠르네요^^,배송 빠르다,22,5,2021,3,1,positive,0,0,0,0,0,0,0,0,0,0,0,0,0,0,0,0,0,0,0,0,0,0,0,0,0,0,0,0,0,0
5.0,2021-03-23,꿈같은 이야기로 재밌게 읽었습니다.,꿈 이야기 재밌다,19,4,2021,3,1,positive,0,0,0,0,0,0,0,0,0,0,0,0,0,0,0,0,0,0,0,0,1,0,0,0,0,1,0,0,0,0
5.0,2021-03-22,잘 읽겠습니다!!,자다,9,2,2021,3,0,positive,0,0,0,0,0,0,0,0,0,0,0,0,0,0,0,0,0,0,0,0,0,0,1,0,0,0,0,0,0,0
5.0,2021-03-22,재밌네요,재밌다,4,1,2021,3,0,positive,0,0,0,0,0,0,0,0,0,0,0,0,0,0,0,0,0,0,0,0,0,0,0,0,0,1,0,0,0,0
5.0,2021-03-22,소재가 기발하고 내용도 흥미로웠습니다.,소재 기발하다 내용 흥미롭다,21,4,2021,3,0,positive,0,0,0,0,0,1,0,0,0,0,0,0,0,0,0,0,1,0,0,0,0,0,0,0,0,0,0,0,0,1
5.0,2021-03-21,술술 읽히네요  초6딸도  재밌다고  같이  읽었어요^^,술술 읽히다 초 6 딸도 재밌다,31,6,2021,3,6,positive,0,0,0,0,0,0,0,0,0,0,0,0,0,0,0,0,0,0,0,0,0,1,0,0,0,1,0,0,0,0
5.0,2021-03-20,순식간에 읽히네요 정말 재밌게 잘 읽었습니다.,순식간 읽히다 재밌다 자다,25,6,2021,3,5,positive,0,0,0,0,0,0,0,0,0,0,0,0,0,0,0,0,0,0,0,0,0,1,1,0,0,1,0,0,0,0
5.0,2021-03-19,기대하고 보기 시작했습니다,기대하다 보기 시작,14,3,2021,3,4,positive,0,0,0,0,0,0,0,0,0,0,0,0,0,0,0,0,0,0,0,0,0,0,0,0,0,0,0,0,0,0
5.0,2021-03-19,기대중!!!,대중,6,1,2021,3,4,positive,0,0,0,0,0,0,0,0,0,0,0,0,0,0,0,0,0,0,0,0,0,0,0,0,0,0,0,0,0,0
5.0,2021-03-19,쓱쓱 읽혀요 그리고 재미있어요,쓱쓱 읽히다 재미있다,16,4,2021,3,4,positive,0,0,0,0,0,0,0,0,0,0,0,0,0,0,0,0,0,0,0,0,0,1,0,0,1,0,0,0,0,0
5.0,2021-03-18,너무 짧은거 같아요. 오랜만에 너무나 재밌고 너무나 감동적인 책을 읽어서 행복했어요,짧다 만 재밌다 감동 행복하다,46,11,2021,3,3,positive,0,0,1,0,0,0,0,0,0,0,0,0,0,0,0,0,0,0,0,0,0,0,0,0,0,1,0,0,0,0
5.0,2021-03-18,하 너무재미있어요,재미있다,9,2,2021,3,3,positive,0,0,0,0,0,0,0,0,0,0,0,0,0,0,0,0,0,0,0,0,0,0,0,0,1,0,0,0,0,0
5.0,2021-03-18,판타지 재미있어요,판타지 재미있다,9,2,2021,3,3,positive,0,0,0,0,0,0,0,0,0,0,0,0,0,0,0,0,0,0,0,0,0,0,0,0,1,0,0,0,0,0
5.0,2021-03-18,술술 읽히고 재밌어용,술술 읽히다 재밌다,11,3,2021,3,3,positive,0,0,0,0,0,0,0,0,0,0,0,0,0,0,0,0,0,0,0,0,0,1,0,0,0,1,0,0,0,0
5.0,2021-03-17,할머니와 손자 내용에서 눈물핑ㅠㅜ꿈은 나에게 주는 복합적인 감정!,할머니 손자 내용 눈물핑꿈 나 주다 복합 감정,36,8,2021,3,2,positive,0,0,0,0,0,1,0,0,0,0,0,0,0,0,0,0,0,0,0,0,0,0,0,0,0,0,0,0,0,0
5.0,2021-03-17,칼배송,칼 배송,3,1,2021,3,2,positive,0,0,0,0,0,0,0,0,0,0,0,0,0,0,0,0,0,0,0,0,0,0,0,0,0,0,0,0,0,0
5.0,2021-03-16,궁금해서 끝까지 계속 읽게되는 마성의매력인 책,궁금하다 끝 계속 마 매력,25,6,2021,3,1,positive,0,0,0,0,0,0,0,0,0,0,0,0,0,0,0,0,0,0,0,0,0,0,0,0,0,0,0,0,0,0
5.0,2021-03-15,기대됩니다,기대,5,1,2021,3,0,positive,0,0,0,1,0,0,0,0,0,0,0,0,0,0,0,0,0,0,0,0,0,0,0,0,0,0,0,0,0,0
5.0,2021-03-14,아들이 재미있다고 후탁 읽어버리네요,아들 재미있다 후탁 버리다,19,4,2021,3,6,positive,0,0,0,0,0,0,0,0,0,0,0,0,0,0,0,0,0,0,0,0,0,0,0,0,1,0,0,0,0,0
5.0,2021-03-13,가볍게 소설 읽는 느낌으로 좋아요.,가볍다 소설 좋다,19,5,2021,3,5,positive,0,1,0,0,0,0,0,0,0,0,0,0,0,0,0,1,0,0,0,0,0,0,0,0,0,0,1,0,0,0
5.0,2021-03-13,아직 읽기전이지만 어떤 내용일지 기대됩니다,어떻다 내용 일지 기대,23,5,2021,3,5,positive,0,0,0,1,0,1,0,0,0,0,0,0,0,0,0,0,0,0,0,0,0,0,0,0,0,0,0,0,0,0
5.0,2021-03-11,환타지 꿈 모든것을 볼 수 있기에 좋은 독서입니다.,환타지 꿈 볼 좋다 독서,28,8,2021,3,3,positive,0,0,0,0,0,0,0,0,0,0,0,0,0,0,0,0,0,0,0,0,0,0,0,0,0,0,1,0,0,0
5.0,2021-03-11,가볍게 읽기 좋은 책. 동화같은 판타지적 요소가 돋보이는 책.,가볍다 좋다 동화 판타지 요소 돋보이다,34,9,2021,3,3,positive,0,1,0,0,0,0,1,0,0,0,0,0,0,0,0,0,0,0,0,0,0,0,0,0,0,0,1,0,0,0
5.0,2021-03-11,오늘 밤 내 꿈의 가격이 궁금해진다.,오늘 밤 내 꿈 가격 궁금하다,20,6,2021,3,3,positive,0,0,0,0,0,0,0,0,0,0,0,0,0,0,0,0,0,0,0,0,0,0,0,0,0,0,0,0,0,0
5.0,2021-03-11,상상 이상을 만들어내는 이야기의 힘이 그저 놀라울 뿐이다.,상상 이상 만들다 이야기 힘 놀라다 뿐,32,8,2021,3,3,positive,0,0,0,0,0,0,0,0,0,0,0,0,0,0,0,0,0,0,0,0,1,0,0,0,0,0,0,0,0,0
5.0,2021-03-07,속도감 있게 빨리 읽을 수 있었지만 일부러 천천히 생각하며 읽었습니다.,도감 일부러 생각,39,10,2021,3,6,positive,0,0,0,0,0,0,0,0,0,0,0,0,0,1,0,0,0,0,0,0,0,0,0,0,0,0,0,0,0,0
5.0,2021-03-07,상상해는 재미가 있습니다,상상 재미,13,3,2021,3,6,positive,0,0,0,0,0,0,0,0,0,0,0,0,0,0,0,0,0,0,0,0,0,0,0,1,0,0,0,0,0,0
5.0,2021-03-06,잘봤어요,,4,1,2021,3,5,positive,0,0,0,0,0,0,0,0,0,0,0,0,0,0,0,0,0,0,0,0,0,0,0,0,0,0,0,0,0,0
5.0,2021-03-06,오늘밤 나도 오늘 달러구트를 만나러 가는건 아닐지..?? 참신한 소설입니다 잼나게 읽었어요,오늘밤 나다 오늘 달러 구트 만나다 가다 참신하다 소설 재다,50,11,2021,3,5,positive,1,0,0,0,0,0,0,0,0,0,0,0,0,0,0,1,0,0,0,0,0,0,0,0,0,0,0,0,0,0
5.0,2021-03-04,읽고 있는데 보고 있는 듯한 신기하고 예쁜 책  나누고 싶어서 선물이 된 책,보고 듯 신기하다 예쁘다 나누다 선물,42,13,2021,3,3,positive,0,0,0,0,0,0,0,0,0,0,0,0,0,0,1,0,0,0,0,0,0,0,0,0,0,0,0,0,0,0
5.0,2021-03-03,왜 인기 있는 책인지 알겠네요^^,왜 인기 알다,18,5,2021,3,2,positive,0,0,0,0,0,0,0,0,0,0,0,0,0,0,0,0,0,0,0,0,0,0,0,0,0,0,0,0,0,0
5.0,2021-03-03,잘 읽깄습니다,자다 읽깄습니,7,2,2021,3,2,positive,0,0,0,0,0,0,0,0,0,0,0,0,0,0,0,0,0,0,0,0,0,0,1,0,0,0,0,0,0,0
5.0,2021-03-02,고민하다 구매 합니다 ~ 평이 너무 좋아서 기대를 해봅니다^^ 감사합니다^^,고민 평이 좋다 기대 해보다 감사하다,42,10,2021,3,1,positive,0,0,0,1,0,0,0,0,0,0,0,0,0,0,0,0,0,0,0,0,0,0,0,0,0,0,1,0,0,0
5.0,2021-03-02,고민하다 구매 합니다 ~ 평이 너무 좋아서 기대를 해봅니다^^ 감사합니다^^,고민 평이 좋다 기대 해보다 감사하다,42,10,2021,3,1,positive,0,0,0,1,0,0,0,0,0,0,0,0,0,0,0,0,0,0,0,0,0,0,0,0,0,0,1,0,0,0
5.0,2021-03-02,이건 뭔가 삶의 철학까지 배울 수 있는 아끼는 책이 될 것 같아요 ??,이건 뭔가 삶 철학 배우다 아끼다,39,13,2021,3,1,positive,0,0,0,0,0,0,0,0,0,0,0,0,0,0,0,0,0,0,0,0,0,0,0,0,0,0,0,0,0,0
5.0,2021-03-02,아이들이 자라면 꼭 권장 해주고 싶고 주변인들에게도 추천하려구요. 너무 재미있게 읽었습니다,아이 자라다 꼭 권장 해주다 주변인 추천 재미있다,50,11,2021,3,1,positive,0,0,0,0,0,0,0,0,0,0,0,0,0,0,0,0,0,0,0,1,0,0,0,0,1,0,0,0,1,0
5.0,2021-03-01,해리포터 좋아하는 사람이라면 무조건 재미있게 읽을 책,해리포터 좋아하다 사람 라면 무조건 재미있다,29,7,2021,3,0,positive,0,0,0,0,0,0,0,0,0,0,0,0,0,0,0,0,0,0,0,0,0,0,0,0,1,0,0,0,0,0
5.0,2021-03-01,참신한 소재여서 재밌어요,참신하다 소재 재밌다,13,3,2021,3,0,positive,0,0,0,0,0,0,0,0,0,0,0,0,0,0,0,0,1,0,0,0,0,0,0,0,0,1,0,0,0,0
5.0,2021-03-01,좋아여,좋다,3,1,2021,3,0,positive,0,0,0,0,0,0,0,0,0,0,0,0,0,0,0,0,0,0,0,0,0,0,0,0,0,0,1,0,0,0
5.0,2021-02-28,14살 아들이 너무 재미있다고 저에게도 추천해주네요^^,14 살 아들 재미있다 추천 해주다,30,6,2021,2,6,positive,0,0,0,0,0,0,0,0,0,0,0,0,0,0,0,0,0,0,0,0,0,0,0,0,1,0,0,0,1,0
5.0,2021-02-28,읽는 동안 설레고 행복한 마음이 들었습니다,동안 설레다 행복하다 마음,23,6,2021,2,6,positive,0,0,0,0,0,0,0,0,1,0,0,0,0,0,0,0,0,0,0,0,0,0,0,0,0,0,0,0,0,0
5.0,2021-02-28,잘 읽었습니다,자다,7,2,2021,2,6,positive,0,0,0,0,0,0,0,0,0,0,0,0,0,0,0,0,0,0,0,0,0,0,1,0,0,0,0,0,0,0
5.0,2021-02-28,배송도 빠르고 좋아요,배송 빠르다 좋다,11,3,2021,2,6,positive,0,0,0,0,0,0,0,0,0,0,0,0,0,0,0,0,0,0,0,0,0,0,0,0,0,0,1,0,0,0
5.0,2021-02-28,"아직 읽는 중인데, 읽기 아까워요,, 끝나가는 게 너무 아쉬워요.",중 아깝다 끝나다 게 아쉽다,36,9,2021,2,6,positive,0,0,0,0,0,0,0,0,0,0,0,0,0,0,0,0,0,0,0,0,0,0,0,0,0,0,0,0,0,0
5.0,2021-02-27,좋아요,좋다,3,1,2021,2,5,positive,0,0,0,0,0,0,0,0,0,0,0,0,0,0,0,0,0,0,0,0,0,0,0,0,0,0,1,0,0,0
5.0,2021-02-27,재미있어서 지인들께 추천많이했어요 초등부터 성인까지 잘 읽을 수 있어요,재미있다 지인 추천 초등 성인 자다,39,9,2021,2,5,positive,0,0,0,0,0,0,0,0,0,0,0,0,0,0,0,0,0,0,0,0,0,0,1,0,1,0,0,0,1,0
5.0,2021-02-26,너무 재밌게 읽었습니다.,재밌다,13,3,2021,2,4,positive,0,0,0,0,0,0,0,0,0,0,0,0,0,0,0,0,0,0,0,0,0,0,0,0,0,1,0,0,0,0
5.0,2021-02-25,이 책을 읽는 동안에는 신기하게도 꿈을 더 자주 꾸게 된다 :),동안 신기하다 꿈 자주 꾸다,35,11,2021,2,3,positive,0,0,0,0,1,0,0,0,0,0,0,0,0,0,0,0,0,0,0,0,0,0,0,0,0,0,0,0,0,0
5.0,2021-02-24,너무너무 기대 됩니다. 이번 연휴에 꼭 완독 할거에용 ㅎㅎ 어서 빨리 읽었으면 좋겠네요,기대 이번 연휴 꼭 완독 용 어서 좋다,48,13,2021,2,2,positive,0,0,0,1,0,0,0,0,0,0,0,0,0,0,0,0,0,0,0,0,0,0,0,0,0,0,1,0,0,0
5.0,2021-02-24,재미있게 읽었고 소설 후반부에는 감동적이어서 울었어요,재미있다 소설 후반 부 감동 울다,29,6,2021,2,2,positive,0,0,1,0,0,0,0,0,0,0,0,0,0,0,0,1,0,0,0,0,0,0,0,0,1,0,0,0,0,0
5.0,2021-02-24,읽는 내내 마음이 따뜻하고 정말 재밌어요~??,내내 마음 따뜻하다 재밌다,25,6,2021,2,2,positive,0,0,0,0,0,0,0,1,1,0,0,0,0,0,0,0,0,0,0,0,0,0,0,0,0,1,0,0,0,0
5.0,2021-02-23,우왁!!!!!!!!! 엄청 재밌네요!!!!!!!!! 표지에 끌려샀는데  우왁!재밌오♡♡,재밌다 표지 끌리다 사다 재밌다,48,6,2021,2,1,positive,0,0,0,0,0,0,0,0,0,0,0,0,0,0,0,0,0,0,0,0,0,0,0,0,0,2,0,0,0,0
5.0,2021-02-23,정말 재밌어요,재밌다,7,2,2021,2,1,positive,0,0,0,0,0,0,0,0,0,0,0,0,0,0,0,0,0,0,0,0,0,0,0,0,0,1,0,0,0,0
5.0,2021-02-23,흥미진진하게 읽었던 책,흥미진진,12,3,2021,2,1,positive,0,0,0,0,0,0,0,0,0,0,0,0,0,0,0,0,0,0,0,0,0,0,0,0,0,0,0,0,0,0
5.0,2021-02-23,"딱 제가 챚던, 제 스타일의 책이에요 표지나 제목부터 기대가 많이 도ㅐㅆ는데 딱 그 기대에",제 챚던 제 스타일 표지 제목 기대 도 데 기대,50,14,2021,2,1,positive,0,0,0,2,0,0,0,0,0,0,0,0,0,0,0,0,0,0,0,0,0,0,0,0,0,0,0,0,0,0
5.0,2021-02-21,아이가 정말 재미있게 읽었어요,아이 재미있다,16,4,2021,2,6,positive,0,0,0,0,0,0,0,0,0,0,0,0,0,0,0,0,0,0,0,1,0,0,0,0,1,0,0,0,0,0
5.0,2021-02-21,선물드리려고 샀어요!,선물 드리다 사다,11,2,2021,2,6,positive,0,0,0,0,0,0,0,0,0,0,0,0,0,0,1,0,0,0,0,0,0,0,0,0,0,0,0,0,0,0
5.0,2021-02-20,읽는 순간 마다 상상이되요 픽사 뭐해요 얼른 영화로,순간 마다 상상 픽사 뭐 얼른 영화로,28,8,2021,2,5,positive,0,0,0,0,0,0,0,0,0,0,0,0,0,0,0,0,0,0,0,0,0,0,0,0,0,0,0,0,0,0
5.0,2021-02-20,아이에게 선물했는데 제가 더 재밌게 읽었어요,아이 선물 제 재밌다,24,6,2021,2,5,positive,0,0,0,0,0,0,0,0,0,0,0,0,0,0,1,0,0,0,0,1,0,0,0,0,0,1,0,0,0,0
5.0,2021-02-19,아무 생각 없이 구매한 책인데 설정이며 스토리며 정말 재미있네요!,아무 생각 설정 스토리 재미있다,36,9,2021,2,4,positive,0,0,0,0,0,0,0,0,0,0,0,0,0,1,0,0,0,0,0,0,0,0,0,0,1,0,0,0,0,0
5.0,2021-02-18,기대되네요^^,기대,7,1,2021,2,3,positive,0,0,0,1,0,0,0,0,0,0,0,0,0,0,0,0,0,0,0,0,0,0,0,0,0,0,0,0,0,0
5.0,2021-02-18,아이가 재미있어 해요.,아이 재미있다 해,12,3,2021,2,3,positive,0,0,0,0,0,0,0,0,0,0,0,0,0,0,0,0,0,0,0,1,0,0,0,0,1,0,0,0,0,0
5.0,2021-02-17,잼잇어요,잼 잇다,4,1,2021,2,2,positive,0,0,0,0,0,0,0,0,0,0,0,0,0,0,0,0,0,0,0,0,0,0,0,0,0,0,0,0,0,0
5.0,2021-02-17,유명 추천작에는 이유가 있는 것 같네요. 잘 읽었습니다.,유명 추천 작 이유 자다,31,8,2021,2,2,positive,0,0,0,0,0,0,0,0,0,0,0,0,0,0,0,0,0,0,0,0,0,0,1,0,0,0,0,0,1,0
5.0,2021-02-17,온 가족이 다 읽을려고 구매했어요~~^^,온 가족,22,5,2021,2,2,positive,0,0,0,0,0,0,0,0,0,0,0,0,0,0,0,0,0,0,0,0,0,0,0,0,0,0,0,0,0,0
5.0,2021-02-17,"소재도 신선하고, 재미있을 것 같습니다.",소재 신선하다 재미있다,22,5,2021,2,2,positive,0,0,0,0,0,0,0,0,0,0,0,0,0,0,0,0,1,0,1,0,0,0,0,0,1,0,0,0,0,0
5.0,2021-02-17,재밌게 읽었습니다,재밌다,9,2,2021,2,2,positive,0,0,0,0,0,0,0,0,0,0,0,0,0,0,0,0,0,0,0,0,0,0,0,0,0,1,0,0,0,0
5.0,2021-02-17,유명한 이유가 있네요 순식간에 읽었습니다,유명하다 이유 순식간,22,5,2021,2,2,positive,0,0,0,0,0,0,0,0,0,0,0,0,0,0,0,0,0,0,0,0,0,0,0,0,0,0,0,0,0,0
5.0,2021-02-16,아이가 너무 재밌게 삽시간에 읽었어요,아이 재밌다 삽시간,20,5,2021,2,1,positive,0,0,0,0,0,0,0,0,0,0,0,0,0,0,0,0,0,0,0,1,0,0,0,0,0,1,0,0,0,0
5.0,2021-02-16,"나라면 무슨꿈을 사고 싶을까?? 이런 행복한 생각을 했어요 단,책에서 왜이리 냄새가날까요",나라 꿈 사고 이렇다 행복하다 생각 왜 냄새 날다 요,49,11,2021,2,1,positive,0,0,0,0,0,0,0,0,0,0,0,0,0,1,0,0,0,0,0,0,0,0,0,0,0,0,0,0,0,0
5.0,2021-02-16,읽기쉬워요 편안하게 술술 읽혀요 올해의 첫책이네요,쉽다 편안하다 술술 읽히다 올해 요,27,6,2021,2,1,positive,0,0,0,0,0,0,0,0,0,0,0,0,0,0,0,0,0,0,0,0,0,1,0,0,0,0,0,0,0,0
5.0,2021-02-16,읽어라 상상력이 풍부해진다,상상력 풍부하다,14,3,2021,2,1,positive,0,0,0,0,0,0,0,0,0,0,0,0,1,0,0,0,0,0,0,0,0,0,0,0,0,0,0,0,0,0
5.0,2021-02-16,새해 첫번째 책으로 구매했는데 재밌게 잘 읽었네요..,새해 첫 재밌다 자다,29,7,2021,2,1,positive,0,0,0,0,0,0,0,0,0,0,0,0,0,0,0,0,0,0,0,0,0,0,1,0,0,1,0,0,0,0
5.0,2021-02-16,"재미와 감동, 읽을수록 빠져드는 흥미진진한 이야기!",재미 감동 빠져들다 흥미진진 이야기,28,6,2021,2,1,positive,0,0,1,0,0,0,0,0,0,0,0,0,0,0,0,0,0,0,0,0,1,0,0,1,0,0,0,0,0,0
5.0,2021-02-15,잘 읽었습니다!!,자다,9,2,2021,2,0,positive,0,0,0,0,0,0,0,0,0,0,0,0,0,0,0,0,0,0,0,0,0,0,1,0,0,0,0,0,0,0
5.0,2021-02-15,"꿈을 소재로한 판타지 소설이고, 가볍게 읽기 좋은 소설입니다!",꿈 소재 판타지 소설 가볍다 좋다 소설,34,8,2021,2,0,positive,0,1,0,0,0,0,0,0,0,0,0,0,0,0,0,2,1,0,0,0,0,0,0,0,0,0,1,0,0,0
5.0,2021-02-14,감동이었어요,감동,6,1,2021,2,6,positive,0,0,1,0,0,0,0,0,0,0,0,0,0,0,0,0,0,0,0,0,0,0,0,0,0,0,0,0,0,0
5.0,2021-02-14,재밌게 잘보았어요! 스토리도 좋았습니다,재밌다 스토리 좋다,21,4,2021,2,6,positive,0,0,0,0,0,0,0,0,0,0,0,0,0,0,0,0,0,0,0,0,0,0,0,0,0,1,1,0,0,0
5.0,2021-02-13,굿,굿,1,1,2021,2,5,positive,0,0,0,0,0,0,0,0,0,0,0,0,0,0,0,0,0,0,0,0,0,0,0,0,0,0,0,0,0,0
5.0,2021-02-13,잘 읽었습니다,자다,7,2,2021,2,5,positive,0,0,0,0,0,0,0,0,0,0,0,0,0,0,0,0,0,0,0,0,0,0,1,0,0,0,0,0,0,0
5.0,2021-02-13,재미 있게 읽었어요,재미,10,3,2021,2,5,positive,0,0,0,0,0,0,0,0,0,0,0,0,0,0,0,0,0,0,0,0,0,0,0,1,0,0,0,0,0,0
5.0,2021-02-12,어젯밤 꾼 꿈에 대해 한번쯤 생각해보게 되네요,어젯밤 꾼 꿈 대해 한번 생각 해보다,25,7,2021,2,4,positive,0,0,0,0,0,0,0,0,0,0,0,0,0,1,0,0,0,0,0,0,0,0,0,0,0,0,0,0,0,0
5.0,2021-02-12,재밌네요,재밌다,4,1,2021,2,4,positive,0,0,0,0,0,0,0,0,0,0,0,0,0,0,0,0,0,0,0,0,0,0,0,0,0,1,0,0,0,0
5.0,2021-02-12,아이가 보고 엄마에게 추천해서 읽고 있어요~,아이 보고 엄마 추천,24,6,2021,2,4,positive,0,0,0,0,0,0,0,0,0,0,0,0,0,0,0,0,0,0,0,1,0,0,0,0,0,0,0,0,1,0
5.0,2021-02-12,잘 읽었습니다!,자다,8,2,2021,2,4,positive,0,0,0,0,0,0,0,0,0,0,0,0,0,0,0,0,0,0,0,0,0,0,1,0,0,0,0,0,0,0
5.0,2021-02-11,잘 읽었습니다.,자다,8,2,2021,2,3,positive,0,0,0,0,0,0,0,0,0,0,0,0,0,0,0,0,0,0,0,0,0,0,1,0,0,0,0,0,0,0
5.0,2021-02-11,재미있어요,재미있다,5,1,2021,2,3,positive,0,0,0,0,0,0,0,0,0,0,0,0,0,0,0,0,0,0,0,0,0,0,0,0,1,0,0,0,0,0
5.0,2021-02-09,사실 제가 힐링하고 싶어서 고른책인데 6학년 딸아이가 재밌다고 끼고 봅니다.,사실 제 힐링 고르다 6 학년 딸아이 재밌다 끼,42,10,2021,2,1,positive,0,0,0,0,0,0,0,0,0,0,0,0,0,0,0,0,0,0,0,0,0,0,0,0,0,1,0,0,0,0
5.0,2021-02-09,판타지를 좋아하는 조카에게 선물했어요,판타지 좋아하다 조카 선물,20,4,2021,2,1,positive,0,0,0,0,0,0,0,0,0,0,0,0,0,0,1,0,0,0,0,0,0,0,0,0,0,0,0,0,0,0
5.0,2021-02-09,한편에 동화를 읽는 느낌이였습니다,한편 동화,18,4,2021,2,1,positive,0,0,0,0,0,0,1,0,0,0,0,0,0,0,0,0,0,0,0,0,0,0,0,0,0,0,0,0,0,0
5.0,2021-02-09,좋아요,좋다,3,1,2021,2,1,positive,0,0,0,0,0,0,0,0,0,0,0,0,0,0,0,0,0,0,0,0,0,0,0,0,0,0,1,0,0,0
5.0,2021-02-08,재밌어요,재밌다,4,1,2021,2,0,positive,0,0,0,0,0,0,0,0,0,0,0,0,0,0,0,0,0,0,0,0,0,0,0,0,0,1,0,0,0,0
5.0,2021-02-08,잔잔하게 잘 읽어지는 책,잔잔하다 자다,13,4,2021,2,0,positive,0,0,0,0,0,0,0,0,0,0,0,0,0,0,0,0,0,0,0,0,0,0,1,0,0,0,0,0,0,0
5.0,2021-02-08,따뜻해요. 나도 꿈 좀 주문할 수 있을까요?,따뜻하다 나다 꿈 좀 주문,24,7,2021,2,0,positive,0,0,0,0,0,0,0,1,0,0,0,0,0,0,0,0,0,0,0,0,0,0,0,0,0,0,0,1,0,0
5.0,2021-02-08,재밌어서 한 번에 다 읽은 책,재밌다 번,16,6,2021,2,0,positive,0,0,0,0,0,0,0,0,0,0,0,0,0,0,0,0,0,0,0,0,0,0,0,0,0,1,0,0,0,0
5.0,2021-02-07,현재 내가 가지고 있는 당연하고 평범하게 느껴지는것에 감사하게 되네요,현재 내 가지 당연하다 평범하다 느껴지다 감사하다,38,9,2021,2,6,positive,0,0,0,0,0,0,0,0,0,0,0,0,0,0,0,0,0,0,0,0,0,0,0,0,0,0,0,0,0,0
5.0,2021-02-07,꿈속 이야기 재밌어요,꿈속 이야기 재밌다,11,3,2021,2,6,positive,0,0,0,0,0,0,0,0,0,0,0,0,0,0,0,0,0,0,0,0,1,0,0,0,0,1,0,0,0,0
5.0,2021-02-07,너무 재미있었어요,재미있다,9,2,2021,2,6,positive,0,0,0,0,0,0,0,0,0,0,0,0,0,0,0,0,0,0,0,0,0,0,0,0,1,0,0,0,0,0
5.0,2021-02-07,역시 판타지는 너무 좋아요 힐링,역시 판타지 좋다 힐링,17,5,2021,2,6,positive,0,0,0,0,0,0,0,0,0,0,0,0,0,0,0,0,0,0,0,0,0,0,0,0,0,0,1,0,0,0
5.0,2021-02-06,재미있게 잘읽었어요.  오랜동안 베스트셀러이네요,재미있다 동안 베스트셀러 요,26,4,2021,2,5,positive,0,0,0,0,0,0,0,0,0,0,0,1,0,0,0,0,0,0,0,0,0,0,0,0,1,0,0,0,0,0
5.0,2021-02-06,읽으면서 센과치히로처럼 애니가 만들어지면 좋겠더라구요,세다 치히로 애니 만들어지다 좋다,29,5,2021,2,5,positive,0,0,0,0,0,0,0,0,0,0,0,0,0,0,0,0,0,0,0,0,0,0,0,0,0,0,1,0,0,0
5.0,2021-02-06,몽환적인 분위기를 좋아한다면 추천!,몽환 분위기 좋아하다 추천,19,4,2021,2,5,positive,0,0,0,0,0,0,0,0,0,0,0,0,0,0,0,0,0,0,0,0,0,0,0,0,0,0,0,0,1,0
5.0,2021-02-05,왜 베스트셀러인지 알겠네요!!!,왜 베스트셀러 알다,17,3,2021,2,4,positive,0,0,0,0,0,0,0,0,0,0,0,1,0,0,0,0,0,0,0,0,0,0,0,0,0,0,0,0,0,0
5.0,2021-02-05,아이가 원하던 책을 사줬더니 순식간에 다 읽었네요,아이 원하다 사주다 순식간,27,7,2021,2,4,positive,0,0,0,0,0,0,0,0,0,0,0,0,0,0,0,0,0,0,0,1,0,0,0,0,0,0,0,0,0,0
5.0,2021-02-04,기대됩니다,기대,5,1,2021,2,3,positive,0,0,0,1,0,0,0,0,0,0,0,0,0,0,0,0,0,0,0,0,0,0,0,0,0,0,0,0,0,0
5.0,2021-02-03,기분좋게 가볍게 읽기 좋은 책이에요~,기분 좋다 가볍다 좋다,20,5,2021,2,2,positive,0,1,0,0,0,0,0,0,0,0,0,0,0,0,0,0,0,0,0,0,0,0,0,0,0,0,2,0,0,0
5.0,2021-02-03,아이들과 함께 읽고 있어요~^^ 오랜만에 아이들과 상상하며  재밌게 볼수있는 소설이네요^^,아이 만 아이 상상 재밌다 소설 요,50,10,2021,2,2,positive,0,0,0,0,0,0,0,0,0,0,0,0,0,0,0,1,0,0,0,2,0,0,0,0,0,1,0,0,0,0
5.0,2021-02-03,너무 재미있게 잘 읽었습니다 마음이 따뜻해지는 책이에요,재미있다 자다 마음 따뜻하다,30,7,2021,2,2,positive,0,0,0,0,0,0,0,1,1,0,0,0,0,0,0,0,0,0,0,0,0,0,1,0,1,0,0,0,0,0
5.0,2021-02-03,졸업하는 예비고등학생선물.,졸업 예비 고등학생 선물,14,2,2021,2,2,positive,0,0,0,0,0,0,0,0,0,0,0,0,0,0,1,0,0,0,0,0,0,0,0,0,0,0,0,0,0,0
5.0,2021-02-02,재밌어요 몽글하고 귀여운 내용,재밌다 몽글하다 귀엽다 내용,16,4,2021,2,1,positive,0,0,0,0,0,1,0,0,0,0,0,0,0,0,0,0,0,0,0,0,0,0,0,0,0,1,0,0,0,0
5.0,2021-02-02,너무 재밌어요,재밌다,7,2,2021,2,1,positive,0,0,0,0,0,0,0,0,0,0,0,0,0,0,0,0,0,0,0,0,0,0,0,0,0,1,0,0,0,0
5.0,2021-02-02,<해리포터>를 기다리고 줄서서 사는 이유를 알겠네요. 작가의 상상력이 정말 기발합니다.^^,해리포터 기다리다 줄 서서 살다 이유 알다 작가 상상력 기발하다,50,10,2021,2,1,positive,0,0,0,0,0,0,0,0,0,0,0,0,1,0,0,0,0,0,0,0,0,0,0,0,0,0,0,0,0,0
5.0,2021-02-02,이런 꿈같은 내용의 책을 2021의 처음에 읽을 수 있어서 너무 감사했다,이렇다 꿈 내용 2021 의 처음 감사하다,40,11,2021,2,1,positive,0,0,0,0,0,1,0,0,0,0,0,0,0,0,0,0,0,0,0,0,0,0,0,0,0,0,0,0,0,0
5.0,2021-02-01,신세계,신세계,3,1,2021,2,0,positive,0,0,0,0,0,0,0,0,0,0,0,0,0,0,0,0,0,0,0,0,0,0,0,0,0,0,0,0,0,0
5.0,2021-02-01,좋아요,좋다,3,1,2021,2,0,positive,0,0,0,0,0,0,0,0,0,0,0,0,0,0,0,0,0,0,0,0,0,0,0,0,0,0,1,0,0,0
5.0,2021-02-01,가볍게 읽기 좋았고 소재가 신선했어요,가볍다 좋다 소재 신선하다,20,5,2021,2,0,positive,0,1,0,0,0,0,0,0,0,0,0,0,0,0,0,0,1,0,1,0,0,0,0,0,0,0,1,0,0,0
5.0,2021-02-01,읽기 쉽고 상상력을 자극하는 책,쉬다 상상력 자극,17,5,2021,2,0,positive,0,0,0,0,0,0,0,0,0,0,0,0,1,0,0,0,0,0,0,0,0,0,0,0,0,0,0,0,0,0
5.0,2021-01-31,재미있어요.,재미있다,6,1,2021,1,6,positive,0,0,0,0,0,0,0,0,0,0,0,0,0,0,0,0,0,0,0,0,0,0,0,0,1,0,0,0,0,0
5.0,2021-01-31,베스트 3에 들어가는 책ㅇㅣ예요,베스트 3 들어가다,17,4,2021,1,6,positive,0,0,0,0,0,0,0,0,0,0,0,0,0,0,0,0,0,0,0,0,0,0,0,0,0,0,0,0,0,0
5.0,2021-01-31,정말 평소에 꿈에 대해 들었던 생각들에 대해서도 있었고 생각지못한 부분도 있어서 좋아요!,평소 꿈 대해 생각 대해 서도 생각 못 부분 좋다,49,12,2021,1,6,positive,0,0,0,0,0,0,0,0,0,0,0,0,0,2,0,0,0,0,0,0,0,0,0,0,0,0,1,0,0,0
5.0,2021-01-31,소재가 너무 신선해요 재밌네요,소재 신선하다 재밌다,16,4,2021,1,6,positive,0,0,0,0,0,0,0,0,0,0,0,0,0,0,0,0,1,0,1,0,0,0,0,0,0,1,0,0,0,0
5.0,2021-01-31,"보며 웃기도 하고 울기도 했습니다. 다시금 보고 싶은 책, 행복한 기억을 선물한 책 입니다",웃기 기도 다시금 보고 행복하다 기억 선물,50,14,2021,1,6,positive,0,0,0,0,0,0,0,0,0,0,0,0,0,0,1,0,0,0,0,0,0,0,0,0,0,0,0,0,0,0
5.0,2021-01-31,재밌어요!,재밌다,5,1,2021,1,6,positive,0,0,0,0,0,0,0,0,0,0,0,0,0,0,0,0,0,0,0,0,0,0,0,0,0,1,0,0,0,0
5.0,2021-01-31,배송너무빨라요. 아직읽기전인데 기대중입니다,배송 빨르다 대중,23,3,2021,1,6,positive,0,0,0,0,0,0,0,0,0,0,0,0,0,0,0,0,0,0,0,0,0,0,0,0,0,0,0,0,0,0
5.0,2021-01-30,꿈 시장 대박나세요 ~미지의 무궁무진한 세계로 고고!!,꿈 시장 대박나다 미지 무궁무진 세계 고고,30,7,2021,1,5,positive,0,0,0,0,0,0,0,0,0,0,0,0,0,0,0,0,0,0,0,0,0,0,0,0,0,0,0,0,0,0
5.0,2021-01-30,올해 다시 책읽기를 본격적으로 시작했는데 너무 재미있게 읽었어요,올해 다시 본격 시작 재미있다,35,8,2021,1,5,positive,0,0,0,0,0,0,0,0,0,0,0,0,0,0,0,0,0,0,0,0,0,0,0,0,1,0,0,0,0,0
5.0,2021-01-29,감동적이에요,감동,6,1,2021,1,4,positive,0,0,1,0,0,0,0,0,0,0,0,0,0,0,0,0,0,0,0,0,0,0,0,0,0,0,0,0,0,0
5.0,2021-01-29,재미있게 봤습니다,재미있다,9,2,2021,1,4,positive,0,0,0,0,0,0,0,0,0,0,0,0,0,0,0,0,0,0,0,0,0,0,0,0,1,0,0,0,0,0
5.0,2021-01-28,읽고 싶었던 책이에요. 저도 읽고 아이와 같이 읽고싶어서 구매해써요읽고 싶었던 책이에요.,아이,49,11,2021,1,3,positive,0,0,0,0,0,0,0,0,0,0,0,0,0,0,0,0,0,0,0,1,0,0,0,0,0,0,0,0,0,0
5.0,2021-01-25,몇년만에 적극 추천 설렘.미안함.그리움.호기심 각 한병씩 다 마신 느낌의 책,년 적극 추천 설레다 미안하다 그리움 호기심 각 병 말다,42,10,2021,1,0,positive,0,0,0,0,0,0,0,0,0,0,0,0,0,0,0,0,0,0,0,0,0,0,0,0,0,0,0,0,1,0
5.0,2021-01-25,상상력에 별다섯개. 역시 작가들의 상상력은 좋다.,상상력 개 역시 작가 상상력 좋다,27,6,2021,1,0,positive,0,0,0,0,0,0,0,0,0,0,0,0,2,0,0,0,0,0,0,0,0,0,0,0,0,0,1,0,0,0
5.0,2021-01-25,배송이 빨라서 좋아요..,배송 빨 좋다,13,3,2021,1,0,positive,0,0,0,0,0,0,0,0,0,0,0,0,0,0,0,0,0,0,0,0,0,0,0,0,0,0,1,0,0,0
5.0,2021-01-25,우리딸래미가 읽 넘 감명받고 재밋에서 5회독중,우리 딸 래미 넘다 감명 받다 재밋 5회,25,6,2021,1,0,positive,0,0,0,0,0,0,0,0,0,1,0,0,0,0,0,0,0,0,0,0,0,0,0,0,0,0,0,0,0,0
5.0,2021-01-25,근래 읽은 소설 중에 가장 재미있어요,근래 소설 중 가장 재미있다,20,6,2021,1,0,positive,0,0,0,0,0,0,0,0,0,0,0,0,0,0,0,1,0,0,0,0,0,0,0,0,1,0,0,0,0,0
5.0,2021-01-25,소재가 흥미롭고 재미있었습니다.,소재 흥미 재미있다,17,3,2021,1,0,positive,0,0,0,0,0,0,0,0,0,0,0,0,0,0,0,0,1,0,0,0,0,0,0,0,1,0,0,0,0,0
5.0,2021-01-24,넘 재미있어요,넘다 재미있다,7,2,2021,1,6,positive,0,0,0,0,0,0,0,0,0,0,0,0,0,0,0,0,0,0,0,0,0,0,0,0,1,0,0,0,0,0
5.0,2021-01-24,너무 재밌어서 순식간에 읽어버림,재밌다 순식간 버리다,17,4,2021,1,6,positive,0,0,0,0,0,0,0,0,0,0,0,0,0,0,0,0,0,0,0,0,0,0,0,0,0,1,0,0,0,0
5.0,2021-01-24,좋았습니다,좋다,5,1,2021,1,6,positive,0,0,0,0,0,0,0,0,0,0,0,0,0,0,0,0,0,0,0,0,0,0,0,0,0,0,1,0,0,0
5.0,2021-01-22,아무 책이나 안 읽고 책 골라주기 힘든 초6아들인데 달러구트는 너무 재밌다고 단숨에 읽어,아무 안 고르다 힘드다 초 6 아들 달러 구트 재밌다 단숨,49,13,2021,1,4,positive,0,0,0,0,0,0,0,0,0,0,0,0,0,0,0,0,0,0,0,0,0,0,0,0,0,1,0,0,0,0
5.0,2021-01-21,좋습니다!,좋다,5,1,2021,1,3,positive,0,0,0,0,0,0,0,0,0,0,0,0,0,0,0,0,0,0,0,0,0,0,0,0,0,0,1,0,0,0
5.0,2021-01-21,크리스마스에 읽으면 더더욱 좋은 책,크리스마스 더욱 좋다,19,5,2021,1,3,positive,0,0,0,0,0,0,0,0,0,0,0,0,0,0,0,0,0,0,0,0,0,0,0,0,0,0,1,0,0,0
5.0,2021-01-21,꿈을 사고파는 사람들의 따뜻하고 뭉클한 이야기,꿈 사고팔다 사람 따뜻하다 뭉클하다 이야기,25,6,2021,1,3,positive,0,0,0,0,0,0,0,1,0,0,0,0,0,0,0,0,0,0,0,0,1,0,0,0,0,0,0,0,0,0
5.0,2021-01-20,아이가 다 읽으면 저도 함께 읽어보려구요,아이,22,6,2021,1,2,positive,0,0,0,0,0,0,0,0,0,0,0,0,0,0,0,0,0,0,0,1,0,0,0,0,0,0,0,0,0,0
5.0,2021-01-20,인생책 열손가락중에 하나 꼽습니다,인생 손가락 하나 꼽습니,18,4,2021,1,2,positive,0,0,0,0,0,0,0,0,0,0,0,0,0,0,0,0,0,0,0,0,0,0,0,0,0,0,0,0,0,0
5.0,2021-01-19,정말 좋아요..,좋다,8,2,2021,1,1,positive,0,0,0,0,0,0,0,0,0,0,0,0,0,0,0,0,0,0,0,0,0,0,0,0,0,0,1,0,0,0
5.0,2021-01-19,아이가 너무 좋아해요,아이 좋아하다,11,3,2021,1,1,positive,0,0,0,0,0,0,0,0,0,0,0,0,0,0,0,0,0,0,0,1,0,0,0,0,0,0,0,0,0,0
5.0,2021-01-19,잘 읽을게요,자다,6,2,2021,1,1,positive,0,0,0,0,0,0,0,0,0,0,0,0,0,0,0,0,0,0,0,0,0,0,1,0,0,0,0,0,0,0
5.0,2021-01-19,즐거운 상상 뿐 아니라 삶을 되돌아보는 계기가 되었어요,즐겁다 상상 뿐 삶 되돌아보다 계기 되어다,30,8,2021,1,1,positive,0,0,0,0,0,0,0,0,0,0,0,0,0,0,0,0,0,0,0,0,0,0,0,0,0,0,0,0,0,0
5.0,2021-01-19,넘 잼나게 잘 읽었어요,넘다 재다 자다,12,4,2021,1,1,positive,0,0,0,0,0,0,0,0,0,0,0,0,0,0,0,0,0,0,0,0,0,0,1,0,0,0,0,0,0,0
5.0,2021-01-19,흥미로와요!!,흥미롭다 요,7,1,2021,1,1,positive,0,0,0,0,0,0,0,0,0,0,0,0,0,0,0,0,0,0,0,0,0,0,0,0,0,0,0,0,0,1
5.0,2021-01-19,베스트셀러라 하여 구입해보았습니다.,베스트셀러 구입 해보다,19,3,2021,1,1,positive,0,0,0,0,0,0,0,0,0,0,0,1,0,0,0,0,0,0,0,0,0,0,0,0,0,0,0,0,0,0
5.0,2021-01-18,한번 잡으면놓을수없어요.등장하는 꿈제작자들  캐릭터도 흥미로워요,한번 잡다 등장 꿈 제작자 캐릭터 흥미롭다,35,5,2021,1,0,positive,0,0,0,0,0,0,0,0,0,0,0,0,0,0,0,0,0,0,0,0,0,0,0,0,0,0,0,0,0,1
5.0,2021-01-18,일단 읽어볼게요. 기다됩니다,일단 기,15,3,2021,1,0,positive,0,0,0,0,0,0,0,0,0,0,0,0,0,0,0,0,0,0,0,0,0,0,0,0,0,0,0,0,0,0
5.0,2021-01-18,오랜만에 끝까지 읽은 소설이에요. 어떻게 꿈백화점에 오는지 등을 좀 자세히 설명했으면 하는,만 끝 소설 어떻다 꿈 백화점 오다 좀 자세하다 설명,50,12,2021,1,0,positive,0,0,0,0,0,0,0,0,0,0,1,0,0,0,0,1,0,0,0,0,0,0,0,0,0,0,0,0,0,0
5.0,2021-01-18,중학생 남아 사주었더니 금세 읽네요,중학생 남아 사주다 금세,19,5,2021,1,0,positive,0,0,0,0,0,0,0,0,0,0,0,0,0,0,0,0,0,0,0,0,0,0,0,0,0,0,0,0,0,0
5.0,2021-01-18,잘 읽겠습니다.,자다,8,2,2021,1,0,positive,0,0,0,0,0,0,0,0,0,0,0,0,0,0,0,0,0,0,0,0,0,0,1,0,0,0,0,0,0,0
5.0,2021-01-18,소재가 기발하네요 재미있기는 한데 긴박감이 없어서 몰입력이 조금 떨어져요 볼만 해요,소재 기발하다 재미있다 긴박 감 몰입 조금 떨어지다 볼 해,46,11,2021,1,0,positive,0,0,0,0,0,0,0,0,0,0,0,0,0,0,0,0,1,0,0,0,0,0,0,0,1,0,0,0,0,0
5.0,2021-01-18,재밌네요 좋은소설이에요 생각을 하게 만드네요,재밌다 좋다 소설 생각 드,24,5,2021,1,0,positive,0,0,0,0,0,0,0,0,0,0,0,0,0,1,0,1,0,0,0,0,0,0,0,0,0,1,1,0,0,0
5.0,2021-01-18,철학적 메시지와 잔잔한 감동이 있습니다.,철학 메시지 잔잔하다 감동,22,5,2021,1,0,positive,0,0,1,0,0,0,0,0,0,0,0,0,0,0,0,0,0,0,0,0,0,0,0,0,0,0,0,0,0,0
5.0,2021-01-18,재미있어요,재미있다,5,1,2021,1,0,positive,0,0,0,0,0,0,0,0,0,0,0,0,0,0,0,0,0,0,0,0,0,0,0,0,1,0,0,0,0,0
5.0,2021-01-17,가볍게 재있게 읽다가 뒷부분에서 많이 울었어요. 엄마도 그랬을까...,가볍다 재다 부분 울다 엄마 그렇다,38,8,2021,1,6,positive,0,1,0,0,0,0,0,0,0,0,0,0,0,0,0,0,0,0,0,0,0,0,0,0,0,0,0,0,0,0
5.0,2021-01-15,잘 읽었어요 술술 읽히네요,자다 술술 읽히다,14,4,2021,1,4,positive,0,0,0,0,0,0,0,0,0,0,0,0,0,0,0,0,0,0,0,0,0,1,1,0,0,0,0,0,0,0
5.0,2021-01-15,매진 아니던데. 잘 배송 옴,매진 자다 배송 옴,15,5,2021,1,4,positive,0,0,0,0,0,0,0,0,0,0,0,0,0,0,0,0,0,0,0,0,0,0,1,0,0,0,0,0,0,0
5.0,2021-01-15,재밌어요,재밌다,4,1,2021,1,4,positive,0,0,0,0,0,0,0,0,0,0,0,0,0,0,0,0,0,0,0,0,0,0,0,0,0,1,0,0,0,0
5.0,2021-01-15,연말연시에 읽기 좋은 따뜻한 소설책!,연말 시 좋다 따뜻하다 소설,20,5,2021,1,4,positive,0,0,0,0,0,0,0,1,0,0,0,0,0,0,0,1,0,0,0,0,0,0,0,0,0,0,1,0,0,0
5.0,2021-01-15,재미있어요,재미있다,5,1,2021,1,4,positive,0,0,0,0,0,0,0,0,0,0,0,0,0,0,0,0,0,0,0,0,0,0,0,0,1,0,0,0,0,0
5.0,2021-01-14,책 읽는 재미를 모르던 나에게 독서의 즐거움을 알려준 책! 읽을 때마다 설레었다,재미 모르다 나 독서 즐거움 알다 준 때 설레다,44,12,2021,1,3,positive,0,0,0,0,0,0,0,0,0,0,0,0,0,0,0,0,0,0,0,0,0,0,0,1,0,0,0,0,0,0
5.0,2021-01-14,정말 너무 재미있게 읽었습니다. 꼭 읽어보세요 추천합니다.!,재미있다 꼭 추천,33,7,2021,1,3,positive,0,0,0,0,0,0,0,0,0,0,0,0,0,0,0,0,0,0,0,0,0,0,0,0,1,0,0,0,1,0
5.0,2021-01-14,너무 좋아요! 밤에 잠들기전에 읽으면 너무 포근한 느낌도 들어서 좋아요.. 완전추천 ㅠㅠ,좋다 밤 잠들다 기전 포근하다 들어서다 좋다 완전 추천,49,12,2021,1,3,positive,0,0,0,0,0,0,0,0,0,0,0,0,0,0,0,0,0,0,0,0,0,0,0,0,0,0,2,0,1,0
5.0,2021-01-14,"오랜만에 국내작가의 책을 읽었는데, 생각보다는 재미 있었습니다만, 약간의 뭔가 아쉬움있어요",만 국내 작가 생각 재미 약간 뭔가 아쉬움,50,10,2021,1,3,positive,0,0,0,0,0,0,0,0,0,0,0,0,0,1,0,0,0,0,0,0,0,0,0,1,0,0,0,0,0,0
5.0,2021-01-13,"크리스마스 선물로 받아서 읽어봤는데 , 되게 재밌었어요 !",크리스마스 선물 받다 재밌다,32,8,2021,1,2,positive,0,0,0,0,0,0,0,0,0,1,0,0,0,0,1,0,0,0,0,0,0,0,0,0,0,1,0,0,0,0
5.0,2021-01-13,방금 다 읽었는데 뒤로 갈수록 너무 재밌었어요 인생 드라마를 한편 소장하게 된 느낌입니다,방금 뒤 갈수록 재밌다 인생 드라마 한편 소장,49,13,2021,1,2,positive,0,0,0,0,0,0,0,0,0,0,0,0,0,0,0,0,0,0,0,0,0,0,0,0,0,1,0,0,0,0
5.0,2021-01-13,편하게  쭉 읽을수 있어요,편하다 쭉,14,4,2021,1,2,positive,0,0,0,0,0,0,0,0,0,0,0,0,0,0,0,0,0,0,0,0,0,0,0,0,0,0,0,0,0,0
5.0,2021-01-13,중학생 아들한테 읽어보라고 사줬는데..재미있게 잘읽네요~,중학생 아들 보라 사주다 재미있다,31,5,2021,1,2,positive,0,0,0,0,0,0,0,0,0,0,0,0,0,0,0,0,0,0,0,0,0,0,0,0,1,0,0,0,0,0
5.0,2021-01-13,이런 이야기를 상상해내는 작가님이 대단하십니다. 참 재미있네요,이렇다 이야기 상상 해내다 작가 대단하다 차다 재미있다,34,7,2021,1,2,positive,0,0,0,0,0,0,0,0,0,0,0,0,0,0,0,0,0,0,0,0,1,0,0,0,1,0,0,0,0,0
5.0,2021-01-12,중3딸아이가 읽고싶다해서 주문해줬네요 내용이 신선하고 잔잔하고 감동도 있다네요,중 3 딸아이 다해 주문 해주다 내용 신선하다 잔잔하다 감동,43,8,2021,1,1,positive,0,0,1,0,0,1,0,0,0,0,0,0,0,0,0,0,0,0,1,0,0,0,0,0,0,0,0,1,0,0
5.0,2021-01-12,너무나 재미있는 상상력~~기분좋은..꿈꾸고 싶네요^^,재미있다 상상력 기분 좋다 꿈꾸다,29,4,2021,1,1,positive,0,0,0,0,0,0,0,0,0,0,0,0,1,0,0,0,0,0,0,0,0,0,0,0,1,0,1,0,0,0
5.0,2021-01-12,추천합니다. 재밌네요,추천 재밌다,11,2,2021,1,1,positive,0,0,0,0,0,0,0,0,0,0,0,0,0,0,0,0,0,0,0,0,0,0,0,0,0,1,0,0,1,0
5.0,2021-01-10,빠른 배송 감사합니다.,빠르다 배송 감사하다,12,3,2021,1,6,positive,0,0,0,0,0,0,0,0,0,0,0,0,0,0,0,0,0,0,0,0,0,0,0,0,0,0,0,0,0,0
5.0,2021-01-10,흡입력이 어마무시..,흡입 어마 무시,11,2,2021,1,6,positive,0,0,0,0,0,0,0,0,0,0,0,0,0,0,0,0,0,0,0,0,0,0,0,0,0,0,0,0,0,0
5.0,2021-01-10,아이가 재미있어 합니다,아이 재미있다,12,3,2021,1,6,positive,0,0,0,0,0,0,0,0,0,0,0,0,0,0,0,0,0,0,0,1,0,0,0,0,1,0,0,0,0,0
5.0,2021-01-10,아이들이 읽어도 좋을것 같아요!!,아이 좋다,18,4,2021,1,6,positive,0,0,0,0,0,0,0,0,0,0,0,0,0,0,0,0,0,0,0,1,0,0,0,0,0,0,1,0,0,0
5.0,2021-01-10,애들이 좋아해요,애 좋아하다,8,2,2021,1,6,positive,0,0,0,0,0,0,0,0,0,0,0,0,0,0,0,0,0,0,0,0,0,0,0,0,0,0,0,0,0,0
5.0,2021-01-10,계속 읽고 싶어요 2권 나오면 좋겠어요!,계속 2 권 좋다,22,6,2021,1,6,positive,0,0,0,0,0,0,0,0,0,0,0,0,0,0,0,0,0,0,0,0,0,0,0,0,0,0,1,0,0,0
5.0,2021-01-09,자극적이지 않고 담백하면서도 진솔한 감정이 느껴지기에 온가족이 읽으면 좋은 이야기♡,자극 담백하다 진솔하다 감정 느껴지다 가족 좋다 이야기,46,10,2021,1,5,positive,0,0,0,0,0,0,0,0,0,0,0,0,0,0,0,0,0,0,0,0,1,0,0,0,0,0,1,0,0,0
5.0,2021-01-09,너무 힐링 되는 책이네요,힐링 요,13,4,2021,1,5,positive,0,0,0,0,0,0,0,0,0,0,0,0,0,0,0,0,0,0,0,0,0,0,0,0,0,0,0,0,0,0
5.0,2021-01-09,시작 전 이지만..기대,시작 전 기대,12,3,2021,1,5,positive,0,0,0,1,0,0,0,0,0,0,0,0,0,0,0,0,0,0,0,0,0,0,0,0,0,0,0,0,0,0
5.0,2021-01-08,재밌어요.. 감동받아 눈물까지 흘렸네요 추천하고싶은 책이에요!! :),재밌다 감동 받다 눈물 흘리다 추천,38,7,2021,1,4,positive,0,0,1,0,0,0,0,0,0,1,0,0,0,0,0,0,0,0,0,0,0,0,0,0,0,1,0,0,1,0
5.0,2021-01-08,아직 읽진 않았지만,,10,3,2021,1,4,positive,0,0,0,0,0,0,0,0,0,0,0,0,0,0,0,0,0,0,0,0,0,0,0,0,0,0,0,0,0,0
5.0,2021-01-08,"재밋음, 빠르게 읽었어요",재밋음 빠르다,13,3,2021,1,4,positive,0,0,0,0,0,0,0,0,0,0,0,0,0,0,0,0,0,0,0,0,0,0,0,0,0,0,0,0,0,0
5.0,2021-01-08,도서관에서 빌려 읽었는데 너무너무 재밌고 새로운 맛이어서 책을 사게됬어요.,도서관 빌리다 재밌다 새롭다 맛 사다,41,9,2021,1,4,positive,0,0,0,0,0,0,0,0,0,0,0,0,0,0,0,0,0,0,0,0,0,0,0,0,0,1,0,0,0,0
5.0,2021-01-08,이거 진짜 재미있어요 이거땜에 책 엄청읽는중 달러구트를 능가할만한 감동을 주는 책이없다,거 진짜 재미있다 거땜 중 달러 구트 능가 감동 주다,48,11,2021,1,4,positive,0,0,1,0,0,0,0,0,0,0,0,0,0,0,0,0,0,0,0,0,0,0,0,0,1,0,0,0,0,0
5.0,2021-01-08,아껴 읽게 되는 책. 다 읽으면 다시 한번 더 읽을거예요.,아끼다 다시 한번,32,10,2021,1,4,positive,0,0,0,0,0,0,0,0,0,0,0,0,0,0,0,0,0,0,0,0,0,0,0,0,0,0,0,0,0,0
5.0,2021-01-08,"이 백화점 문을 열고 들어가면, 내가 원하는 꿈을 살 수 있다고 상상해보세요~",백화점 문 열다 들어가다 내 원하다 꿈 살 상상 해보다,43,12,2021,1,4,positive,0,0,0,0,0,0,0,0,0,0,1,0,0,0,0,0,0,0,0,0,0,0,0,0,0,0,0,0,0,0
5.0,2021-01-08,마음이 몽글몽글 해지는 것 같네요,마음 해지,18,5,2021,1,4,positive,0,0,0,0,0,0,0,0,1,0,0,0,0,0,0,0,0,0,0,0,0,0,0,0,0,0,0,0,0,0
5.0,2021-01-08,진짜 너무 재밌어요 추천합니다,진짜 재밌다 추천,16,4,2021,1,4,positive,0,0,0,0,0,0,0,0,0,0,0,0,0,0,0,0,0,0,0,0,0,0,0,0,0,1,0,0,1,0
5.0,2021-01-07,생각의 전환을 일으켜준 책,생각 전환 일으키다 준,14,4,2021,1,3,positive,0,0,0,0,0,0,0,0,0,0,0,0,0,1,0,0,0,0,0,0,0,0,0,0,0,0,0,0,0,0
5.0,2021-01-07,재미있어서 아이에게도 권해주고 싶어요.,재미있다 아이 권 해주다,21,4,2021,1,3,positive,0,0,0,0,0,0,0,0,0,0,0,0,0,0,0,0,0,0,0,1,0,0,0,0,1,0,0,0,0,0
5.0,2021-01-07,해리포터이후로 이렇게 흥미진진하고 재미있는책은 처음이에요!! 몰입감 최고!!,해리포터 이후 흥미진진 재미있다 처음 몰입 감 최고,42,7,2021,1,3,positive,0,0,0,0,0,0,0,0,0,0,0,0,0,0,0,0,0,0,0,0,0,0,0,0,1,0,0,0,0,0
5.0,2021-01-07,아이가 좋다고 하네요,아이 좋다,11,3,2021,1,3,positive,0,0,0,0,0,0,0,0,0,0,0,0,0,0,0,0,0,0,0,1,0,0,0,0,0,0,1,0,0,0
5.0,2021-01-07,겉표지와 책 내용을 읽고 나미야잡화점 생각이 나서 바로 주문 읽고나서 참 마음이 따뜻해지는,겉 표지 내용 나미 잡화 점 생각 나서다 바로 주문 차다 마음 따뜻하다,50,13,2021,1,3,positive,0,0,0,0,0,1,0,1,1,0,0,0,0,1,0,0,0,0,0,0,0,0,0,0,0,0,0,1,0,0
5.0,2021-01-07,편하게 읽히기도 하지만 눈앞에 그려지는듯한 전개가 읽는내내 흥미진진했습니다,편하다 읽히다 기도 눈앞 그려지다 전개 흥미진진,41,8,2021,1,3,positive,0,0,0,0,0,0,0,0,0,0,0,0,0,0,0,0,0,0,0,0,0,1,0,0,0,0,0,0,0,0
5.0,2021-01-07,읽기전이지만 기대하고 구매했습니다,기대하다,18,3,2021,1,3,positive,0,0,0,0,0,0,0,0,0,0,0,0,0,0,0,0,0,0,0,0,0,0,0,0,0,0,0,0,0,0
5.0,2021-01-07,꿈에서 펼쳐질수있는 모든것,꿈 펼쳐지다,14,3,2021,1,3,positive,0,0,0,0,0,0,0,0,0,0,0,0,0,0,0,0,0,0,0,0,0,0,0,0,0,0,0,0,0,0
5.0,2021-01-06,재밌습니다. 후회안합니다 !!,재밌다 후회 안,16,3,2021,1,2,positive,0,0,0,0,0,0,0,0,0,0,0,0,0,0,0,0,0,0,0,0,0,0,0,0,0,1,0,0,0,0
5.0,2021-01-06,너무 신선한 주제에 신선한 이야기 전개 재미있게 읽었습니다,신선하다 주제 신선하다 이야기 전개 재미있다,32,8,2021,1,2,positive,0,0,0,0,0,0,0,0,0,0,0,0,0,0,0,0,0,0,2,0,1,0,0,0,1,0,0,0,0,0
5.0,2021-01-06,너무좋아요너무좋아요,좋다 좋다,10,1,2021,1,2,positive,0,0,0,0,0,0,0,0,0,0,0,0,0,0,0,0,0,0,0,0,0,0,0,0,0,0,2,0,0,0
5.0,2021-01-06,정말 재미있어요!! 시간가는 줄 모르고 읽었어요. 따뜻하고 신비한 내용이 뻔하지 않았어요.,재미있다 시간 가다 줄 모르다 따뜻하다 신비하다 내용 뻔하다,50,11,2021,1,2,positive,1,0,0,0,0,1,0,1,0,0,0,0,0,0,0,0,0,1,0,0,0,0,0,0,1,0,0,0,0,0
5.0,2021-01-06,230쇄 찍을만한 책이네요 아이도 어른도 좋아할...,230 쇄 찍다 요 아이 어른 좋아하다,29,6,2021,1,2,positive,0,0,0,0,0,0,0,0,0,0,0,0,0,0,0,0,0,0,0,1,0,0,0,0,0,0,0,0,0,0
5.0,2021-01-06,진짜 두께감에 처음에는 망설였으나 읽을 수록 더 읽고싶어 천천히 읽은책.,진짜 두께 감 처음 망설이다 수록,40,10,2021,1,2,positive,0,0,0,0,0,0,0,0,0,0,0,0,0,0,0,0,0,0,0,0,0,0,0,0,0,0,0,0,0,0
5.0,2021-01-06,꿈에 대해서 이렇게 생각할 수가 있다니~~ 재밌고 따뜻했어요~~,꿈 대해 생각 수가 재밌다 따뜻하다,35,8,2021,1,2,positive,0,0,0,0,0,0,0,1,0,0,0,0,0,1,0,0,0,0,0,0,0,0,0,0,0,1,0,0,0,0
5.0,2021-01-06,"추천받아서 샀는데, 재밌어요. 아이도 같이 볼 수 있을 것 같아요.",추천 받다 사다 재밌다 아이 볼,37,10,2021,1,2,positive,0,0,0,0,0,0,0,0,0,1,0,0,0,0,0,0,0,0,0,1,0,0,0,0,0,1,0,0,1,0
5.0,2021-01-05,너무좋아요너무좋아요,좋다 좋다,10,1,2021,1,1,positive,0,0,0,0,0,0,0,0,0,0,0,0,0,0,0,0,0,0,0,0,0,0,0,0,0,0,2,0,0,0
5.0,2021-01-05,좋은 꿈을 꾼 기분,좋다 꿈 꾼 기분,10,4,2021,1,1,positive,0,0,0,0,0,0,0,0,0,0,0,0,0,0,0,0,0,0,0,0,0,0,0,0,0,0,1,0,0,0
5.0,2021-01-05,선물했어요.,선물,6,1,2021,1,1,positive,0,0,0,0,0,0,0,0,0,0,0,0,0,0,1,0,0,0,0,0,0,0,0,0,0,0,0,0,0,0
5.0,2021-01-05,오랜만에 좋은책읽었어요~^^,만 좋다,15,2,2021,1,1,positive,0,0,0,0,0,0,0,0,0,0,0,0,0,0,0,0,0,0,0,0,0,0,0,0,0,0,1,0,0,0
5.0,2021-01-05,나도가고싶다,나다,6,1,2021,1,1,positive,0,0,0,0,0,0,0,0,0,0,0,0,0,0,0,0,0,0,0,0,0,0,0,0,0,0,0,0,0,0
5.0,2021-01-05,너무 재밌었어요,재밌다,8,2,2021,1,1,positive,0,0,0,0,0,0,0,0,0,0,0,0,0,0,0,0,0,0,0,0,0,0,0,0,0,1,0,0,0,0
5.0,2021-01-05,잘읽을게요,,5,1,2021,1,1,positive,0,0,0,0,0,0,0,0,0,0,0,0,0,0,0,0,0,0,0,0,0,0,0,0,0,0,0,0,0,0
5.0,2021-01-05,오랜만에 느껴보는 판타지,만 판타지,13,3,2021,1,1,positive,0,0,0,0,0,0,0,0,0,0,0,0,0,0,0,0,0,0,0,0,0,0,0,0,0,0,0,0,0,0
5.0,2021-01-04,좋습니다~^^,좋다,7,1,2021,1,0,positive,0,0,0,0,0,0,0,0,0,0,0,0,0,0,0,0,0,0,0,0,0,0,0,0,0,0,1,0,0,0
5.0,2021-01-04,실제로 있는곳 같은 상상을하게 되는 책!,실제 곳 상상,22,6,2021,1,0,positive,0,0,0,0,0,0,0,0,0,0,0,0,0,0,0,0,0,0,0,0,0,0,0,0,0,0,0,0,0,0
5.0,2021-01-04,판타지를 좋아하는 딸이 재미있게 읽었어요.,판타지 좋아하다 딸 재미있다,23,5,2021,1,0,positive,0,0,0,0,0,0,0,0,0,0,0,0,0,0,0,0,0,0,0,0,0,0,0,0,1,0,0,0,0,0
5.0,2021-01-04,읽기전인데흥미로운스토리 기대됩니다,흥미롭다 스토리 기대,18,2,2021,1,0,positive,0,0,0,1,0,0,0,0,0,0,0,0,0,0,0,0,0,0,0,0,0,0,0,0,0,0,0,0,0,1
5.0,2021-01-04,딸이 읽고 싶어해 주문했는데 후기가 좋아 저도 읽고 싶네요.,딸 주문 후기 좋다,33,9,2021,1,0,positive,0,0,0,0,0,0,0,0,0,0,0,0,0,0,0,0,0,0,0,0,0,0,0,0,0,0,1,1,0,0
5.0,2021-01-04,재미있어요,재미있다,5,1,2021,1,0,positive,0,0,0,0,0,0,0,0,0,0,0,0,0,0,0,0,0,0,0,0,0,0,0,0,1,0,0,0,0,0
5.0,2021-01-03,소재가 독특해서 좋았음,소재 독특하다 좋다,12,3,2021,1,6,positive,0,0,0,0,0,0,0,0,0,0,0,0,0,0,0,0,1,0,0,0,0,0,0,0,0,0,1,0,0,0
5.0,2021-01-03,재밌고 뭉클하고 술술 읽히네요^^,재밌다 뭉클하다 술술 읽히다,18,4,2021,1,6,positive,0,0,0,0,0,0,0,0,0,0,0,0,0,0,0,0,0,0,0,0,0,1,0,0,0,1,0,0,0,0
5.0,2021-01-03,너무너무 재미있어서 몇번을 또 읽고 싶어지네요!,재미있다 몇번 또,26,6,2021,1,6,positive,0,0,0,0,0,0,0,0,0,0,0,0,0,0,0,0,0,0,0,0,0,0,0,0,1,0,0,0,0,0
5.0,2021-01-03,너무 너무 추천합니다~꼭 읽어보세요,추천 꼭,19,4,2021,1,6,positive,0,0,0,0,0,0,0,0,0,0,0,0,0,0,0,0,0,0,0,0,0,0,0,0,0,0,0,0,1,0
5.0,2021-01-02,"금방 읽혀요, 그리고 또 읽고 싶어져요!",금방 읽히다 또,22,6,2021,1,5,positive,0,0,0,0,0,0,0,0,0,0,0,0,0,0,0,0,0,0,0,0,0,1,0,0,0,0,0,0,0,0
5.0,2021-01-02,여러곳에서 계속 베스트길래 구매했어요,곳 계속 베스트 길,20,4,2021,1,5,positive,0,0,0,0,0,0,0,0,0,0,0,0,0,0,0,0,0,0,0,0,0,0,0,0,0,0,0,0,0,0
5.0,2021-01-02,간만에 마음에 드는 책!,간만 마음,13,4,2021,1,5,positive,0,0,0,0,0,0,0,0,1,0,0,0,0,0,0,0,0,0,0,0,0,0,0,0,0,0,0,0,0,0
5.0,2021-01-02,너무 재미있네요,재미있다,8,2,2021,1,5,positive,0,0,0,0,0,0,0,0,0,0,0,0,0,0,0,0,0,0,0,0,0,0,0,0,1,0,0,0,0,0
5.0,2021-01-02,재밌고 귀엽고 설레고 감동적이고 좋았어요,재밌다 귀엽다 설레다 감동 좋다,22,5,2021,1,5,positive,0,0,1,0,0,0,0,0,0,0,0,0,0,0,0,0,0,0,0,0,0,0,0,0,0,1,1,0,0,0
5.0,2021-01-01,재미있어요~,재미있다,6,1,2021,1,4,positive,0,0,0,0,0,0,0,0,0,0,0,0,0,0,0,0,0,0,0,0,0,0,0,0,1,0,0,0,0,0
5.0,2021-01-01,재미있어요,재미있다,5,1,2021,1,4,positive,0,0,0,0,0,0,0,0,0,0,0,0,0,0,0,0,0,0,0,0,0,0,0,0,1,0,0,0,0,0
5.0,2021-01-01,마음이 따뜻해지는 이야기. 작가의 다른 작품이 궁금해진다.,마음 따뜻하다 이야기 작가 다른 작품 궁금하다,32,7,2021,1,4,positive,0,0,0,0,0,0,0,1,1,0,0,0,0,0,0,0,0,0,0,0,1,0,0,0,0,0,0,0,0,0
5.0,2021-01-01,잼써요! 영화로 나오면 좋겠어요ㅎㅎㅎㅎㅎㅎㅎ ^-^,잼 써다 영화로 좋다,28,5,2021,1,4,positive,0,0,0,0,0,0,0,0,0,0,0,0,0,0,0,0,0,0,0,0,0,0,0,0,0,0,1,0,0,0
5.0,2021-01-01,재밌는 책입니당,재밌다,8,2,2021,1,4,positive,0,0,0,0,0,0,0,0,0,0,0,0,0,0,0,0,0,0,0,0,0,0,0,0,0,1,0,0,0,0
5.0,2020-12-31,꾸길 바란 꿈은 아니지만 꾸고나면 기분좋은 꿈을 꾼 느낌.,꾸다 바란 꿈 꾸다 기분 좋다 꿈 꾼,32,9,2020,12,3,positive,0,0,0,0,2,0,0,0,0,0,0,0,0,0,0,0,0,0,0,0,0,0,0,0,0,0,1,0,0,0
5.0,2020-12-31,선물했어요,선물,5,1,2020,12,3,positive,0,0,0,0,0,0,0,0,0,0,0,0,0,0,1,0,0,0,0,0,0,0,0,0,0,0,0,0,0,0
5.0,2020-12-31,펼치자 마자 바로 다읽고  다음날에 또읽었어요  두번세번 읽어도 너무 재미있어요,펼치다 마자 바로 다음 날 또 번 세번 재미있다,44,10,2020,12,3,positive,0,0,0,0,0,0,0,0,0,0,0,0,0,0,0,0,0,0,0,0,0,0,0,0,1,0,0,0,0,0
5.0,2020-12-30,제가 읽어보고 좋아서 아이들에게도 크리스마스 선물로주려고 2권이나 더 구매를 했어요.,제 보고 좋다 아이 크리스마스 선물 려고 2 권,47,10,2020,12,2,positive,0,0,0,0,0,0,0,0,0,0,0,0,0,0,1,0,0,0,0,1,0,0,0,0,0,0,1,0,0,0
5.0,2020-12-30,구매 예정엔 없었지만 책평이 좋아서 구입했어요 잘 읽겠습니다,예정 평이 좋다 구입 자다,33,8,2020,12,2,positive,0,0,0,0,0,0,0,0,0,0,0,0,0,0,0,0,0,0,0,0,0,0,1,0,0,0,1,0,0,0
5.0,2020-12-30,시간 가는 줄 모르고 읽었습니다. 정말 재밌었습니다.,시간 가다 줄 모르다 재밌다,29,7,2020,12,2,positive,1,0,0,0,0,0,0,0,0,0,0,0,0,0,0,0,0,1,0,0,0,0,0,0,0,1,0,0,0,0
5.0,2020-12-30,딸에게 선물했어요. 기뻐하네요,딸 선물 기쁘다,16,3,2020,12,2,positive,0,0,0,0,0,0,0,0,0,0,0,0,0,0,1,0,0,0,0,0,0,0,0,0,0,0,0,0,0,0
5.0,2020-12-29,좋아요,좋다,3,1,2020,12,1,positive,0,0,0,0,0,0,0,0,0,0,0,0,0,0,0,0,0,0,0,0,0,0,0,0,0,0,1,0,0,0
5.0,2020-12-29,마지막엔...눈물이...내용 좋아요~^^,마지막 눈물 내용 좋다,22,2,2020,12,1,positive,0,0,0,0,0,1,0,0,0,0,0,0,0,0,0,0,0,0,0,0,0,0,0,0,0,0,1,0,0,0
5.0,2020-12-29,잘 읽었어요,자다,6,2,2020,12,1,positive,0,0,0,0,0,0,0,0,0,0,0,0,0,0,0,0,0,0,0,0,0,0,1,0,0,0,0,0,0,0
5.0,2020-12-29,어른들은 위한 동화같았어요~ 보면서 눈물 찔끔찔끔ㅜㅜ,어른 위 동화 눈물,29,6,2020,12,1,positive,0,0,0,0,0,0,1,0,0,0,0,0,0,0,0,0,0,0,0,0,0,0,0,0,0,0,0,0,0,0
5.0,2020-12-28,좋아요,좋다,3,1,2020,12,0,positive,0,0,0,0,0,0,0,0,0,0,0,0,0,0,0,0,0,0,0,0,0,0,0,0,0,0,1,0,0,0
5.0,2020-12-28,마음이 몽글몽글해지고 따뜻한 책이었어요,마음 몽글몽글하다 따뜻하다,21,4,2020,12,0,positive,0,0,0,0,0,0,0,1,1,0,0,0,0,0,0,0,0,0,0,0,0,0,0,0,0,0,0,0,0,0
5.0,2020-12-28,소설 초반부터 사람을 끌어당기는 마법의 책임.굳었던 상상력에 기름칠하는 책!,소설 초반 사람 끌어당기다 마법 책임 굳다 상상력 기름 칠하다,42,9,2020,12,0,positive,0,0,0,0,0,0,0,0,0,0,0,0,1,0,0,1,0,0,0,0,0,0,0,0,0,0,0,0,0,0
5.0,2020-12-27,다음이야기가 너무 궁금해서 금방읽었네요 소설이 잘 읽히고 가슴따뜻해지네요,다음 이야기 궁금하다 금방 소설 자다 읽히다 가슴 따뜻하다,40,8,2020,12,6,positive,0,0,0,0,0,0,0,1,0,0,0,0,0,0,0,1,0,0,0,0,1,1,1,0,0,0,0,0,0,0
5.0,2020-12-27,지인에게 선물했는데 넘 재미있었다고 하시더라구요~,지인 선물 넘다 재미있다,27,5,2020,12,6,positive,0,0,0,0,0,0,0,0,0,0,0,0,0,0,1,0,0,0,0,0,0,0,0,0,1,0,0,0,0,0
5.0,2020-12-27,재밌어요,재밌다,4,1,2020,12,6,positive,0,0,0,0,0,0,0,0,0,0,0,0,0,0,0,0,0,0,0,0,0,0,0,0,0,1,0,0,0,0
5.0,2020-12-27,언넝읽고싶네요ㅎ,넝,8,1,2020,12,6,positive,0,0,0,0,0,0,0,0,0,0,0,0,0,0,0,0,0,0,0,0,0,0,0,0,0,0,0,0,0,0
5.0,2020-12-27,마음에 힐링이되는 책입니다. 꿈을 팔면서 여러 사연이 소개되는데  딸아이가 넘 감동받았네요,마음 힐링 꿈 팔면 여러 사연 소개 딸아이 넘다 감동 받다,50,11,2020,12,6,positive,0,0,1,0,0,0,0,0,1,1,0,0,0,0,0,0,0,0,0,0,0,0,0,0,0,0,0,0,0,0
5.0,2020-12-27,너무 재밌게 읽었어요 감동적이에요,재밌다 감동,18,4,2020,12,6,positive,0,0,1,0,0,0,0,0,0,0,0,0,0,0,0,0,0,0,0,0,0,0,0,0,0,1,0,0,0,0
5.0,2020-12-27,베스킨 셀러라서 구매했습니다  딸이 잘 읽고 있습니다,베 스킨 셀러 딸 자다,29,7,2020,12,6,positive,0,0,0,0,0,0,0,0,0,0,0,0,0,0,0,0,0,0,0,0,0,0,1,0,0,0,0,0,0,0
5.0,2020-12-27,시간가는줄 모르고 읽었습니다,시간 가다 모르다,15,3,2020,12,6,positive,1,0,0,0,0,0,0,0,0,0,0,0,0,0,0,0,0,1,0,0,0,0,0,0,0,0,0,0,0,0
5.0,2020-12-26,술술 잘 읽혀지고 흥미롭습니다.,술술 자다 읽히다 흥미롭다,17,4,2020,12,5,positive,0,0,0,0,0,0,0,0,0,0,0,0,0,0,0,0,0,0,0,0,0,1,1,0,0,0,0,0,0,1
5.0,2020-12-26,재밌어요 한권 더 구입해서 선물 하려구요,재밌다 권 구입 선물,22,6,2020,12,5,positive,0,0,0,0,0,0,0,0,0,0,0,0,0,0,1,0,0,0,0,0,0,0,0,0,0,1,0,0,0,0
5.0,2020-12-26,해리포터를 읽었던 때처럼 설레요.,해리포터 때 설레다,18,4,2020,12,5,positive,0,0,0,0,0,0,0,0,0,0,0,0,0,0,0,0,0,0,0,0,0,0,0,0,0,0,0,0,0,0
5.0,2020-12-26,잘 받았어요.,자다 받다,7,2,2020,12,5,positive,0,0,0,0,0,0,0,0,0,1,0,0,0,0,0,0,0,0,0,0,0,0,1,0,0,0,0,0,0,0
5.0,2020-12-26,기대,기대,2,1,2020,12,5,positive,0,0,0,1,0,0,0,0,0,0,0,0,0,0,0,0,0,0,0,0,0,0,0,0,0,0,0,0,0,0
5.0,2020-12-25,재밌어요,재밌다,4,1,2020,12,4,positive,0,0,0,0,0,0,0,0,0,0,0,0,0,0,0,0,0,0,0,0,0,0,0,0,0,1,0,0,0,0
5.0,2020-12-24,재밌게 봤고 끝부분에 할머니랑 딸이야기 나올땐 눈물도 흘렸어요.,재밌다 끝 부분 할머니 딸 이야기 땐 눈물 흘리다,35,8,2020,12,3,positive,0,0,0,0,0,0,0,0,0,0,0,0,0,0,0,0,0,0,0,0,1,0,0,0,0,1,0,0,0,0
5.0,2020-12-24,재밌어요,재밌다,4,1,2020,12,3,positive,0,0,0,0,0,0,0,0,0,0,0,0,0,0,0,0,0,0,0,0,0,0,0,0,0,1,0,0,0,0
5.0,2020-12-24,크리스마스 선물로 구입했어요,크리스마스 선물 구입,15,3,2020,12,3,positive,0,0,0,0,0,0,0,0,0,0,0,0,0,0,1,0,0,0,0,0,0,0,0,0,0,0,0,0,0,0
5.0,2020-12-24,당신의 꿈은 매진입니다!!,당신 꿈 매진,14,3,2020,12,3,positive,0,0,0,0,0,0,0,0,0,0,0,0,0,0,0,0,0,0,0,0,0,0,0,0,0,0,0,0,0,0
5.0,2020-12-24,굿굿,굿굿,2,1,2020,12,3,positive,0,0,0,0,0,0,0,0,0,0,0,0,0,0,0,0,0,0,0,0,0,0,0,0,0,0,0,0,0,0
5.0,2020-12-24,정말 달콤한 책! 부담없이 읽을 수 있어서 더 조아요.,달콤하다 부담 좋다,30,9,2020,12,3,positive,0,0,0,0,0,0,0,0,0,0,0,0,0,0,0,0,0,0,0,0,0,0,0,0,0,0,1,0,0,0
5.0,2020-12-23,재밌어요.,재밌다,5,1,2020,12,2,positive,0,0,0,0,0,0,0,0,0,0,0,0,0,0,0,0,0,0,0,0,0,0,0,0,0,1,0,0,0,0
5.0,2020-12-23,재미있게 잘 읽겠습니다,재미있다 자다,12,3,2020,12,2,positive,0,0,0,0,0,0,0,0,0,0,0,0,0,0,0,0,0,0,0,0,0,0,1,0,1,0,0,0,0,0
5.0,2020-12-23,매일 자기전 달러구트의 꿈백화점에 갈 생각에 기대하며 잠자리에 듭니다.,매일 자다 달러 구트 꿈 백화점 갈다 생각 기대하다 잠자리 듭니,39,9,2020,12,2,positive,0,0,0,0,0,0,0,0,0,0,1,0,0,1,0,0,0,0,0,0,0,0,1,0,0,0,0,0,0,0
5.0,2020-12-22,집콕하는 초등 아이도 너무 재미있다고 해요~!,집콕 초등 아이 재미있다 해,25,6,2020,12,1,positive,0,0,0,0,0,0,0,0,0,0,0,0,0,0,0,0,0,0,0,1,0,0,0,0,1,0,0,0,0,0
5.0,2020-12-22,아이가 필요한책이라서 구매했습니다,아이 필요하다,18,3,2020,12,1,positive,0,0,0,0,0,0,0,0,0,0,0,0,0,0,0,0,0,0,0,1,0,0,0,0,0,0,0,0,0,0
5.0,2020-12-21,인기가 엄청나던데 내용 기대됩니다. 잘읽겠습니다,인기 엄청나다 내용 기대,26,5,2020,12,0,positive,0,0,0,1,0,1,0,0,0,0,0,0,0,0,0,0,0,0,0,0,0,0,0,0,0,0,0,0,0,0
5.0,2020-12-21,고1 제자 선물했어요~! 저도 사서 읽어보려구요!,고 1 제자 선물 사서,27,6,2020,12,0,positive,0,0,0,0,0,0,0,0,0,0,0,0,0,0,1,0,0,0,0,0,0,0,0,0,0,0,0,0,0,0
5.0,2020-12-21,잘읽겠습니다~~,,8,1,2020,12,0,positive,0,0,0,0,0,0,0,0,0,0,0,0,0,0,0,0,0,0,0,0,0,0,0,0,0,0,0,0,0,0
5.0,2020-12-21,아이들과 함께 읽어도 좋을 것 같은 이야기네요.,아이 좋다 이야기,26,7,2020,12,0,positive,0,0,0,0,0,0,0,0,0,0,0,0,0,0,0,0,0,0,0,1,1,0,0,0,0,0,1,0,0,0
5.0,2020-12-21,소재가 흥미로워 기분이 좋아지는 책. 10대 아이랑 같이 읽어도 좋겠어요.,소재 흥미롭다 기분 좋아지다 10 대다 아이 좋다,41,10,2020,12,0,positive,0,0,0,0,0,0,0,0,0,0,0,0,0,0,0,0,1,0,0,1,0,0,0,0,0,0,1,0,0,1
5.0,2020-12-21,크리스마스선물로 구입해줬는데 아이가 좋아하네요 잘 읽었으면 좋겠습니다,크리스마스 선물 구입 해주다 아이 좋아하다 자다 좋다,38,7,2020,12,0,positive,0,0,0,0,0,0,0,0,0,0,0,0,0,0,1,0,0,0,0,1,0,0,1,0,0,0,1,0,0,0
5.0,2020-12-21,믿었고 믿는 그대로 였습니다^^,믿다 믿다 그대로,17,4,2020,12,0,positive,0,0,0,0,0,0,0,0,0,0,0,0,0,0,0,0,0,0,0,0,0,0,0,0,0,0,0,0,0,0
5.0,2020-12-20,기발하네요,기발하다,5,1,2020,12,6,positive,0,0,0,0,0,0,0,0,0,0,0,0,0,0,0,0,0,0,0,0,0,0,0,0,0,0,0,0,0,0
5.0,2020-12-20,너무 유명한 책이라 이제서야 읽어봅니다,유명하다 이제 서다,21,5,2020,12,6,positive,0,0,0,0,0,0,0,0,0,0,0,0,0,0,0,0,0,0,0,0,0,0,0,0,0,0,0,0,0,0
5.0,2020-12-20,대만족,만족,3,1,2020,12,6,positive,0,0,0,0,0,0,0,0,0,0,0,0,0,0,0,0,0,0,0,0,0,0,0,0,0,0,0,0,0,0
5.0,2020-12-20,ㄱ 좋어요,좋다,5,2,2020,12,6,positive,0,0,0,0,0,0,0,0,0,0,0,0,0,0,0,0,0,0,0,0,0,0,0,0,0,0,1,0,0,0
5.0,2020-12-19,오랜만에 정말 감동적이지만 진부하지 않은 소설... 마지막은 정말 울지 않을 수 없네요,만 감동 진부하다 소설 마지막 울,48,12,2020,12,5,positive,0,0,1,0,0,0,0,0,0,0,0,0,0,0,0,1,0,0,0,0,0,0,0,0,0,0,0,0,0,0
5.0,2020-12-19,참신한 소재. 재밌게 읽었습니다,참신하다 소재 재밌다,17,4,2020,12,5,positive,0,0,0,0,0,0,0,0,0,0,0,0,0,0,0,0,1,0,0,0,0,0,0,0,0,1,0,0,0,0
5.0,2020-12-18,마음이 따뜻해지는 이야기,마음 따뜻하다 이야기,13,3,2020,12,4,positive,0,0,0,0,0,0,0,1,1,0,0,0,0,0,0,0,0,0,0,0,1,0,0,0,0,0,0,0,0,0
5.0,2020-12-18,재미있어요,재미있다,5,1,2020,12,4,positive,0,0,0,0,0,0,0,0,0,0,0,0,0,0,0,0,0,0,0,0,0,0,0,0,1,0,0,0,0,0
5.0,2020-12-17,꿈꾸고 싶게 만드는 책이네요,꿈꾸다 만들다 요,15,4,2020,12,3,positive,0,0,0,0,0,0,0,0,0,0,0,0,0,0,0,0,0,0,0,0,0,0,0,0,0,0,0,0,0,0
5.0,2020-12-15,오랜만에 꿈이라는 세상에 빠져들 수 있었던 책,만 꿈 세상 빠져들다,25,7,2020,12,1,positive,0,0,0,0,0,0,0,0,0,0,0,0,0,0,0,0,0,0,0,0,0,0,0,0,0,0,0,0,0,0
5.0,2020-12-15,재미있어요,재미있다,5,1,2020,12,1,positive,0,0,0,0,0,0,0,0,0,0,0,0,0,0,0,0,0,0,0,0,0,0,0,0,1,0,0,0,0,0
5.0,2020-12-14,아이 둘이 너무 재미있어 하면서 읽네요 책읽더니 빨리 자고 싶대요 ㅎㅎ,아이 둘 재미있다 자고 대요,39,11,2020,12,0,positive,0,0,0,0,0,0,0,0,0,0,0,0,0,0,0,0,0,0,0,1,0,0,0,0,1,0,0,0,0,0
5.0,2020-12-14,책 찾아 보다가 읽었는데 정말 재미있어요!! (강력 추천)!!!!!!,찾다 재미있다 강력 추천,38,8,2020,12,0,positive,0,0,0,0,0,0,0,0,0,0,0,0,0,0,0,0,0,0,0,0,0,0,0,0,1,0,0,0,1,0
5.0,2020-12-13,"추천받아서 산 책인데, 좋아요~",추천 받다 산 좋다,17,4,2020,12,6,positive,0,0,0,0,0,0,0,0,0,1,0,0,0,0,0,0,0,0,0,0,0,0,0,0,0,0,1,0,1,0
5.0,2020-12-13,아이들과 함께 꼭 한번 꾸어보고 싶은 꿈에 대한 이야기를 나눠봐도 좋을듯 합니다.,아이 꼭 한번 꾸다 보고 꿈 대한 이야기 나누다 좋다,45,12,2020,12,6,positive,0,0,0,0,1,0,0,0,0,0,0,0,0,0,0,0,0,0,0,1,1,0,0,0,0,0,1,0,0,0
5.0,2020-12-12,강추입니다,강추,5,1,2020,12,5,positive,0,0,0,0,0,0,0,0,0,0,0,0,0,0,0,0,0,0,0,0,0,0,0,0,0,0,0,0,0,0
5.0,2020-12-11,아직 읽기전이지만 소재가 흥미로워서 기대중입니다,소재 흥미롭다 대중,26,5,2020,12,4,positive,0,0,0,0,0,0,0,0,0,0,0,0,0,0,0,0,1,0,0,0,0,0,0,0,0,0,0,0,0,1
5.0,2020-12-11,재밌어요ㅎㅎ,재밌다,6,1,2020,12,4,positive,0,0,0,0,0,0,0,0,0,0,0,0,0,0,0,0,0,0,0,0,0,0,0,0,0,1,0,0,0,0
5.0,2020-12-10,우리아들이 먼저 읽었는데 너무재밌어해요 꿈백화점에 가보고싶은 소망이생겼네요,우리 아들 먼저 재밌다 해 꿈 백화점 가보다 소망 생기다,41,7,2020,12,3,positive,0,0,0,0,0,0,0,0,0,0,1,0,0,0,0,0,0,0,0,0,0,0,0,0,0,1,0,0,0,0
5.0,2020-12-10,"몽글몽글한 이야기로 빨리 꿈속에 빠져들고싶다. 나는 오늘 무슨꿈을 구매할까,",몽글몽글하다 이야기 꿈속 빠져들다 나 오늘 꿈,42,9,2020,12,3,positive,0,0,0,0,0,0,0,0,0,0,0,0,0,0,0,0,0,0,0,0,1,0,0,0,0,0,0,0,0,0
5.0,2020-12-10,제목만큼 흥미롭고 재미있다. 딸 아이에게 권했다. 같이 이야기나누려고~,제목 흥미 재미있다 딸 아이 권하다 이야기 나누다,39,8,2020,12,3,positive,0,0,0,0,0,0,0,0,0,0,0,0,0,0,0,0,0,0,0,1,1,0,0,0,1,0,0,0,0,0
5.0,2020-12-09,재미있어요!! 추천합니다!,재미있다 추천,14,2,2020,12,2,positive,0,0,0,0,0,0,0,0,0,0,0,0,0,0,0,0,0,0,0,0,0,0,0,0,1,0,0,0,1,0
5.0,2020-12-09,재밌고 신선해요~! 괜히 잠자기전에 '나도 꿈백화점 다녀올려나??'라는 생각이 들어요.,재밌다 신선하다 잠자다 나다 꿈 백화점 다녀오다 생각,48,9,2020,12,2,positive,0,0,0,0,0,0,0,0,0,0,1,0,0,1,0,0,0,0,1,0,0,0,0,0,0,1,0,0,0,0
5.0,2020-12-09,푹 빠져서 읽었네요 ㅋㅋ 재밌고 읽고나면 마음이 따뜻해져요,푹 빠지다 재밌다 마음 따뜻하다,32,8,2020,12,2,positive,0,0,0,0,0,0,0,1,1,0,0,0,0,0,0,0,0,0,0,0,0,0,0,0,0,1,0,0,0,0
5.0,2020-12-09,재미있어요`~추천,재미있다 추천,9,1,2020,12,2,positive,0,0,0,0,0,0,0,0,0,0,0,0,0,0,0,0,0,0,0,0,0,0,0,0,1,0,0,0,1,0
5.0,2020-12-09,재밌게 잘읽었어요,재밌다,9,2,2020,12,2,positive,0,0,0,0,0,0,0,0,0,0,0,0,0,0,0,0,0,0,0,0,0,0,0,0,0,1,0,0,0,0
5.0,2020-12-07,동화같지만 우리가 매일 여행가는 그 곳!,동화 우리 매일 여행가 곳,22,6,2020,12,0,positive,0,0,0,0,0,0,1,0,0,0,0,0,0,0,0,0,0,0,0,0,0,0,0,0,0,0,0,0,0,0
5.0,2020-12-07,아이들과 같이 읽을 수 있어 좋네요,아이 좋다,19,6,2020,12,0,positive,0,0,0,0,0,0,0,0,0,0,0,0,0,0,0,0,0,0,0,1,0,0,0,0,0,0,1,0,0,0
5.0,2020-12-05,뭔가 집중할게 필요해서 별생각없이 재밌게 읽을꺼리 찾다가 주문했어요 굿,뭔가 집중 필요하다 생각 재밌다 찾다 주문 굿,39,9,2020,12,5,positive,0,0,0,0,0,0,0,0,0,0,0,0,0,1,0,0,0,0,0,0,0,0,0,0,0,1,0,1,0,0
5.0,2020-12-04,펴자마자 멈추지 못하고 순식간에 읽어버린... 감동이였습니다.,펴다 멈추다 못 순식간 버리다 감동,34,6,2020,12,4,positive,0,0,1,0,0,0,0,0,0,0,0,0,0,0,0,0,0,0,0,0,0,0,0,0,0,0,0,0,0,0
5.0,2020-12-03,흥미로운 책,흥미롭다,6,2,2020,12,3,positive,0,0,0,0,0,0,0,0,0,0,0,0,0,0,0,0,0,0,0,0,0,0,0,0,0,0,0,0,0,1
5.0,2020-12-03,재밌게 읽었습니다~,재밌다,10,2,2020,12,3,positive,0,0,0,0,0,0,0,0,0,0,0,0,0,0,0,0,0,0,0,0,0,0,0,0,0,1,0,0,0,0
5.0,2020-12-02,제목에 끌려서 읽는 중인데 재밌고 따스함이 있어요!꿈 백화점에 방문 해보고 싶네요:),제목 끌리다 중 재밌다 따스하다 꿈 백화점 방문 해보다,47,11,2020,12,2,positive,0,0,0,0,0,0,0,0,0,0,1,0,0,0,0,0,0,0,0,0,0,0,0,0,0,1,0,0,0,0
5.0,2020-12-02,초6학년 딸아이와 함께 재미있게 읽었어요^^,초 6 학년 딸아이 재미있다,24,5,2020,12,2,positive,0,0,0,0,0,0,0,0,0,0,0,0,0,0,0,0,0,0,0,0,0,0,0,0,1,0,0,0,0,0
5.0,2020-12-02,재밌어요!,재밌다,5,1,2020,12,2,positive,0,0,0,0,0,0,0,0,0,0,0,0,0,0,0,0,0,0,0,0,0,0,0,0,0,1,0,0,0,0
5.0,2020-12-01,처음엔 이해가 조금 느렸지만 천천히 읽으면서 마지막엔 눈물까지 흘리게하는 책이엇어요,처음 이해 조금 느리다 마지막 눈물 흘리다 책이엇어,46,10,2020,12,1,positive,0,0,0,0,0,0,0,0,0,0,0,0,0,0,0,0,0,0,0,0,0,0,0,0,0,0,0,0,0,0
5.0,2020-12-01,재밌었습니다. 소재도 괜찮았고 후반부에 감동적이고 재밌습니다.,재밌다 소재 괜찮다 후반 부 감동 재밌다,34,6,2020,12,1,positive,0,0,1,0,0,0,0,0,0,0,0,0,0,0,0,0,1,0,0,0,0,0,0,0,0,2,0,0,0,0
5.0,2020-11-30,정말 꿈같은 이야기. 세상 사는 이야기. 가성비 좋은 상품입니다,꿈 이야기 세상 살다 이야기 가성 비 좋다 상품,35,9,2020,11,0,positive,0,0,0,0,0,0,0,0,0,0,0,0,0,0,0,0,0,0,0,0,2,0,0,0,0,0,1,0,0,0
5.0,2020-11-30,꿈이라는 누구나 공감하는 소재로 이야기를만들어 흥미롭게읽었다,꿈 누구 공감 소재 이야기 만들다 흥미롭다,33,6,2020,11,0,positive,0,0,0,0,0,0,0,0,0,0,0,0,0,0,0,0,1,0,0,0,1,0,0,0,0,0,0,0,0,1
5.0,2020-11-29,재미있어요,재미있다,5,1,2020,11,6,positive,0,0,0,0,0,0,0,0,0,0,0,0,0,0,0,0,0,0,0,0,0,0,0,0,1,0,0,0,0,0
5.0,2020-11-28,당일배송좋네요,배송 좋다,7,1,2020,11,5,positive,0,0,0,0,0,0,0,0,0,0,0,0,0,0,0,0,0,0,0,0,0,0,0,0,0,0,1,0,0,0
5.0,2020-11-28,꿈을 꾸게 하는 책,꿈 꾸다,10,4,2020,11,5,positive,0,0,0,0,1,0,0,0,0,0,0,0,0,0,0,0,0,0,0,0,0,0,0,0,0,0,0,0,0,0
5.0,2020-11-28,잼있을거같아구매,재다,8,1,2020,11,5,positive,0,0,0,0,0,0,0,0,0,0,0,0,0,0,0,0,0,0,0,0,0,0,0,0,0,0,0,0,0,0
5.0,2020-11-28,강추합니다 재밌어요,강 추하다 재밌다,10,2,2020,11,5,positive,0,0,0,0,0,0,0,0,0,0,0,0,0,0,0,0,0,0,0,0,0,0,0,0,0,1,0,0,0,0
5.0,2020-11-28,나는 오늘 꿈을 사기 위해 잠이 든다.,나 오늘 꿈 사기 위해 잠,21,7,2020,11,5,positive,0,0,0,0,0,0,0,0,0,0,0,0,0,0,0,0,0,0,0,0,0,0,0,0,0,0,0,0,0,0
5.0,2020-11-27,잘 받았습니다 베스트셀러여서 구입했네요,자다 받다 베스트셀러 구입,21,4,2020,11,4,positive,0,0,0,0,0,0,0,0,0,1,0,1,0,0,0,0,0,0,0,0,0,0,1,0,0,0,0,0,0,0
5.0,2020-11-27,재밌다해서 구입해 봐요~,재밌다 구입,13,3,2020,11,4,positive,0,0,0,0,0,0,0,0,0,0,0,0,0,0,0,0,0,0,0,0,0,0,0,0,0,1,0,0,0,0
5.0,2020-11-24,기대됩니다,기대,5,1,2020,11,1,positive,0,0,0,1,0,0,0,0,0,0,0,0,0,0,0,0,0,0,0,0,0,0,0,0,0,0,0,0,0,0
5.0,2020-11-24,"잠들기 전에 잠깐 읽고 자려고 했는데, 새벽까지 읽었습니다. 최고예요!",잠들다 전 잠깐 자다 새벽 최고,39,9,2020,11,1,positive,0,0,0,0,0,0,0,0,0,0,0,0,0,0,0,0,0,0,0,0,0,0,1,0,0,0,0,0,0,0
5.0,2020-11-23,줄거리가 너무 흥미로워서 읽고 싶었어요,줄거리 흥미롭다,21,5,2020,11,0,positive,0,0,0,0,0,0,0,0,0,0,0,0,0,0,0,0,0,0,0,0,0,0,0,0,0,0,0,0,0,1
5.0,2020-11-23,잘 읽었어요,자다,6,2,2020,11,0,positive,0,0,0,0,0,0,0,0,0,0,0,0,0,0,0,0,0,0,0,0,0,0,1,0,0,0,0,0,0,0
5.0,2020-11-23,저희애가 재밌다고 저한테도 권해주네요,애가 재밌다 테 권 해주다,20,4,2020,11,0,positive,0,0,0,0,0,0,0,0,0,0,0,0,0,0,0,0,0,0,0,0,0,0,0,0,0,1,0,0,0,0
5.0,2020-11-22,흥미롭게 읽었습니다. 신선하네요,흥미롭다 신선하다,17,3,2020,11,6,positive,0,0,0,0,0,0,0,0,0,0,0,0,0,0,0,0,0,0,1,0,0,0,0,0,0,0,0,0,0,1
5.0,2020-11-22,재밌게 읽었습니다. ^^,재밌다,13,3,2020,11,6,positive,0,0,0,0,0,0,0,0,0,0,0,0,0,0,0,0,0,0,0,0,0,0,0,0,0,1,0,0,0,0
5.0,2020-11-20,너무 재밌어서 아껴서 읽었어요ㅠㅅㅠ,재밌다 아끼다,19,4,2020,11,4,positive,0,0,0,0,0,0,0,0,0,0,0,0,0,0,0,0,0,0,0,0,0,0,0,0,0,1,0,0,0,0
5.0,2020-11-17,떠나는 자신은 안중에도 없단다. 그저 남은 사람들이 괜찮기를 바라지. 달러구트 꿈 백화점중,떠나다 자신 안중 남다 사람 괜찮다 기르다 바라지 달러 구트 꿈 백화점,50,12,2020,11,1,positive,0,0,0,0,0,0,0,0,0,0,1,0,0,0,0,0,0,0,0,0,0,0,0,0,0,0,0,0,0,0
5.0,2020-11-17,누구에게나 각자의 사정이 있다,누구 각자 사정,16,4,2020,11,1,positive,0,0,0,0,0,0,0,0,0,0,0,0,0,0,0,0,0,0,0,0,0,0,0,0,0,0,0,0,0,0
5.0,2020-11-17,한 자리에서 3시간만에 뚝딱 다 읽었어요~ 술술 잘 읽혀요,자리 3시간 뚝딱 술술 자다 읽히다,32,9,2020,11,1,positive,0,0,0,0,0,0,0,0,0,0,0,0,0,0,0,0,0,0,0,0,0,1,1,0,0,0,0,0,0,0
5.0,2020-11-17,잘읽을게요,,5,1,2020,11,1,positive,0,0,0,0,0,0,0,0,0,0,0,0,0,0,0,0,0,0,0,0,0,0,0,0,0,0,0,0,0,0
5.0,2020-11-16,빨리 잠들고 싶다. 2시간도 채 안돼서 다 읽었을 정도로 흡입력이 있다,잠들다 2시간 채 돼다 정도 흡입,39,11,2020,11,0,positive,0,0,0,0,0,0,0,0,0,0,0,0,0,0,0,0,0,0,0,0,0,0,0,0,0,0,0,0,0,0
5.0,2020-11-14,넘 잼나게 잘봤어요ㅡ좋은꿈꾸고 싶어요ㅎㅎ,넘다 재다 좋다 꿈꾸다,22,4,2020,11,5,positive,0,0,0,0,0,0,0,0,0,0,0,0,0,0,0,0,0,0,0,0,0,0,0,0,0,0,1,0,0,0
5.0,2020-11-12,재미있어요.,재미있다,6,1,2020,11,3,positive,0,0,0,0,0,0,0,0,0,0,0,0,0,0,0,0,0,0,0,0,0,0,0,0,1,0,0,0,0,0
5.0,2020-11-12,꿈을 소재로한 독특한 세계관과 인물들이 매력적이예요..,꿈 소재 독특하다 세계관 인물 매력 이예,30,6,2020,11,3,positive,0,0,0,0,0,0,0,0,0,0,0,0,0,0,0,0,1,0,0,0,0,0,0,0,0,0,0,0,0,0
5.0,2020-11-11,추천 받아서 기대하고 읽어보겠습니다!,추천 받다 기대하다,20,4,2020,11,2,positive,0,0,0,0,0,0,0,0,0,1,0,0,0,0,0,0,0,0,0,0,0,0,0,0,0,0,0,0,1,0
5.0,2020-11-09,사랑스러운 동화입니다♥,사랑스럽다 동화,12,2,2020,11,0,positive,0,0,0,0,0,0,1,0,0,0,0,0,0,0,0,0,0,0,0,0,0,0,0,0,0,0,0,0,0,0
5.0,2020-11-08,달러구트,달러 구트,4,1,2020,11,6,positive,0,0,0,0,0,0,0,0,0,0,0,0,0,0,0,0,0,0,0,0,0,0,0,0,0,0,0,0,0,0
5.0,2020-11-06,굳,굳다,1,1,2020,11,4,positive,0,0,0,0,0,0,0,0,0,0,0,0,0,0,0,0,0,0,0,0,0,0,0,0,0,0,0,0,0,0
5.0,2020-11-05,빠른 이야기 전개와 감동적인 이야기가 매우 흥미로웠네요,빠르다 이야기 전개 감동 이야기 매우 흥미롭다,30,7,2020,11,3,positive,0,0,1,0,0,0,0,0,0,0,0,0,0,0,0,0,0,0,0,0,2,0,0,0,0,0,0,0,0,1
5.0,2020-11-05,재미있게 잘 읽었습니다,재미있다 자다,12,3,2020,11,3,positive,0,0,0,0,0,0,0,0,0,0,0,0,0,0,0,0,0,0,0,0,0,0,1,0,1,0,0,0,0,0
5.0,2020-11-04,책 제목에서부터 느껴지는 재미??,제목 느껴지다 재미,18,4,2020,11,2,positive,0,0,0,0,0,0,0,0,0,0,0,0,0,0,0,0,0,0,0,0,0,0,0,1,0,0,0,0,0,0
5.0,2020-11-02,제가..책을 여러번 구입했지만..한가지 책을 연속으로 읽은건 이번이 처음예요!,제 번 구입 한가지 연속 이번 처음,43,8,2020,11,0,positive,0,0,0,0,0,0,0,0,0,0,0,0,0,0,0,0,0,0,0,0,0,0,0,0,0,0,0,0,0,0
5.0,2020-10-30,추천합니다,추천,5,1,2020,10,4,positive,0,0,0,0,0,0,0,0,0,0,0,0,0,0,0,0,0,0,0,0,0,0,0,0,0,0,0,0,1,0
5.0,2020-10-29,너무 재밌어서 금방 읽을 수 있었어요!,재밌다 금방,21,6,2020,10,3,positive,0,0,0,0,0,0,0,0,0,0,0,0,0,0,0,0,0,0,0,0,0,0,0,0,0,1,0,0,0,0
5.0,2020-10-29,꿈을 꾸는게 얼마나 낭만적인 일인지 알게되었다.,꿈 꾸다 얼마나 낭만 일인 알 되어다,26,6,2020,10,3,positive,0,0,0,0,1,0,0,0,0,0,0,0,0,0,0,0,0,0,0,0,0,0,0,0,0,0,0,0,0,0
5.0,2020-10-28,어른 아이 모두에게 재밌는 책,어른 아이 모두 재밌다,16,5,2020,10,2,positive,0,0,0,0,0,0,0,0,0,0,0,0,0,0,0,0,0,0,0,1,0,0,0,0,0,1,0,0,0,0
5.0,2020-10-27,베스트셀러라 궁금해서 주문~,베스트셀러 궁금하다 주문,15,3,2020,10,1,positive,0,0,0,0,0,0,0,0,0,0,0,1,0,0,0,0,0,0,0,0,0,0,0,0,0,0,0,1,0,0
5.0,2020-10-26,페니와 함께 꿈꾸듯이 예쁜 세계로,페니 꿈꾸다 예쁘다 세계,18,5,2020,10,0,positive,0,0,0,0,0,0,0,0,0,0,0,0,0,0,0,0,0,0,0,0,0,0,0,0,0,0,0,0,0,0
5.0,2020-10-26,"환상적인 이야기!, 어른들의 동화 같습니다.^^",환상 이야기 어른 동화,26,5,2020,10,0,positive,0,0,0,0,0,0,1,0,0,0,0,0,0,0,0,0,0,0,0,0,1,0,0,0,0,0,0,0,0,0
5.0,2020-10-25,동화처럼 예쁜 이야기를 읽고 싶어서 주문했어요. 삶이 팍팍하니 글 세계로 도피하고 싶네요.,동화 예쁘다 이야기 주문 삶 팍팍하다 글 세계 도피,50,12,2020,10,6,positive,0,0,0,0,0,0,1,0,0,0,0,0,0,0,0,0,0,0,0,0,1,0,0,0,0,0,0,1,0,0
5.0,2020-10-25,잘읽었습ㄴ다,습,6,1,2020,10,6,positive,0,0,0,0,0,0,0,0,0,0,0,0,0,0,0,0,0,0,0,0,0,0,0,0,0,0,0,0,0,0
5.0,2020-10-25,잘봤어요,,4,1,2020,10,6,positive,0,0,0,0,0,0,0,0,0,0,0,0,0,0,0,0,0,0,0,0,0,0,0,0,0,0,0,0,0,0
5.0,2020-10-23,아직읽진않았지만 재밌을것같아요,재밌다,16,2,2020,10,4,positive,0,0,0,0,0,0,0,0,0,0,0,0,0,0,0,0,0,0,0,0,0,0,0,0,0,1,0,0,0,0
5.0,2020-10-22,완전 재밌을거같아요,완전 재밌다,10,2,2020,10,3,positive,0,0,0,0,0,0,0,0,0,0,0,0,0,0,0,0,0,0,0,0,0,0,0,0,0,1,0,0,0,0
5.0,2020-10-22,리뷰보구 재미있을거같아 주문했어요.,리뷰 보구 재미있다 주문,19,3,2020,10,3,positive,0,0,0,0,0,0,0,0,0,0,0,0,0,0,0,0,0,0,0,0,0,0,0,0,1,0,0,1,0,0
5.0,2020-10-21,"오늘 잠든 사이에는, 내가 달러구트 백화점에서 어떤 꿈을 고를지 궁금해지는 책 :)",오늘 잠들다 사이 내 달러 구트 백화점 어떻다 꿈 고르다 궁금하다,46,12,2020,10,2,positive,0,0,0,0,0,0,0,0,0,0,1,0,0,0,0,0,0,0,0,0,0,0,0,0,0,0,0,0,0,0
5.0,2020-10-20,점점 재미있어요 이글의작가는따뜻한시선을가졌을꺼같은 따뜻하고재밌는책이에요,점점 재미있다 이글 작가 따뜻하다 시선 가지다 따뜻하다 재밌다,39,4,2020,10,1,positive,0,0,0,0,0,0,0,2,0,0,0,0,0,0,0,0,0,0,0,0,0,0,0,0,1,1,0,0,0,0
5.0,2020-10-20,흥미롭게 읽고 있습니다,흥미롭다,12,3,2020,10,1,positive,0,0,0,0,0,0,0,0,0,0,0,0,0,0,0,0,0,0,0,0,0,0,0,0,0,0,0,0,0,1
5.0,2020-10-20,이 책을 읽는 동안 신비로운 세계로 여행하는 느낌이었어요,동안 신비롭다 세계 여행,31,8,2020,10,1,positive,0,0,0,0,0,0,0,0,0,0,0,0,0,0,0,0,0,0,0,0,0,0,0,0,0,0,0,0,0,0
5.0,2020-10-19,기대됩니다,기대,5,1,2020,10,0,positive,0,0,0,1,0,0,0,0,0,0,0,0,0,0,0,0,0,0,0,0,0,0,0,0,0,0,0,0,0,0
5.0,2020-10-18,마음이 따뜻해지는 책,마음 따뜻하다,11,3,2020,10,6,positive,0,0,0,0,0,0,0,1,1,0,0,0,0,0,0,0,0,0,0,0,0,0,0,0,0,0,0,0,0,0
5.0,2020-10-18,꿈을 꾸는게 기다리질 정도로 귀여운 책이다. 너무 재밌게 잘읽었다!!,꿈 꾸다 기다리다 정도 귀엽다 재밌다,38,9,2020,10,6,positive,0,0,0,0,1,0,0,0,0,0,0,0,0,0,0,0,0,0,0,0,0,0,0,0,0,1,0,0,0,0
5.0,2020-10-17,막힘없이 술술 읽히는 책,막히다 술술 읽히다,13,4,2020,10,5,positive,0,0,0,0,0,0,0,0,0,0,0,0,0,0,0,0,0,0,0,0,0,1,0,0,0,0,0,0,0,0
5.0,2020-10-16,평소 꿈을 안꾸는 내 자신이 미워지는 책 ㅠㅠ 읽으면서 마음이 몽글몽글해지고 행복했다,평소 꿈 꾸다 내 자신 미우다 마음 몽글몽글하다 행복하다,47,12,2020,10,4,positive,0,0,0,0,1,0,0,0,1,0,0,0,0,0,0,0,0,0,0,0,0,0,0,0,0,0,0,0,0,0
5.0,2020-10-16,소재가 신선해서 좋았어요.,소재 신선하다 좋다,14,3,2020,10,4,positive,0,0,0,0,0,0,0,0,0,0,0,0,0,0,0,0,1,0,1,0,0,0,0,0,0,0,1,0,0,0
5.0,2020-10-16,초5아이가 읽어보더니 최애 해리포터보다 재미있다고 하네요,초 5 아이 보더 최애 해리포터 재미있다,31,6,2020,10,4,positive,0,0,0,0,0,0,0,0,0,0,0,0,0,0,0,0,0,0,0,1,0,0,0,0,1,0,0,0,0,0
5.0,2020-10-14,재미있게 읽고. 꿈을 소중하게 생각하고. 좋은꿈을 꾸자...ㅎㅎ,재미있다 꿈 소중하다 생각 좋다 꿈 꾸다,35,7,2020,10,2,positive,0,0,0,0,1,0,0,0,0,0,0,0,0,1,0,0,0,0,0,0,0,0,0,0,1,0,1,0,0,0
5.0,2020-10-12,"판타지이지만 현실에서 있을 것같은 이야기. 재미,감동 모두 좋았습니다.",판타지 현실 이야기 재미 감동 모두 좋다,39,8,2020,10,0,positive,0,0,1,0,0,0,0,0,0,0,0,0,0,0,0,0,0,0,0,0,1,0,0,1,0,0,1,0,0,0
5.0,2020-10-11,너무 좋아요... 평생 아껴 읽고싶은책에요,좋다 평생 아끼다,23,5,2020,10,6,positive,0,0,0,0,0,0,0,0,0,0,0,0,0,0,0,0,0,0,0,0,0,0,0,0,0,0,1,0,0,0
5.0,2020-10-11,너무 좋아요... 평생 아껴 읽고싶은책에요,좋다 평생 아끼다,23,5,2020,10,6,positive,0,0,0,0,0,0,0,0,0,0,0,0,0,0,0,0,0,0,0,0,0,0,0,0,0,0,1,0,0,0
5.0,2020-10-11,재밌어요 서체도 그렇고 읽다보면 외국책인가 싶기도함,재밌다 서체 그렇다 외국 함,28,6,2020,10,6,positive,0,0,0,0,0,0,0,0,0,0,0,0,0,0,0,0,0,0,0,0,0,0,0,0,0,1,0,0,0,0
5.0,2020-10-11,마음 몽실몽실해는 동화같은 소설  단조로운 일상에 쉼표가 되어준 책,마음 몽실몽실하다 동화 소설 단조롭다 일상 쉼표 되어다,37,9,2020,10,6,positive,0,0,0,0,0,0,1,0,1,0,0,0,0,0,0,1,0,0,0,0,0,0,0,0,0,0,0,0,0,0
5.0,2020-10-10,진짜 재미있어요!! 상상력이 자극되는 느낌!!,진짜 재미있다 상상력 자극,25,5,2020,10,5,positive,0,0,0,0,0,0,0,0,0,0,0,0,1,0,0,0,0,0,0,0,0,0,0,0,1,0,0,0,0,0
5.0,2020-10-07,아이가 읽고 싶은 책 이라고 해서 구매했어요,아이,24,7,2020,10,2,positive,0,0,0,0,0,0,0,0,0,0,0,0,0,0,0,0,0,0,0,1,0,0,0,0,0,0,0,0,0,0
5.0,2020-10-05,초등 3학년도 재미있게 읽네요,초등 3 학년 재미있다,16,4,2020,10,0,positive,0,0,0,0,0,0,0,0,0,0,0,0,0,0,0,0,0,0,0,0,0,0,0,0,1,0,0,0,0,0
5.0,2020-09-28,기대해봅니다.,기대 해보다,7,1,2020,9,0,positive,0,0,0,1,0,0,0,0,0,0,0,0,0,0,0,0,0,0,0,0,0,0,0,0,0,0,0,0,0,0
5.0,2020-09-28,기대안하고 주문했는데 기대이상이네요~^^,대안 주문 이상 요,22,3,2020,9,0,positive,0,0,0,0,0,0,0,0,0,0,0,0,0,0,0,0,0,0,0,0,0,0,0,0,0,0,0,1,0,0
5.0,2020-09-26,꿈에 대해 돌아보게하준 계기였다.,꿈 대해 돌아보다 준 계기,18,4,2020,9,5,positive,0,0,0,0,0,0,0,0,0,0,0,0,0,0,0,0,0,0,0,0,0,0,0,0,0,0,0,0,0,0
5.0,2020-09-24,기대되요!,기대다 요,5,1,2020,9,3,positive,0,0,0,0,0,0,0,0,0,0,0,0,0,0,0,0,0,0,0,0,0,0,0,0,0,0,0,0,0,0
4.0,2023-11-06,잘 읽겠습니다,자다,7,2,2023,11,0,positive,0,0,0,0,0,0,0,0,0,0,0,0,0,0,0,0,0,0,0,0,0,0,1,0,0,0,0,0,0,0
4.0,2023-11-06,잘 읽겠습니다,자다,7,2,2023,11,0,positive,0,0,0,0,0,0,0,0,0,0,0,0,0,0,0,0,0,0,0,0,0,0,1,0,0,0,0,0,0,0
4.0,2023-07-22,잘봤어요.,,5,1,2023,7,5,positive,0,0,0,0,0,0,0,0,0,0,0,0,0,0,0,0,0,0,0,0,0,0,0,0,0,0,0,0,0,0
4.0,2023-03-09,레인보우 에디션 너무 예쁘네요. ^^   양장이면 더 좋았을 뻔 했어요.,레인보우 에디 션 예쁘다 양장 좋다 뻔,40,10,2023,3,3,positive,0,0,0,0,0,0,0,0,0,0,0,0,0,0,0,0,0,0,0,0,0,0,0,0,0,0,1,0,0,0
4.0,2023-02-14,재밌게 잘봤습니다.,재밌다,10,2,2023,2,1,positive,0,0,0,0,0,0,0,0,0,0,0,0,0,0,0,0,0,0,0,0,0,0,0,0,0,1,0,0,0,0
4.0,2023-01-22,마음이 포근해지는 소설,마음 포근하다 소설,12,3,2023,1,6,positive,0,0,0,0,0,0,0,0,1,0,0,0,0,0,0,1,0,0,0,0,0,0,0,0,0,0,0,0,0,0
4.0,2022-11-07,재미있어요 표지도 이뻐서 소장도 좋습니다,재미있다 표지 이쁘다 소장 좋다,22,5,2022,11,0,positive,0,0,0,0,0,0,0,0,0,0,0,0,0,0,0,0,0,0,0,0,0,0,0,0,1,0,1,0,0,0
4.0,2022-06-24,순수한 동심이 느껴지고 기분이 좋아지는 책,순수하다 동심 느껴지다 기분 좋아지다,23,6,2022,6,4,positive,0,0,0,0,0,0,0,0,0,0,0,0,0,0,0,0,0,0,0,0,0,0,0,0,0,0,0,0,0,0
4.0,2022-06-07,좋은 책 감사합니다,좋다 감사하다,10,3,2022,6,1,positive,0,0,0,0,0,0,0,0,0,0,0,0,0,0,0,0,0,0,0,0,0,0,0,0,0,0,1,0,0,0
4.0,2022-05-25,재미있어서 2권도 구입할려고 해요,재미있다 2 권 구입 해,18,4,2022,5,2,positive,0,0,0,0,0,0,0,0,0,0,0,0,0,0,0,0,0,0,0,0,0,0,0,0,1,0,0,0,0,0
4.0,2022-05-06,꿈을 더 믿게 해준 책,꿈 믿다 해주다,12,5,2022,5,4,positive,0,0,0,0,0,0,0,0,0,0,0,0,0,0,0,0,0,0,0,0,0,0,0,0,0,0,0,0,0,0
4.0,2022-04-12,굿,굿,1,1,2022,4,1,positive,0,0,0,0,0,0,0,0,0,0,0,0,0,0,0,0,0,0,0,0,0,0,0,0,0,0,0,0,0,0
4.0,2022-04-05,잘 봤습니다,자다,6,2,2022,4,1,positive,0,0,0,0,0,0,0,0,0,0,0,0,0,0,0,0,0,0,0,0,0,0,1,0,0,0,0,0,0,0
4.0,2022-03-28,재미있어요,재미있다,5,1,2022,3,0,positive,0,0,0,0,0,0,0,0,0,0,0,0,0,0,0,0,0,0,0,0,0,0,0,0,1,0,0,0,0,0
4.0,2022-03-17,금방 읽었어요,금방,7,2,2022,3,3,positive,0,0,0,0,0,0,0,0,0,0,0,0,0,0,0,0,0,0,0,0,0,0,0,0,0,0,0,0,0,0
4.0,2022-03-16,가볍게 즐겁게 읽기 좋네요,가볍다 즐겁다 좋다,14,4,2022,3,2,positive,0,1,0,0,0,0,0,0,0,0,0,0,0,0,0,0,0,0,0,0,0,0,0,0,0,0,1,0,0,0
4.0,2022-02-27,잘읽을게요,,5,1,2022,2,6,positive,0,0,0,0,0,0,0,0,0,0,0,0,0,0,0,0,0,0,0,0,0,0,0,0,0,0,0,0,0,0
4.0,2022-02-25,저도 이 마을에 가보고 싶어지네요.,마을 가보다,19,5,2022,2,4,positive,0,0,0,0,0,0,0,0,0,0,0,0,0,0,0,0,0,0,0,0,0,0,0,0,0,0,0,0,0,0
4.0,2022-02-13,꿈이야기,꿈 이야기,4,1,2022,2,6,positive,0,0,0,0,0,0,0,0,0,0,0,0,0,0,0,0,0,0,0,0,1,0,0,0,0,0,0,0,0,0
4.0,2022-02-12,나도 설마 달러구트 꿈 백화점 단골?,나다 설마 달러 구트 꿈 백화점 단골,20,6,2022,2,5,positive,0,0,0,0,0,0,0,0,0,0,1,0,0,0,0,0,0,0,0,0,0,0,0,0,0,0,0,0,0,0
4.0,2022-02-12,"""우리 어디서 만난 적 있나요?""라고 묻고 싶어지는, 아름답지만 흔한 성형미인 같은 책.",우리 만난 적 묻다 아름답다 흔하다 성형미인,49,12,2022,2,5,positive,0,0,0,0,0,0,0,0,0,0,0,0,0,0,0,0,0,0,0,0,0,0,0,0,0,0,0,0,0,0
4.0,2022-01-20,"저도 읽고 아이도 읽고있는 책. 영화 인 듯,꿈인 듯",아이 영화 인 듯꿈 듯,29,9,2022,1,3,positive,0,0,0,0,0,0,0,0,0,0,0,0,0,0,0,0,0,0,0,1,0,0,0,0,0,0,0,0,0,0
4.0,2021-12-10,이런 도시가 실제로 존재한다고 하면 인생 버킷리스트 1위가 되지 않을까한다.,이렇다 도시 실제 존재 인생 버킷리스트 1 위,42,10,2021,12,4,positive,0,0,0,0,0,0,0,0,0,0,0,0,0,0,0,0,0,0,0,0,0,0,0,0,0,0,0,0,0,0
4.0,2021-11-11,잘 읽었습니다.,자다,8,2,2021,11,3,positive,0,0,0,0,0,0,0,0,0,0,0,0,0,0,0,0,0,0,0,0,0,0,1,0,0,0,0,0,0,0
4.0,2021-11-02,소장하고 싶어지는 책이네요,소장 요,14,3,2021,11,1,positive,0,0,0,0,0,0,0,0,0,0,0,0,0,0,0,0,0,0,0,0,0,0,0,0,0,0,0,0,0,0
4.0,2021-11-02,상상력이 풍부해지는 책입니다.,상상력 풍부하다,16,3,2021,11,1,positive,0,0,0,0,0,0,0,0,0,0,0,0,1,0,0,0,0,0,0,0,0,0,0,0,0,0,0,0,0,0
4.0,2021-10-26,재미있게 읽었어요~,재미있다,10,2,2021,10,1,positive,0,0,0,0,0,0,0,0,0,0,0,0,0,0,0,0,0,0,0,0,0,0,0,0,1,0,0,0,0,0
4.0,2021-10-24,따뜻하고도 아름다운 환상의 환타지를 원한다면,따뜻하다 아름답다 환상 환타지 원하다,24,5,2021,10,6,positive,0,0,0,0,0,0,0,1,0,0,0,0,0,0,0,0,0,0,0,0,0,0,0,0,0,0,0,0,0,0
4.0,2021-10-03,잘 읽었습니다.,자다,8,2,2021,10,6,positive,0,0,0,0,0,0,0,0,0,0,0,0,0,0,0,0,0,0,0,0,0,0,1,0,0,0,0,0,0,0
4.0,2021-09-29,기대하고샀어요,기대하다 사다,7,1,2021,9,2,positive,0,0,0,0,0,0,0,0,0,0,0,0,0,0,0,0,0,0,0,0,0,0,0,0,0,0,0,0,0,0
4.0,2021-09-05,아이가 재밌게 읽었네요,아이 재밌다,12,3,2021,9,6,positive,0,0,0,0,0,0,0,0,0,0,0,0,0,0,0,0,0,0,0,1,0,0,0,0,0,1,0,0,0,0
4.0,2021-09-05,술술 편하게 읽었어요,술술 편하다,11,3,2021,9,6,positive,0,0,0,0,0,0,0,0,0,0,0,0,0,0,0,0,0,0,0,0,0,0,0,0,0,0,0,0,0,0
4.0,2021-08-25,재미있어요,재미있다,5,1,2021,8,2,positive,0,0,0,0,0,0,0,0,0,0,0,0,0,0,0,0,0,0,0,0,0,0,0,0,1,0,0,0,0,0
4.0,2021-08-13,시간가는줄 모르고읽었어요 술술 읽어지네요,시간 가다 모르다 술술,22,4,2021,8,4,positive,1,0,0,0,0,0,0,0,0,0,0,0,0,0,0,0,0,1,0,0,0,0,0,0,0,0,0,0,0,0
4.0,2021-08-12,좋은꿈을 꾸고 싶네요,좋다 꿈 꾸다,11,3,2021,8,3,positive,0,0,0,0,1,0,0,0,0,0,0,0,0,0,0,0,0,0,0,0,0,0,0,0,0,0,1,0,0,0
4.0,2021-08-09,오늘은 아직 좋은 꿈이 잔뜩 남아 있답니다.,오늘 좋다 꿈 잔뜩 남아,24,7,2021,8,0,positive,0,0,0,0,0,0,0,0,0,0,0,0,0,0,0,0,0,0,0,0,0,0,0,0,0,0,1,0,0,0
4.0,2021-08-04,재밌게 읽었습니다. 2권도 나왔다길래 기대돼요!,재밌다 2 권 기대 돼다,26,5,2021,8,2,positive,0,0,0,1,0,0,0,0,0,0,0,0,0,0,0,0,0,0,0,0,0,0,0,0,0,1,0,0,0,0
4.0,2021-07-19,동화같은 느낌이라 청소년이 읽기에도 좋을 것 같아요. 2편 출시된다고 하니 기쁘네요!,동화 청소년 좋다 2 편 출시 하니 기쁘다,47,11,2021,7,0,positive,0,0,0,0,0,0,1,0,0,0,0,0,0,0,0,0,0,0,0,0,0,0,0,0,0,0,1,0,0,0
4.0,2021-07-16,좋은 책입니다.,좋다,8,2,2021,7,4,positive,0,0,0,0,0,0,0,0,0,0,0,0,0,0,0,0,0,0,0,0,0,0,0,0,0,0,1,0,0,0
4.0,2021-06-26,"꿈을 파는 백화점이라니, 어젯밤 나의 꿈도 달러구트 꿈백화점에서 사온 걸지도 몰라 : )",꿈 팔다 백화점 어젯밤 나 꿈 달러 구트 꿈 백화점 사오다 걸다 모르다,49,13,2021,6,5,positive,0,0,0,0,0,0,0,0,0,0,2,0,0,0,0,0,0,0,0,0,0,0,0,0,0,0,0,0,0,0
4.0,2021-06-20,뛰어난 상상력의 그릇에 담긴 다소 진부한 내용물,뛰어나다 상상력 그릇 담기다 다소 진부하다 내용물,26,7,2021,6,6,positive,0,0,0,0,0,0,0,0,0,0,0,0,1,0,0,0,0,0,0,0,0,0,0,0,0,0,0,0,0,0
4.0,2021-06-17,재미있게 잘 봤어요. 재미 있어서  금방 읽었네요.,재미있다 자다 재미 금방,28,7,2021,6,3,positive,0,0,0,0,0,0,0,0,0,0,0,0,0,0,0,0,0,0,0,0,0,0,1,1,1,0,0,0,0,0
4.0,2021-04-06,꿈에 대한 신비스러운 상상 !! 너무 재미있게 읽었습니다,꿈 대한 신비 상상 재미있다,31,8,2021,4,1,positive,0,0,0,0,0,0,0,0,0,0,0,0,0,0,0,0,0,0,0,0,0,0,0,0,1,0,0,0,0,0
4.0,2021-04-04,책을 추천하는 사람에게 적극 추천합니다,추천 사람 적극 추천,21,5,2021,4,6,positive,0,0,0,0,0,0,0,0,0,0,0,0,0,0,0,0,0,0,0,0,0,0,0,0,0,0,0,0,2,0
4.0,2021-04-01,좋ㅇㅏ요~~,좋다,6,1,2021,4,3,positive,0,0,0,0,0,0,0,0,0,0,0,0,0,0,0,0,0,0,0,0,0,0,0,0,0,0,1,0,0,0
4.0,2021-03-23,재미있게 읽었어요.,재미있다,10,2,2021,3,1,positive,0,0,0,0,0,0,0,0,0,0,0,0,0,0,0,0,0,0,0,0,0,0,0,0,1,0,0,0,0,0
4.0,2021-03-22,재미있네요,재미있다,5,1,2021,3,0,positive,0,0,0,0,0,0,0,0,0,0,0,0,0,0,0,0,0,0,0,0,0,0,0,0,1,0,0,0,0,0
4.0,2021-03-17,재밋어여~~ 요즘 인기많은 소설이던데 괜찮네요,재밋어 요즘 인기 많다 소설 데 괜찮다,25,5,2021,3,2,positive,0,0,0,0,0,0,0,0,0,0,0,0,0,0,0,1,0,0,0,0,0,0,0,0,0,0,0,0,0,0
4.0,2021-03-14,좋아요,좋다,3,1,2021,3,6,positive,0,0,0,0,0,0,0,0,0,0,0,0,0,0,0,0,0,0,0,0,0,0,0,0,0,0,1,0,0,0
4.0,2021-03-12,가볍게 읽기 좋아요,가볍다 좋다,10,3,2021,3,4,positive,0,1,0,0,0,0,0,0,0,0,0,0,0,0,0,0,0,0,0,0,0,0,0,0,0,0,1,0,0,0
4.0,2021-03-10,꿈을 꾸다,꿈 꾸다,5,2,2021,3,2,positive,0,0,0,0,1,0,0,0,0,0,0,0,0,0,0,0,0,0,0,0,0,0,0,0,0,0,0,0,0,0
4.0,2021-03-04,흥미로운 내용이네요,흥미롭다 용이,10,2,2021,3,3,positive,0,0,0,0,0,0,0,0,0,0,0,0,0,0,0,0,0,0,0,0,0,0,0,0,0,0,0,0,0,1
4.0,2021-03-01,잘 봤어요.,자다,6,2,2021,3,0,positive,0,0,0,0,0,0,0,0,0,0,0,0,0,0,0,0,0,0,0,0,0,0,1,0,0,0,0,0,0,0
4.0,2021-03-01,제목이 와 다아서 구매했어요,제목 오다 서다,15,4,2021,3,0,positive,0,0,0,0,0,0,0,0,0,0,0,0,0,0,0,0,0,0,0,0,0,0,0,0,0,0,0,0,0,0
4.0,2021-02-27,재밌어요,재밌다,4,1,2021,2,5,positive,0,0,0,0,0,0,0,0,0,0,0,0,0,0,0,0,0,0,0,0,0,0,0,0,0,1,0,0,0,0
4.0,2021-02-24,상상력 만땅!!,상상력 땅,8,2,2021,2,2,positive,0,0,0,0,0,0,0,0,0,0,0,0,1,0,0,0,0,0,0,0,0,0,0,0,0,0,0,0,0,0
4.0,2021-02-22,재미있어요,재미있다,5,1,2021,2,0,positive,0,0,0,0,0,0,0,0,0,0,0,0,0,0,0,0,0,0,0,0,0,0,0,0,1,0,0,0,0,0
4.0,2021-02-20,좋아요,좋다,3,1,2021,2,5,positive,0,0,0,0,0,0,0,0,0,0,0,0,0,0,0,0,0,0,0,0,0,0,0,0,0,0,1,0,0,0
4.0,2021-02-18,신박하고 따뜻한 이야기~,박하 따뜻하다 이야기,13,3,2021,2,3,positive,0,0,0,0,0,0,0,1,0,0,0,0,0,0,0,0,0,0,0,0,1,0,0,0,0,0,0,0,0,0
4.0,2021-02-17,동화같은 이야기네요,동화 이야기,10,2,2021,2,2,positive,0,0,0,0,0,0,1,0,0,0,0,0,0,0,0,0,0,0,0,0,1,0,0,0,0,0,0,0,0,0
4.0,2021-02-15,초등 아이 사줬어여,초등 아이 사주다,10,3,2021,2,0,positive,0,0,0,0,0,0,0,0,0,0,0,0,0,0,0,0,0,0,0,1,0,0,0,0,0,0,0,0,0,0
4.0,2021-02-13,아이와어를 함께 읽고 이야기 나눠보셔요~~♡ 좋은책입니다,아이 어르다 이야기 나누다 좋다,31,6,2021,2,5,positive,0,0,0,0,0,0,0,0,0,0,0,0,0,0,0,0,0,0,0,1,1,0,0,0,0,0,1,0,0,0
4.0,2021-02-13,재미있습니다.,재미있다,7,1,2021,2,5,positive,0,0,0,0,0,0,0,0,0,0,0,0,0,0,0,0,0,0,0,0,0,0,0,0,1,0,0,0,0,0
4.0,2021-02-09,아직 읽어 보진 안았지만 재미있을 것 같네요..,안다 재미있다,26,7,2021,2,1,positive,0,0,0,0,0,0,0,0,0,0,0,0,0,0,0,0,0,0,0,0,0,0,0,0,1,0,0,0,0,0
4.0,2021-02-07,새로운 상상력으로 접근한 소설,새롭다 상상력 접근 소설,16,4,2021,2,6,positive,0,0,0,0,0,0,0,0,0,0,0,0,1,0,0,1,0,0,0,0,0,0,0,0,0,0,0,0,0,0
4.0,2021-02-04,거대한 꿈 보다는 일상에서 느끼는 미래에 대한 소소한 꿈,거대하다 꿈 일상 미래 대한 소소하다 꿈,31,9,2021,2,3,positive,0,0,0,0,0,0,0,0,0,0,0,0,0,0,0,0,0,0,0,0,0,0,0,0,0,0,0,0,0,0
4.0,2021-02-02,좋아요,좋다,3,1,2021,2,1,positive,0,0,0,0,0,0,0,0,0,0,0,0,0,0,0,0,0,0,0,0,0,0,0,0,0,0,1,0,0,0
4.0,2021-02-02,귀엽고 뭔가 한번 가보고 싶은 세계에요!,귀엽다 뭔가 한번 가보다 세계,22,6,2021,2,1,positive,0,0,0,0,0,0,0,0,0,0,0,0,0,0,0,0,0,0,0,0,0,0,0,0,0,0,0,0,0,0
4.0,2021-02-01,꿈에 대한 새로운 상상 아이와 함께 읽어 더 좋은 시간이였습니다.,꿈 대한 새롭다 상상 아이 좋다 시간,36,10,2021,2,0,positive,0,0,0,0,0,0,0,0,0,0,0,0,0,0,0,0,0,1,0,1,0,0,0,0,0,0,1,0,0,0
4.0,2021-02-01,꿈에 관하여..,꿈 관,8,2,2021,2,0,positive,0,0,0,0,0,0,0,0,0,0,0,0,0,0,0,0,0,0,0,0,0,0,0,0,0,0,0,0,0,0
4.0,2021-02-01,읽을만합니다,,6,1,2021,2,0,positive,0,0,0,0,0,0,0,0,0,0,0,0,0,0,0,0,0,0,0,0,0,0,0,0,0,0,0,0,0,0
4.0,2021-02-01,소재가 신선해요.,소재 신선하다,9,2,2021,2,0,positive,0,0,0,0,0,0,0,0,0,0,0,0,0,0,0,0,1,0,1,0,0,0,0,0,0,0,0,0,0,0
4.0,2021-01-30,요즘 판타지소설에 심취해있는 아이와 아이친구에게 선물했는데 재밌게 읽고 있습니다.,요즘 판타지소설 심취 아이 아이 친구 선물 재밌다,45,9,2021,1,5,positive,0,0,0,0,0,0,0,0,0,0,0,0,0,0,1,0,0,0,0,2,0,0,0,0,0,1,0,0,0,0
4.0,2021-01-29,제목이 확 당기더라고요~^^ 금방 배송되어서 좋았습니다.^^,제목 확 당기다 금방 배송 되어다 좋다,33,6,2021,1,4,positive,0,0,0,0,0,0,0,0,0,0,0,0,0,0,0,0,0,0,0,0,0,0,0,0,0,0,1,0,0,0
4.0,2021-01-24,잘 읽힙니다.,자다 읽히다,7,2,2021,1,6,positive,0,0,0,0,0,0,0,0,0,0,0,0,0,0,0,0,0,0,0,0,0,1,1,0,0,0,0,0,0,0
4.0,2021-01-23,"독특한 소재, 다양한 어휘표현, 가볍게 읽기에 좋습니다",독특하다 소재 다양하다 어휘 표현 가볍다 좋다,30,7,2021,1,5,positive,0,1,0,0,0,0,0,0,0,0,0,0,0,0,0,0,1,0,0,0,0,0,0,0,0,0,1,0,0,0
4.0,2021-01-21,베스트셀러는 꼭 읽어보는 편이라 구매. 자기전 가볍게 읽기좋지만 내용은 결코 가볍지 않음,베스트셀러 꼭 편이 자다 가볍다 좋다 내용 결코 가볍다,49,12,2021,1,3,positive,0,2,0,0,0,1,0,0,0,0,0,1,0,0,0,0,0,0,0,0,0,0,1,0,0,0,1,0,0,0
4.0,2021-01-20,다시 읽고 싶은 책이에요,다시,13,4,2021,1,2,positive,0,0,0,0,0,0,0,0,0,0,0,0,0,0,0,0,0,0,0,0,0,0,0,0,0,0,0,0,0,0
4.0,2021-01-20,꿈나라를 여행하는듯한 어른들의 동화,꿈나라 여행 어른 동화,19,4,2021,1,2,positive,0,0,0,0,0,0,1,0,0,0,0,0,0,0,0,0,0,0,0,0,0,0,0,0,0,0,0,0,0,0
4.0,2021-01-16,재밌을거같네요,재밌다,7,1,2021,1,5,positive,0,0,0,0,0,0,0,0,0,0,0,0,0,0,0,0,0,0,0,0,0,0,0,0,0,1,0,0,0,0
4.0,2021-01-15,오랜만에 상상의 나래를 펼친 재밌는 책,만 상상 나래 펼치다 재밌다,21,6,2021,1,4,positive,0,0,0,0,0,0,0,0,0,0,0,0,0,0,0,0,0,0,0,0,0,0,0,0,0,1,0,0,0,0
4.0,2021-01-14,중학생인 딸이 재미있다고 하네요,중학생 딸 재미있다,17,4,2021,1,3,positive,0,0,0,0,0,0,0,0,0,0,0,0,0,0,0,0,0,0,0,0,0,0,0,0,1,0,0,0,0,0
4.0,2021-01-12,꿈에 관해 다시 한번 생각해보게되네요. 잠자는 시간도 아까웠는데 읽고나서는 좀 달라졌구요.,꿈 관해 다시 한번 생각 해보다 잠자다 시간 아깝다 나서다 좀 달라지다,50,11,2021,1,1,positive,0,0,0,0,0,0,0,0,0,0,0,0,0,1,0,0,0,1,0,0,0,0,0,0,0,0,0,0,0,0
4.0,2021-01-10,읽으때만큼은 자유로운 환상의 세계에 있는느낌,때 자유롭다 환상 세계,24,5,2021,1,6,positive,0,0,0,0,0,0,0,0,0,0,0,0,0,0,0,0,0,0,0,0,0,0,0,0,0,0,0,0,0,0
4.0,2021-01-10,요즘 핫하길래 딸아이와 함께 읽기위해 구입,요즘 핫 딸아이 위해 구입,23,6,2021,1,6,positive,0,0,0,0,0,0,0,0,0,0,0,0,0,0,0,0,0,0,0,0,0,0,0,0,0,0,0,0,0,0
4.0,2021-01-07,딸아이가 좋아할것같아 구매했어요 같이읽어야겠어요,딸아이 좋아하다,26,4,2021,1,3,positive,0,0,0,0,0,0,0,0,0,0,0,0,0,0,0,0,0,0,0,0,0,0,0,0,0,0,0,0,0,0
4.0,2021-01-05,정말재밌다,재밌다,5,1,2021,1,1,positive,0,0,0,0,0,0,0,0,0,0,0,0,0,0,0,0,0,0,0,0,0,0,0,0,0,1,0,0,0,0
4.0,2021-01-05,재미있게 읽었습니다,재미있다,10,2,2021,1,1,positive,0,0,0,0,0,0,0,0,0,0,0,0,0,0,0,0,0,0,0,0,0,0,0,0,1,0,0,0,0,0
4.0,2021-01-04,오랜만에 판타지 느낌....  영화도 공연도 없고..혼자 상상의나래,만 판타지 영화 공연 혼자 상상 나래,37,7,2021,1,0,positive,0,0,0,0,0,0,0,0,0,0,0,0,0,0,0,0,0,0,0,0,0,0,0,0,0,0,0,0,0,0
4.0,2021-01-04,"머리비우려고 산 오랜만의 소설 책인데 속도감 있게 잘 읽혀요,꿈백화점이라는 소재가 신선해요",머리 비우다 산 만 소설 도감 자다 읽히다 꿈 백화점 소재 신선하다,50,11,2021,1,0,positive,0,0,0,0,0,0,0,0,0,0,1,0,0,0,0,1,1,0,1,0,0,1,1,0,0,0,0,0,0,0
4.0,2021-01-03,제목에 이끌려서..,제목 이끌다,10,2,2021,1,6,positive,0,0,0,0,0,0,0,0,0,0,0,0,0,0,0,0,0,0,0,0,0,0,0,0,0,0,0,0,0,0
4.0,2021-01-02,당신의 꿈은 안녕하십니까?,당신 꿈 안녕하십니까,14,3,2021,1,5,positive,0,0,0,0,0,0,0,0,0,0,0,0,0,0,0,0,0,0,0,0,0,0,0,0,0,0,0,0,0,0
4.0,2021-01-02,쉽게 금방 읽히는 책이에요,쉬다 금방 읽히다,14,4,2021,1,5,positive,0,0,0,0,0,0,0,0,0,0,0,0,0,0,0,0,0,0,0,0,0,1,0,0,0,0,0,0,0,0
4.0,2021-01-01,겨울 분위기 물씬 나는 기분 좋은 소설입니다. 마음이 따뜻해지네요!,겨울 분위기 물씬 나 기분 좋다 소설 마음 따뜻하다,37,9,2021,1,4,positive,0,0,0,0,0,0,0,1,1,0,0,0,0,0,0,1,0,0,0,0,0,0,0,0,0,0,1,0,0,0
4.0,2021-01-01,찬찬히 읽어보고 생각하기 좋은 책이네요.,찬찬하다 보고 생각 좋다 요,22,5,2021,1,4,positive,0,0,0,0,0,0,0,0,0,0,0,0,0,1,0,0,0,0,0,0,0,0,0,0,0,0,1,0,0,0
4.0,2021-01-01,따뜻한 책입니다. 읽어보길 추천해요,따뜻하다 추천,19,4,2021,1,4,positive,0,0,0,0,0,0,0,1,0,0,0,0,0,0,0,0,0,0,0,0,0,0,0,0,0,0,0,0,1,0
4.0,2021-01-01,잘봤습니다. 다음작품도 기대할게요,다음 작품 기대하다,18,3,2021,1,4,positive,0,0,0,0,0,0,0,0,0,0,0,0,0,0,0,0,0,0,0,0,0,0,0,0,0,0,0,0,0,0
4.0,2020-12-30,꿈꾸고싶은 어른이,꿈꾸다 어른,9,2,2020,12,2,positive,0,0,0,0,0,0,0,0,0,0,0,0,0,0,0,0,0,0,0,0,0,0,0,0,0,0,0,0,0,0
4.0,2020-12-29,마음 복잡할때 가볍게,마음 복잡하다 때 가볍다,11,3,2020,12,1,positive,0,1,0,0,0,0,0,0,1,0,0,0,0,0,0,0,0,0,0,0,0,0,0,0,0,0,0,0,0,0
4.0,2020-12-29,베스트셀러라서 주문했어요. 아이랑 같이 잘 읽었어요,베스트셀러 주문 아이 자다,28,6,2020,12,1,positive,0,0,0,0,0,0,0,0,0,0,0,1,0,0,0,0,0,0,0,1,0,0,1,0,0,0,0,1,0,0
4.0,2020-12-29,잠들때마다 설레임~ 오늘은 무슨꿈을 사러가지!!,잠들다 때 설레임 오늘 꿈 사르다,26,5,2020,12,1,positive,0,0,0,0,0,0,0,0,0,0,0,0,0,0,0,0,0,0,0,0,0,0,0,0,0,0,0,0,0,0
4.0,2020-12-28,읽다보면 마음이 편안해지고  한장 한장 넘기는게 아쉬워요,마음 편안하다 한장 한장 넘기다 아쉽다,31,7,2020,12,0,positive,0,0,0,0,0,0,0,0,1,0,0,0,0,0,0,0,0,0,0,0,0,0,0,0,0,0,0,0,0,0
4.0,2020-12-26,선물받은 책인데 기대되네요,선물 받다 기대,14,3,2020,12,5,positive,0,0,0,1,0,0,0,0,0,1,0,0,0,0,1,0,0,0,0,0,0,0,0,0,0,0,0,0,0,0
4.0,2020-12-23,너무 재미있게.읽었습미다,재미있다 습 밉다,13,2,2020,12,2,positive,0,0,0,0,0,0,0,0,0,0,0,0,0,0,0,0,0,0,0,0,0,0,0,0,1,0,0,0,0,0
4.0,2020-12-22,아이와함께읽어요,아이,8,1,2020,12,1,positive,0,0,0,0,0,0,0,0,0,0,0,0,0,0,0,0,0,0,0,1,0,0,0,0,0,0,0,0,0,0
4.0,2020-12-19,기대하는중입니다,기대하다 중,8,1,2020,12,5,positive,0,0,0,0,0,0,0,0,0,0,0,0,0,0,0,0,0,0,0,0,0,0,0,0,0,0,0,0,0,0
4.0,2020-12-19,성인들도 재밌게 읽을수있는 책입니다!,성인 재밌다,20,4,2020,12,5,positive,0,0,0,0,0,0,0,0,0,0,0,0,0,0,0,0,0,0,0,0,0,0,0,0,0,1,0,0,0,0
4.0,2020-12-18,좋아요,좋다,3,1,2020,12,4,positive,0,0,0,0,0,0,0,0,0,0,0,0,0,0,0,0,0,0,0,0,0,0,0,0,0,0,1,0,0,0
4.0,2020-12-16,꿈백화점 한 번 가보고싶네용 ㅎㅎ,꿈 백화점 번 가보다,18,5,2020,12,2,positive,0,0,0,0,0,0,0,0,0,0,1,0,0,0,0,0,0,0,0,0,0,0,0,0,0,0,0,0,0,0
4.0,2020-12-14,꿈. Dream 꿈 dream 이죠,꿈 꿈,19,5,2020,12,0,positive,0,0,0,0,0,0,0,0,0,0,0,0,0,0,0,0,0,0,0,0,0,0,0,0,0,0,0,0,0,0
4.0,2020-12-09,읽다보면 왜 며칠 동안이나 베스트셀러 상위목록에 위치하고 있었는지 이해가 간다.,왜 며칠 동안 베스트셀러 상위 목록 위치 이해 간다,44,10,2020,12,2,positive,0,0,0,0,0,0,0,0,0,0,0,1,0,0,0,0,0,0,0,0,0,0,0,0,0,0,0,0,0,0
4.0,2020-12-06,추워질 땐 가볍고 따뜻한 책 선물! 아들에게!ㅎ,추워지다 땐 가볍다 따뜻하다 선물 아들,26,7,2020,12,6,positive,0,1,0,0,0,0,0,1,0,0,0,0,0,0,1,0,0,0,0,0,0,0,0,0,0,0,0,0,0,0
4.0,2020-12-04,나쁘지 않네요. 중간에는 나미야 잡화점의 기적이 생각나기도 하고요.,나쁘다 중간 나미 잡화 점 기적 생각나다,37,8,2020,12,4,positive,0,0,0,0,0,0,0,0,0,0,0,0,0,0,0,0,0,0,0,0,0,0,0,0,0,0,0,0,0,0
4.0,2020-12-03,독특한 꿈,독특하다 꿈,5,2,2020,12,3,positive,0,0,0,0,0,0,0,0,0,0,0,0,0,0,0,0,0,0,0,0,0,0,0,0,0,0,0,0,0,0
4.0,2020-12-02,아이는 재미있게 읽었습니다.,아이 재미있다,15,3,2020,12,2,positive,0,0,0,0,0,0,0,0,0,0,0,0,0,0,0,0,0,0,0,1,0,0,0,0,1,0,0,0,0,0
4.0,2020-11-27,재밌어요,재밌다,4,1,2020,11,4,positive,0,0,0,0,0,0,0,0,0,0,0,0,0,0,0,0,0,0,0,0,0,0,0,0,0,1,0,0,0,0
4.0,2020-11-25,배송 사고가 있어 늦게 받았지만 많이 기대되네요,배송 사고 늦다 받다 기대,26,7,2020,11,2,positive,0,0,0,1,0,0,0,0,0,1,0,0,0,0,0,0,0,0,0,0,0,0,0,0,0,0,0,0,0,0
4.0,2020-11-24,주위에 지인분들이 추천해서 구매했어요.,주위 지인 추천,21,4,2020,11,1,positive,0,0,0,0,0,0,0,0,0,0,0,0,0,0,0,0,0,0,0,0,0,0,0,0,0,0,0,0,1,0
4.0,2020-11-23,내가 고객이라면 어떤 꿈을 샀을까?? 상상해보니 재미있었어요!,내 고객 라면 어떻다 꿈 사다 상상 해보다 재미있다,34,7,2020,11,0,positive,0,0,0,0,0,0,0,0,0,0,0,0,0,0,0,0,0,0,0,0,0,0,0,0,1,0,0,0,0,0
4.0,2020-11-23,바이럴이 일으킨 흥행의 비밀을 찾아서,바이럴 일으키다 흥행 비밀 찾다,20,5,2020,11,0,positive,0,0,0,0,0,0,0,0,0,0,0,0,0,0,0,0,0,0,0,0,0,0,0,0,0,0,0,0,0,0
4.0,2020-11-21,재밌어요,재밌다,4,1,2020,11,5,positive,0,0,0,0,0,0,0,0,0,0,0,0,0,0,0,0,0,0,0,0,0,0,0,0,0,1,0,0,0,0
4.0,2020-11-20,기대합니다.,기대하다,6,1,2020,11,4,positive,0,0,0,0,0,0,0,0,0,0,0,0,0,0,0,0,0,0,0,0,0,0,0,0,0,0,0,0,0,0
4.0,2020-11-20,ㅋㅋㅋ 잼있음..근데 이상하게 읽고있는 동안에 꿈을 많이 꾸게됨...신기 홍홍,재다 이상하다 동안 꿈 꾸다 신기 홍홍,43,9,2020,11,4,positive,0,0,0,0,1,0,0,0,0,0,0,0,0,0,0,0,0,0,0,0,0,0,0,0,0,0,0,0,0,0
4.0,2020-11-07,따뜻하고 몽글몽글한 책,따뜻하다 몽글몽글하다,12,3,2020,11,5,positive,0,0,0,0,0,0,0,1,0,0,0,0,0,0,0,0,0,0,0,0,0,0,0,0,0,0,0,0,0,0
4.0,2020-11-07,읽어보진 않았지만 기대되네요,기대,15,3,2020,11,5,positive,0,0,0,1,0,0,0,0,0,0,0,0,0,0,0,0,0,0,0,0,0,0,0,0,0,0,0,0,0,0
4.0,2020-11-04,아직 읽기 전인데 기대됩니다,전 기대,15,4,2020,11,2,positive,0,0,0,1,0,0,0,0,0,0,0,0,0,0,0,0,0,0,0,0,0,0,0,0,0,0,0,0,0,0
4.0,2020-11-04,페니...,페니,5,1,2020,11,2,positive,0,0,0,0,0,0,0,0,0,0,0,0,0,0,0,0,0,0,0,0,0,0,0,0,0,0,0,0,0,0
4.0,2020-11-02,신선한 내용과 가독성 좋은 문체,신선하다 내용 가독성 좋다 문체,17,5,2020,11,0,positive,0,0,0,0,0,1,0,0,0,0,0,0,0,0,0,0,0,0,1,0,0,0,0,0,0,0,1,0,0,0
4.0,2020-10-30,꿈꾸는 시간에 대해 다시 생각하게 하는 소설이에요,꿈꾸다 시간 대해 다시 생각 소설,27,7,2020,10,4,positive,0,0,0,0,0,0,0,0,0,0,0,0,0,1,0,1,0,1,0,0,0,0,0,0,0,0,0,0,0,0
4.0,2020-10-28,잘 읽을게요,자다,6,2,2020,10,2,positive,0,0,0,0,0,0,0,0,0,0,0,0,0,0,0,0,0,0,0,0,0,0,1,0,0,0,0,0,0,0
4.0,2020-10-20,재밌네요,재밌다,4,1,2020,10,1,positive,0,0,0,0,0,0,0,0,0,0,0,0,0,0,0,0,0,0,0,0,0,0,0,0,0,1,0,0,0,0
4.0,2020-10-12,좋아요,좋다,3,1,2020,10,0,positive,0,0,0,0,0,0,0,0,0,0,0,0,0,0,0,0,0,0,0,0,0,0,0,0,0,0,1,0,0,0
4.0,2020-10-12,잘읽었어요,,5,1,2020,10,0,positive,0,0,0,0,0,0,0,0,0,0,0,0,0,0,0,0,0,0,0,0,0,0,0,0,0,0,0,0,0,0
4.0,2020-10-09,성인들을 위한 판타지 소설. 가볍고 진지하고 생각을 하게 한다.,성인 위 판타지 소설 가볍다 진지하다 생각,35,9,2020,10,4,positive,0,1,0,0,0,0,0,0,0,0,0,0,0,1,0,1,0,0,0,0,0,0,0,0,0,0,0,0,0,0
4.0,2020-10-04,"재밋고 따듯한 소설인 것 같고 어린이, 어른들 모두 읽어보면 좋을 것 같습니다.",재밋 따다 소설 어린이 어른 모두 좋다,44,12,2020,10,6,positive,0,0,0,0,0,0,0,0,0,0,0,0,0,0,0,1,0,0,0,0,0,0,0,0,0,0,1,0,0,0
4.0,2020-09-29,재미있고 흥미로웠어요 최근 읽은 책 중 최고였다는,재미있다 흥미롭다 최근 중 최고,27,7,2020,9,1,positive,0,0,0,0,0,0,0,0,0,0,0,0,0,0,0,0,0,0,0,0,0,0,0,0,1,0,0,0,0,1
3.0,2024-02-16,남편이 읽는다고 사서 아직도 읽는 중이네요,남편 사서 중이,23,6,2024,2,4,neutral,0,0,0,0,0,0,0,0,0,0,0,0,0,0,0,0,0,0,0,0,0,0,0,0,0,0,0,0,0,0
3.0,2023-12-20,베스트셀러 라미 기대중,베스트셀러 라미 대중,12,3,2023,12,2,neutral,0,0,0,0,0,0,0,0,0,0,0,1,0,0,0,0,0,0,0,0,0,0,0,0,0,0,0,0,0,0
3.0,2021-10-13,제목이 히가시노게이고의 나미야잡화점이 생각났지만 내용은 많이다른. 재밌었다.,제목 가시다 게이고 나미 잡화 점 생각나다 내용 다른 재밌다,42,7,2021,10,2,neutral,0,0,0,0,0,1,0,0,0,0,0,0,0,0,0,0,0,0,0,0,0,0,0,0,0,1,0,0,0,0
3.0,2021-10-03,재미있게 읽었습니다,재미있다,10,2,2021,10,6,neutral,0,0,0,0,0,0,0,0,0,0,0,0,0,0,0,0,0,0,0,0,0,0,0,0,1,0,0,0,0,0
3.0,2021-10-02,유명해서 읽어보려고 샀어요,유명하다 사다,14,3,2021,10,5,neutral,0,0,0,0,0,0,0,0,0,0,0,0,0,0,0,0,0,0,0,0,0,0,0,0,0,0,0,0,0,0
3.0,2021-09-26,제 취향은 아닌가봐요. 반정도 넘게 읽고 결국 포기했네요.,제 취향 가보다 반정 넘다 포기,32,8,2021,9,6,neutral,0,0,0,0,0,0,0,0,0,0,0,0,0,0,0,0,0,0,0,0,0,0,0,0,0,0,0,0,0,0
3.0,2021-09-02,잘 읽을게요,자다,6,2,2021,9,3,neutral,0,0,0,0,0,0,0,0,0,0,0,0,0,0,0,0,0,0,0,0,0,0,1,0,0,0,0,0,0,0
3.0,2021-08-20,내용은 재밌는데 책이 중고로 온거 아니겠죠? 오래된 책처럼 종이도 바래고 좀 그렇네요,내용 재밌다 중고 오다 오래되다 종이 바 고 좀 그렇다,47,12,2021,8,4,neutral,0,0,0,0,0,1,0,0,0,0,0,0,0,0,0,0,0,0,0,0,0,0,0,0,0,1,0,0,0,0
3.0,2021-08-03,잘 읽었습니다.,자다,8,2,2021,8,1,neutral,0,0,0,0,0,0,0,0,0,0,0,0,0,0,0,0,0,0,0,0,0,0,1,0,0,0,0,0,0,0
3.0,2021-06-24,재밋어요,재밋어,4,1,2021,6,3,neutral,0,0,0,0,0,0,0,0,0,0,0,0,0,0,0,0,0,0,0,0,0,0,0,0,0,0,0,0,0,0
3.0,2021-06-23,크리스마스 시즌에 읽으면 마음이 따듯해질 거 같아요 설정이 독특하고 재미있습니다.,크리스마스 시즌 마음 따다 거 설정 독특하다 재미있다,45,10,2021,6,2,neutral,0,0,0,0,0,0,0,0,1,0,0,0,0,0,0,0,0,0,0,0,0,0,0,0,1,0,0,0,0,0
3.0,2021-06-20,아이가 친구에게 추천 받아 구입했어요. 읽어보고 저에게도 읽어보라고 해서 읽고있어요,아이 친구 추천 받다 구입 보고 보라,46,10,2021,6,6,neutral,0,0,0,0,0,0,0,0,0,1,0,0,0,0,0,0,0,0,0,1,0,0,0,0,0,0,0,0,1,0
3.0,2021-06-18,추천합니다.,추천,6,1,2021,6,4,neutral,0,0,0,0,0,0,0,0,0,0,0,0,0,0,0,0,0,0,0,0,0,0,0,0,0,0,0,0,1,0
3.0,2021-03-16,일단 읽어봅니다~,일단,9,2,2021,3,1,neutral,0,0,0,0,0,0,0,0,0,0,0,0,0,0,0,0,0,0,0,0,0,0,0,0,0,0,0,0,0,0
3.0,2021-02-19,가볍게 읽기 좋은 소설입니다..,가볍다 좋다 소설,17,4,2021,2,4,neutral,0,1,0,0,0,0,0,0,0,0,0,0,0,0,0,1,0,0,0,0,0,0,0,0,0,0,1,0,0,0
3.0,2021-02-06,금방 읽기는 했는데 .. 뒤에 두 번째 에필로그편이  귀엽네요,금방 뒤 두 에필로그 편이 귀엽다,34,9,2021,2,5,neutral,0,0,0,0,0,0,0,0,0,0,0,0,0,0,0,0,0,0,0,0,0,0,0,0,0,0,0,0,0,0
3.0,2021-02-05,어른이를 위한 동화,어른 위 동화,10,3,2021,2,4,neutral,0,0,0,0,0,0,1,0,0,0,0,0,0,0,0,0,0,0,0,0,0,0,0,0,0,0,0,0,0,0
3.0,2021-01-25,사두용미(?)... 후반부가 9할!!!,사두 용 밉다 후반 부가 9,21,3,2021,1,0,neutral,0,0,0,0,0,0,0,0,0,0,0,0,0,0,0,0,0,0,0,0,0,0,0,0,0,0,0,0,0,0
3.0,2021-01-21,보통이요,보통,4,1,2021,1,3,neutral,0,0,0,0,0,0,0,0,0,0,0,0,0,0,0,0,0,0,0,0,0,0,0,0,0,0,0,0,0,0
3.0,2021-01-15,소재의 참신성  빼면  감동은 없는 듯ㆍ마무리 못한 설정은 2탄을 위한 계획인가??,소재 참신 빼다 감동 듯 마무리 못 설정 2 타다 위 계획,46,11,2021,1,4,neutral,0,0,1,0,0,0,0,0,0,0,0,0,0,0,0,0,1,0,0,0,0,0,0,0,0,0,0,0,0,0
3.0,2021-01-14,상상력이 매우 기발하나 왠지 모르게 자꾸만 아쉬워요,상상력 매우 기발하다 모르다 자꾸만 아쉽다,28,7,2021,1,3,neutral,0,0,0,0,0,0,0,0,0,0,0,0,1,0,0,0,0,0,0,0,0,0,0,0,0,0,0,0,0,0
3.0,2021-01-13,그냥 시간 때우는 용도의 책인 거 같아요. 솔직히 그다지 감동은 못받았어요.,그냥 시간 때우다 용도 거 솔직하다 그다지 감동 받다,42,11,2021,1,2,neutral,0,0,1,0,0,0,0,0,0,1,0,0,0,0,0,0,0,1,0,0,0,0,0,0,0,0,0,0,0,0
3.0,2021-01-09,신선한 책이네요~,신선하다 요,9,2,2021,1,5,neutral,0,0,0,0,0,0,0,0,0,0,0,0,0,0,0,0,0,0,1,0,0,0,0,0,0,0,0,0,0,0
3.0,2020-12-29,재밌어요~~,재밌다,6,1,2020,12,1,neutral,0,0,0,0,0,0,0,0,0,0,0,0,0,0,0,0,0,0,0,0,0,0,0,0,0,1,0,0,0,0
3.0,2020-12-28,요즘 핫하대서 읽어보려구요,요즘 핫 대서,14,3,2020,12,0,neutral,0,0,0,0,0,0,0,0,0,0,0,0,0,0,0,0,0,0,0,0,0,0,0,0,0,0,0,0,0,0
3.0,2020-11-02,잘 읽겠습니다.,자다,8,2,2020,11,0,neutral,0,0,0,0,0,0,0,0,0,0,0,0,0,0,0,0,0,0,0,0,0,0,1,0,0,0,0,0,0,0
2.0,2022-04-01,그냥 그래요..,그냥 그렇다,8,2,2022,4,4,negative,0,0,0,0,0,0,0,0,0,0,0,0,0,0,0,0,0,0,0,0,0,0,0,0,0,0,0,0,0,0
2.0,2022-03-25,잔잔합니다,잔잔하다,5,1,2022,3,4,negative,0,0,0,0,0,0,0,0,0,0,0,0,0,0,0,0,0,0,0,0,0,0,0,0,0,0,0,0,0,0
2.0,2021-02-16,재미있어요.^^,재미있다,8,1,2021,2,1,negative,0,0,0,0,0,0,0,0,0,0,0,0,0,0,0,0,0,0,0,0,0,0,0,0,1,0,0,0,0,0
5.0,2025-11-17,꿈에 대한 다양한 시선과 상상. 나도 꿈백화점 가보고 싶다,꿈 대한 다양하다 시선 상상 나다 꿈 백화점 가보다,32,9,2025,11,0,positive,0,0,0,0,0,0,0,0,0,0,1,0,0,0,0,0,0,0,0,0,0,0,0,0,0,0,0,0,0,0
5.0,2025-08-30,아이가 원해서 구입혔어용,아이 원하다 구 입히다,13,3,2025,8,5,positive,0,0,0,0,0,0,0,0,0,0,0,0,0,0,0,0,0,0,0,1,0,0,0,0,0,0,0,0,0,0
5.0,2025-08-15,추천받아 구매한 책입니다!! 만족해요~,추천 받다 만족하다,21,4,2025,8,4,positive,0,0,0,0,0,0,0,0,0,1,0,0,0,0,0,0,0,0,0,0,0,0,0,0,0,0,0,0,1,0
5.0,2025-07-28,재미있게 잘 읽었습니다,재미있다 자다,12,3,2025,7,0,positive,0,0,0,0,0,0,0,0,0,0,0,0,0,0,0,0,0,0,0,0,0,0,1,0,1,0,0,0,0,0
5.0,2025-05-23,"난 수면과 꿈을 제대로 누리고 있었나?하는 생각이 들게 하는 기분 좋은 소설, 복선회수는 덤",난 수면 꿈 제대로 누리 생각 기분 좋다 소설 복선 회수 덤,51,14,2025,5,4,positive,0,0,0,0,0,0,0,0,0,0,0,0,0,1,0,1,0,0,0,0,0,0,0,0,0,0,1,0,0,0
5.0,2025-04-16,책읽는 시간이 너무 평온했어요~,시간 평온하다,17,4,2025,4,2,positive,0,0,0,0,0,0,0,0,0,0,0,0,0,0,0,0,0,1,0,0,0,0,0,0,0,0,0,0,0,0
5.0,2025-02-16,재미있게 잘 읽었습니다.,재미있다 자다,13,3,2025,2,6,positive,0,0,0,0,0,0,0,0,0,0,0,0,0,0,0,0,0,0,0,0,0,0,1,0,1,0,0,0,0,0
5.0,2025-01-22,잼써요,잼 써다,3,1,2025,1,2,positive,0,0,0,0,0,0,0,0,0,0,0,0,0,0,0,0,0,0,0,0,0,0,0,0,0,0,0,0,0,0
5.0,2025-01-12,굿,굿,1,1,2025,1,6,positive,0,0,0,0,0,0,0,0,0,0,0,0,0,0,0,0,0,0,0,0,0,0,0,0,0,0,0,0,0,0
5.0,2025-01-11,소장하고 싶은 책이라규 해서 샀습니다,소장 규 사다,20,5,2025,1,5,positive,0,0,0,0,0,0,0,0,0,0,0,0,0,0,0,0,0,0,0,0,0,0,0,0,0,0,0,0,0,0
5.0,2025-01-06,좋아요. 적극 추천합니다.,좋다 적극 추천,14,3,2025,1,0,positive,0,0,0,0,0,0,0,0,0,0,0,0,0,0,0,0,0,0,0,0,0,0,0,0,0,0,1,0,1,0
5.0,2024-12-16,아이는 재밌어합니다,아이 재밌다,10,2,2024,12,0,positive,0,0,0,0,0,0,0,0,0,0,0,0,0,0,0,0,0,0,0,1,0,0,0,0,0,1,0,0,0,0
5.0,2024-12-10,읽다가 나도모르게 눈물이 나는 책,나다 모르다 눈물 나,18,5,2024,12,1,positive,0,0,0,0,0,0,0,0,0,0,0,0,0,0,0,0,0,0,0,0,0,0,0,0,0,0,0,0,0,0
5.0,2024-10-10,좋아요~,좋다,4,1,2024,10,3,positive,0,0,0,0,0,0,0,0,0,0,0,0,0,0,0,0,0,0,0,0,0,0,0,0,0,0,1,0,0,0
5.0,2024-07-27,추천합니다,추천,5,1,2024,7,5,positive,0,0,0,0,0,0,0,0,0,0,0,0,0,0,0,0,0,0,0,0,0,0,0,0,0,0,0,0,1,0
5.0,2024-07-09,그냥 지나쳐간다고 생각한 꿈을 아름다운 이야기로 표현한 책!,그냥 지나치다 간다 생각 꿈 아름답다 이야기 표현,33,8,2024,7,1,positive,0,0,0,0,0,0,0,0,0,0,0,0,0,1,0,0,0,0,0,0,1,0,0,0,0,0,0,0,0,0
5.0,2024-05-28,초6  아이용으로 구매했어요.,초 6 아이 용,16,3,2024,5,1,positive,0,0,0,0,0,0,0,0,0,0,0,0,0,0,0,0,0,0,0,1,0,0,0,0,0,0,0,0,0,0
5.0,2024-05-23,좋아요,좋다,3,1,2024,5,3,positive,0,0,0,0,0,0,0,0,0,0,0,0,0,0,0,0,0,0,0,0,0,0,0,0,0,0,1,0,0,0
5.0,2024-04-04,좋아요,좋다,3,1,2024,4,3,positive,0,0,0,0,0,0,0,0,0,0,0,0,0,0,0,0,0,0,0,0,0,0,0,0,0,0,1,0,0,0
5.0,2024-03-27,추천합니다,추천,5,1,2024,3,2,positive,0,0,0,0,0,0,0,0,0,0,0,0,0,0,0,0,0,0,0,0,0,0,0,0,0,0,0,0,1,0
5.0,2024-03-17,좋아요,좋다,3,1,2024,3,6,positive,0,0,0,0,0,0,0,0,0,0,0,0,0,0,0,0,0,0,0,0,0,0,0,0,0,0,1,0,0,0
5.0,2022-03-03,따뜻하면서도 내면을 꿰뚫어보는  책. 3시간도 채 안돼 다 읽히는 몰입감있는 내용.,따뜻하다 내면 꿰뚫다 어보 3시간 채 돼다 읽히다 몰입 가다 내용,46,11,2022,3,3,positive,1,0,0,0,0,1,0,1,0,0,0,0,0,0,0,0,0,0,0,0,0,1,0,0,0,0,0,0,0,0
5.0,2022-03-01,와 진짜 이책을 읽을 수 있는 시대에 태어나서  완전 다행이에요!!,오다 진짜 시대 태어나다 완전 다행,37,10,2022,3,1,positive,0,0,0,0,0,0,0,0,0,0,0,0,0,0,0,0,0,0,0,0,0,0,0,0,0,0,0,0,0,0
5.0,2022-02-24,나는 지금 어떤 꿈을 꾸고 싶은지 마음속으로 생각하게 되는..,나 지금 어떻다 꿈 꾸다 마음속 생각,34,9,2022,2,3,positive,0,0,0,0,1,0,0,0,0,0,0,0,0,1,0,0,0,0,0,0,0,0,0,0,0,0,0,0,0,0
5.0,2022-02-24,너무 재밌어요,재밌다,7,2,2022,2,3,positive,0,0,0,0,0,0,0,0,0,0,0,0,0,0,0,0,0,0,0,0,0,0,0,0,0,1,0,0,0,0
5.0,2022-02-15,소설보다는 동화가 더 잘 어울리는 책입니다. 얼른 들어와서 꿈꾸세요. 백화점에서,소설 동화 자다 어울리다 얼른 들어오다 꿈꾸다 백화점,44,10,2022,2,1,positive,0,0,0,0,0,0,1,0,0,0,1,0,0,0,0,1,0,0,0,0,0,0,1,0,0,0,0,0,0,0
5.0,2022-02-08,책을 읽고부터는 잠 자리에 누워 잠 드는 걸 기대하게 된다.,잠 자리 눕다 잠 걸 기대하다,33,10,2022,2,1,positive,0,0,0,0,0,0,0,0,0,0,0,0,0,0,0,0,0,0,0,0,0,0,0,0,0,0,0,0,0,0
5.0,2022-02-04,흥미로운 소재,흥미롭다 소재,7,2,2022,2,4,positive,0,0,0,0,0,0,0,0,0,0,0,0,0,0,0,0,1,0,0,0,0,0,0,0,0,0,0,0,0,1
5.0,2022-01-31,재밌게 봤어요,재밌다,7,2,2022,1,0,positive,0,0,0,0,0,0,0,0,0,0,0,0,0,0,0,0,0,0,0,0,0,0,0,0,0,1,0,0,0,0
5.0,2022-01-27,피식피식 웃기도 눈물이 그렁그렁 해지기도 하는 내용들에 책을 좋아하지 않는 나도 완독에 성공,웃기 눈물 해지 기도 내용 좋아하다 나다 완독 성공,51,13,2022,1,3,positive,0,0,0,0,0,1,0,0,0,0,0,0,0,0,0,0,0,0,0,0,0,0,0,0,0,0,0,0,0,0
5.0,2022-01-26,꿈이라는  소재로  재미.감동.공감 모든걸 느꼈고 너무 신선하고 재밌게 봤어요!,꿈 소재 재미 감동 공감 걸 신선하다 재밌다,44,9,2022,1,2,positive,0,0,1,0,0,0,0,0,0,0,0,0,0,0,0,0,1,0,1,0,0,0,0,1,0,1,0,0,0,0
5.0,2022-01-21,신선한소재..하지만너무가볍지많은않은....,신선하다 소재 가볍다 많다,23,1,2022,1,4,positive,0,1,0,0,0,0,0,0,0,0,0,0,0,0,0,0,1,0,1,0,0,0,0,0,0,0,0,0,0,0
5.0,2022-01-21,굿,굿,1,1,2022,1,4,positive,0,0,0,0,0,0,0,0,0,0,0,0,0,0,0,0,0,0,0,0,0,0,0,0,0,0,0,0,0,0
5.0,2022-01-14,굿~~,굿,3,1,2022,1,4,positive,0,0,0,0,0,0,0,0,0,0,0,0,0,0,0,0,0,0,0,0,0,0,0,0,0,0,0,0,0,0
5.0,2022-01-12,나도 꿈 사고싶다,나다 꿈 사다,9,3,2022,1,2,positive,0,0,0,0,0,0,0,0,0,0,0,0,0,0,0,0,0,0,0,0,0,0,0,0,0,0,0,0,0,0
5.0,2022-01-11,소문난 책이라 읽었는데 재미있어요,소문나다 재미있다,18,4,2022,1,1,positive,0,0,0,0,0,0,0,0,0,0,0,0,0,0,0,0,0,0,0,0,0,0,0,0,1,0,0,0,0,0
5.0,2022-01-10,순수해지는 시간을 준 책입니다,순수하다 시간 준,16,4,2022,1,0,positive,0,0,0,0,0,0,0,0,0,0,0,0,0,0,0,0,0,1,0,0,0,0,0,0,0,0,0,0,0,0
5.0,2022-01-07,요즘따라 어떤 책을 읽어도 완독하기  힘들었는데 완벽하게 완독했습니다 너무 재밌게 잘 봤어요,요즘 따르다 어떻다 완독 힘들다 완벽하다 완독 재밌다 자다,51,12,2022,1,4,positive,0,0,0,0,0,0,0,0,0,0,0,0,0,0,0,0,0,0,0,0,0,0,1,0,0,1,0,0,0,0
5.0,2022-01-07,재밌게 읽었어요,재밌다,8,2,2022,1,4,positive,0,0,0,0,0,0,0,0,0,0,0,0,0,0,0,0,0,0,0,0,0,0,0,0,0,1,0,0,0,0
5.0,2022-01-06,재밌게 질읽었습니다,재밌다 질,10,2,2022,1,3,positive,0,0,0,0,0,0,0,0,0,0,0,0,0,0,0,0,0,0,0,0,0,0,0,0,0,1,0,0,0,0
5.0,2021-12-30,마음이 몽글몽글해지는,마음 몽글몽글하다,11,2,2021,12,3,positive,0,0,0,0,0,0,0,0,1,0,0,0,0,0,0,0,0,0,0,0,0,0,0,0,0,0,0,0,0,0
5.0,2021-12-30,재미있어요 상상력이 대단해요,재미있다 상상력 대단하다,15,3,2021,12,3,positive,0,0,0,0,0,0,0,0,0,0,0,0,1,0,0,0,0,0,0,0,0,0,0,0,1,0,0,0,0,0
5.0,2021-12-12,너무나도 따뜻한 이야기에요,따뜻하다 이야기,14,3,2021,12,6,positive,0,0,0,0,0,0,0,1,0,0,0,0,0,0,0,0,0,0,0,0,1,0,0,0,0,0,0,0,0,0
5.0,2021-12-03,꿈,꿈,1,1,2021,12,4,positive,0,0,0,0,0,0,0,0,0,0,0,0,0,0,0,0,0,0,0,0,0,0,0,0,0,0,0,0,0,0
5.0,2021-11-25,재밌게 읽어서 2권도 구매했어요,재밌다 2 권,17,4,2021,11,3,positive,0,0,0,0,0,0,0,0,0,0,0,0,0,0,0,0,0,0,0,0,0,0,0,0,0,1,0,0,0,0
5.0,2021-11-14,저도 꿈을. 자주 꾸고 즐기는 편인데 저런 세계가 있다면. 좋겠어요,꿈 자주 꾸다 즐기다 편 저런 세계 좋다,37,10,2021,11,6,positive,0,0,0,0,1,0,0,0,0,0,0,0,0,0,0,0,0,0,0,0,0,0,0,0,0,0,1,0,0,0
5.0,2021-11-13,동화같고 푸근한 분위기가 너무 좋아요!,동화 푸근하다 분위기 좋다,21,5,2021,11,5,positive,0,0,0,0,0,0,1,0,0,0,0,0,0,0,0,0,0,0,0,0,0,0,0,0,0,0,1,0,0,0
5.0,2021-11-12,엄청난 소설,엄청나다 소설,6,2,2021,11,4,positive,0,0,0,0,0,0,0,0,0,0,0,0,0,0,0,1,0,0,0,0,0,0,0,0,0,0,0,0,0,0
5.0,2021-10-30,세시간도 안돼 다 읽었어요 2권도 사러 갑니다,시간 돼다 2 권 사르다 가다,25,7,2021,10,5,positive,1,0,0,0,0,0,0,0,0,0,0,0,0,0,0,0,0,1,0,0,0,0,0,0,0,0,0,0,0,0
5.0,2021-10-29,꿈의세계를 잘 표현한책,꿈 세계 자다,12,3,2021,10,4,positive,0,0,0,0,0,0,0,0,0,0,0,0,0,0,0,0,0,0,0,0,0,0,1,0,0,0,0,0,0,0
5.0,2021-10-28,꿀잼이에요 강추!!마음이 따뜻해지는 이야기들이에요,꿀잼 강추 마음 따뜻하다 이야기,27,4,2021,10,3,positive,0,0,0,0,0,0,0,1,1,0,0,0,0,0,0,0,0,0,0,0,1,0,0,0,0,0,0,0,0,0
5.0,2021-10-27,완전 재미가 있어요 한번씯 읽어 보는거 추천합니다,완전 재미 한번 씯 추천,27,7,2021,10,2,positive,0,0,0,0,0,0,0,0,0,0,0,0,0,0,0,0,0,0,0,0,0,0,0,1,0,0,0,0,1,0
5.0,2021-10-20,재미있어요.,재미있다,6,1,2021,10,2,positive,0,0,0,0,0,0,0,0,0,0,0,0,0,0,0,0,0,0,0,0,0,0,0,0,1,0,0,0,0,0
5.0,2021-10-17,흥미진진하고 감동적인 이야기예요.,흥미진진 감동 이야기,18,3,2021,10,6,positive,0,0,1,0,0,0,0,0,0,0,0,0,0,0,0,0,0,0,0,0,1,0,0,0,0,0,0,0,0,0
5.0,2021-10-14,창의성이 뛰어난 작품입니다. 웃기도하고 울기도하며 재밌게 읽었습니다.,창의성 뛰어나다 작품 웃기 도하 기도 재밌다,38,7,2021,10,3,positive,0,0,0,0,0,0,0,0,0,0,0,0,0,0,0,0,0,0,0,0,0,0,0,0,0,1,0,0,0,0
5.0,2021-10-08,너무 재밌습니다!!!,재밌다,11,2,2021,10,4,positive,0,0,0,0,0,0,0,0,0,0,0,0,0,0,0,0,0,0,0,0,0,0,0,0,0,1,0,0,0,0
5.0,2021-10-07,가벼운 마음으로 읽기 좋은 책.,가볍다 마음 좋다,17,5,2021,10,3,positive,0,1,0,0,0,0,0,0,1,0,0,0,0,0,0,0,0,0,0,0,0,0,0,0,0,0,1,0,0,0
5.0,2021-10-06,가볍게 읽기 좋다,가볍다 좋다,9,3,2021,10,2,positive,0,1,0,0,0,0,0,0,0,0,0,0,0,0,0,0,0,0,0,0,0,0,0,0,0,0,1,0,0,0
5.0,2021-10-03,현실이 녹아든 픽션이 마음에 들었어요.,현실 녹다 픽션 마음,21,5,2021,10,6,positive,0,0,0,0,0,0,0,0,1,0,0,0,0,0,0,0,0,0,0,0,0,0,0,0,0,0,0,0,0,0
5.0,2021-10-03,재밌는 꿈의 세계 좋았어요ㅎㅎ,재밌다 꿈 세계 좋다,16,4,2021,10,6,positive,0,0,0,0,0,0,0,0,0,0,0,0,0,0,0,0,0,0,0,0,0,0,0,0,0,1,1,0,0,0
5.0,2021-10-01,재밌어요!,재밌다,5,1,2021,10,4,positive,0,0,0,0,0,0,0,0,0,0,0,0,0,0,0,0,0,0,0,0,0,0,0,0,0,1,0,0,0,0
5.0,2021-09-30,일상적인 이야기를 꿈이라는 소재로 풀어써서 재밌었습니다.,일상 이야기 꿈 소재 풀다 써다 재밌다,31,6,2021,9,3,positive,0,0,0,0,0,0,0,0,0,0,0,0,0,0,0,0,1,0,0,0,1,0,0,0,0,1,0,0,0,0
5.0,2021-09-28,좋은책,좋다,3,1,2021,9,1,positive,0,0,0,0,0,0,0,0,0,0,0,0,0,0,0,0,0,0,0,0,0,0,0,0,0,0,1,0,0,0
5.0,2021-09-22,따뜻하고 소소한 행복을 느낄 수 있는 어른을 위한 동화,따뜻하다 소소하다 행복 어른 위 동화,30,9,2021,9,2,positive,0,0,0,0,0,0,1,1,0,0,0,0,0,0,0,0,0,0,0,0,0,0,0,0,0,0,0,0,0,0
5.0,2021-09-21,베개와 이불을 세탁하고 보송보송한 상태로 자러가고 싶게 만드는 책,베개 이불 세탁 보송보송하다 상태 자다 만들다,36,9,2021,9,1,positive,0,0,0,0,0,0,0,0,0,0,0,0,0,0,0,0,0,0,0,0,0,0,1,0,0,0,0,0,0,0
5.0,2021-09-20,술술 읽히는 마음이 따뜻해지는 책,술술 읽히다 마음 따뜻하다,18,5,2021,9,0,positive,0,0,0,0,0,0,0,1,1,0,0,0,0,0,0,0,0,0,0,0,0,1,0,0,0,0,0,0,0,0
5.0,2021-09-19,굿,굿,1,1,2021,9,6,positive,0,0,0,0,0,0,0,0,0,0,0,0,0,0,0,0,0,0,0,0,0,0,0,0,0,0,0,0,0,0
5.0,2021-09-15,감동적,감동,3,1,2021,9,2,positive,0,0,1,0,0,0,0,0,0,0,0,0,0,0,0,0,0,0,0,0,0,0,0,0,0,0,0,0,0,0
5.0,2021-09-15,마음의 위로가 필요한날엔 언제든 꺼내어 보고싶은 책입니다,마음 위로 필요하다 날 언제 꺼내다,31,7,2021,9,2,positive,0,0,0,0,0,0,0,0,1,0,0,0,0,0,0,0,0,0,0,0,0,0,0,0,0,0,0,0,0,0
5.0,2021-09-15,상황을 머릿속에 그려가며  재미있게 읽었어요.,상황 머릿속 그리다 재미있다,25,5,2021,9,2,positive,0,0,0,0,0,0,0,0,0,0,0,0,0,0,0,0,0,0,0,0,0,0,0,0,1,0,0,0,0,0
5.0,2021-09-13,자기 전 마음 편하게 읽기 너무 좋네요,자기 전 마음 편하다 좋다,21,7,2021,9,0,positive,0,0,0,0,0,0,0,0,1,0,0,0,0,0,0,0,0,0,0,0,0,0,0,0,0,0,1,0,0,0
5.0,2021-09-13,오~ 재밌어요,오 재밌다,7,2,2021,9,0,positive,0,0,0,0,0,0,0,0,0,0,0,0,0,0,0,0,0,0,0,0,0,0,0,0,0,1,0,0,0,0
5.0,2021-09-12,생각보다 재미있네요,생각 재미있다,10,2,2021,9,6,positive,0,0,0,0,0,0,0,0,0,0,0,0,0,1,0,0,0,0,0,0,0,0,0,0,1,0,0,0,0,0
5.0,2021-09-05,'꿈을 꾼다'는 신기한 경험을 색다르게 풀어낸 것이 인상적이다.,꿈 꾸다 신기하다 경험 색다르다 풀다 내다 인상,35,8,2021,9,6,positive,0,0,0,0,1,0,0,0,0,0,0,0,0,0,0,0,0,0,0,0,0,0,0,0,0,0,0,0,0,0
5.0,2021-09-05,재밌다. 외국소설인 줄 알았는데 우리나라 작가가 쓴 한국 소설인 걸 알고 놀라웠다,재밌다 외국 소설 줄 알다 우리나라 작가 쓸다 한국 소설 걸 알 놀랍다,45,12,2021,9,6,positive,0,0,0,0,0,0,0,0,0,0,0,0,0,0,0,2,0,0,0,0,0,0,0,0,0,1,0,0,0,0
5.0,2021-08-31,잠자기전 읽기 좋아요,잠자다 좋다,11,3,2021,8,1,positive,0,0,0,0,0,0,0,0,0,0,0,0,0,0,0,0,0,0,0,0,0,0,0,0,0,0,1,0,0,0
5.0,2021-08-29,정말 영화로도 만들어진다면 어떨지 궁금해요. 너무 재밌어요. 좋은 글 써주셔서 감사합니다.,영화로 만들어지다 어떻다 궁금하다 재밌다 좋다 글 써주다 감사하다,50,11,2021,8,6,positive,0,0,0,0,0,0,0,0,0,0,0,0,0,0,0,0,0,0,0,0,0,0,0,0,0,1,1,0,0,0
5.0,2021-08-27,재밌고 감동적인 소설이에요,재밌다 감동 소설,14,3,2021,8,4,positive,0,0,1,0,0,0,0,0,0,0,0,0,0,0,0,1,0,0,0,0,0,0,0,0,0,1,0,0,0,0
5.0,2021-08-26,재미있어요,재미있다,5,1,2021,8,3,positive,0,0,0,0,0,0,0,0,0,0,0,0,0,0,0,0,0,0,0,0,0,0,0,0,1,0,0,0,0,0
